#VRML V2.0 utf8
DEF TXFM_1 Transform {
  center 0 0 0
  rotation 0 0 1 0
  scale 2.54 2.54 2.54
  scaleOrientation 0 0 1 0
  translation 0 0 0
 children [
DEF TXFM_2 Transform {
  center 0 0 0
  rotation 0 0.70710678 0.70710678 3.1415927
  scale 1 1 1
  scaleOrientation 0 0 1 0
  translation 5.1181102 2.9724409 0.31496063
 children [
DEF TXFM_3 Transform {
  center 0 0 0
  rotation 0 0 1 0
  scale 1 1 1
  scaleOrientation 0 0 1 0
  translation 0 0 0
 children [
DEF TXFM_4 Transform {
  center 0 0 0
  rotation 0 0 1 0
  scale 1 1 1
  scaleOrientation 0 0 1 0
  translation 0 0 0
 children [
DEF TXFM_5 Transform {
  center 0 0 0
  rotation 0 0 1 0
  scale 1 1 1
  scaleOrientation 0 0 1 0
  translation 0 0 0
 children [
DEF SHAPE_1 Shape {
 appearance DEF APP_1 Appearance {
  material Material {
   ambientIntensity 0.10625
   diffuseColor 0.94117647 0.94117647 0.94117647
   emissiveColor 0 0 0
   shininess 0.1
   specularColor 0.12 0.12 0.12
   transparency 0
} }
 geometry DEF FACE_1 IndexedFaceSet {
  coord DEF COORD_1 Coordinate { point [
  0.30314961 0.011811024 0.31496063,0.30314961 0.011811024 0,
  0.30314961 0.16535433 0.31496063,0.30314961 0.16535433 0] }
 coordIndex [
  2,0,1,-1,2,1,3,-1]
  normalPerVertex TRUE
  normal DEF NORM_1 Normal { vector [
  1 0 0,1 0 0,
  1 0 0,1 0 0] }
}
}
DEF SHAPE_2 Shape {
 appearance USE APP_1
 geometry DEF FACE_2 IndexedFaceSet {
  coord DEF COORD_2 Coordinate { point [
  0.30314961 0.16535433 0.31496063,0.30314961 0.16535433 0,
  -0.30314961 0.16535433 0.31496063,-0.30314961 0.16535433 0] }
 coordIndex [
  1,2,0,-1,1,3,2,-1]
  normalPerVertex TRUE
  normal DEF NORM_2 Normal { vector [
  0 1 0,0 1 0,
  0 1 0,0 1 0] }
}
}
DEF SHAPE_3 Shape {
 appearance USE APP_1
 geometry DEF FACE_3 IndexedFaceSet {
  coord DEF COORD_3 Coordinate { point [
  -0.30314961 0.16535433 0.31496063,-0.30314961 0.16535433 0,
  -0.30314961 0.011811024 0.31496063,-0.30314961 0.011811024 0] }
 coordIndex [
  1,2,0,-1,1,3,2,-1]
  normalPerVertex TRUE
  normal DEF NORM_3 Normal { vector [
  -1 0 0,-1 0 0,
  -1 0 0,-1 0 0] }
}
}
DEF SHAPE_4 Shape {
 appearance USE APP_1
 geometry DEF FACE_4 IndexedFaceSet {
  coord DEF COORD_4 Coordinate { point [
  -0.30314961 0.011811024 0.31496063,-0.30314961 0.011811024 0,
  0.30314961 0.011811024 0.31496063,0.30314961 0.011811024 0] }
 coordIndex [
  2,0,1,-1,2,1,3,-1]
  normalPerVertex TRUE
  normal DEF NORM_4 Normal { vector [
  0 -1 0,0 -1 0,
  0 -1 0,0 -1 0] }
}
}
DEF SHAPE_5 Shape {
 appearance USE APP_1
 geometry DEF FACE_5 IndexedFaceSet {
  coord DEF COORD_5 Coordinate { point [
  0.30314961 0.011811024 0.31496063,0.30314961 0.16535433 0.31496063,
  -0.30314961 0.16535433 0.31496063,-0.30314961 0.011811024 0.31496063] }
 coordIndex [
  1,2,3,-1,1,3,0,-1]
  normalPerVertex TRUE
  normal DEF NORM_5 Normal { vector [
  0 0 1,0 0 1,
  0 0 1,0 0 1] }
}
}
DEF SHAPE_6 Shape {
 appearance USE APP_1
 geometry DEF FACE_6 IndexedFaceSet {
  coord DEF COORD_6 Coordinate { point [
  0.30314961 0.16535433 0,-0.30314961 0.16535433 0,
  -0.30314961 0.011811024 0,0.30314961 0.011811024 0] }
 coordIndex [
  0,2,1,-1,0,3,2,-1]
  normalPerVertex TRUE
  normal DEF NORM_6 Normal { vector [
  0 0 -1,0 0 -1,
  0 0 -1,0 0 -1] }
}
}
] }
DEF TXFM_6 Transform {
  center 0 0 0
  rotation 0 0 1 0
  scale 1 1 1
  scaleOrientation 0 0 1 0
  translation 0 0 0
 children [
DEF SHAPE_7 Shape {
 appearance DEF APP_2 Appearance {
  material Material {
   ambientIntensity 0.39843753
   diffuseColor 0.25098038 0.25098038 0.25098038
   emissiveColor 0 0 0
   shininess 0.1
   specularColor 0.12 0.12 0.12
   transparency 0
} }
 geometry DEF FACE_7 IndexedFaceSet {
  coord DEF COORD_7 Coordinate { point [
  0.19685039 0.17716535 0.23622047,0.19685039 0.17716535 0.31496063,
  -0.19685039 0.17716535 0.31496063,-0.19685039 0.17716535 0.23622047,
  -0.19685039 0.17716535 0.078740157,-0.19685039 0.17716535 0,
  0.19685039 0.17716535 0,0.19685039 0.17716535 0.078740157,
  -0.13988236 0.17716535 0.078740157,-0.10051229 0.17716535 0.078740157,
  -0.15150365 0.17716535 0.090361446,-0.14793336 0.17716535 0.082012921,
  -0.15150365 0.17716535 0.22459918,-0.13988236 0.17716535 0.23622047,
  -0.1480125 0.17716535 0.23289526,-0.10051229 0.17716535 0.23622047,
  -0.088890997 0.17716535 0.22459918,-0.092389426 0.17716535 0.23284183,
  -0.088890997 0.17716535 0.090361446,-0.092479731 0.17716535 0.082055992,
  -0.056825728 0.17716535 0.14894223,-0.021013187 0.17716535 0.14894223,
  -0.056825728 0.17716535 0.090124277,-0.022673371 0.17716535 0.090124277,
  -0.022673371 0.17716535 0.12427663,-0.0093918983 0.17716535 0.12427663,
  -0.0093918983 0.17716535 0.090361446,-0.021398586 0.17716535 0.078740157,
  -0.013136783 0.17716535 0.081964168,-0.058485912 0.17716535 0.078740157,
  -0.0701072 0.17716535 0.090361446,-0.066536908 0.17716535 0.082012921,
  -0.0701072 0.17716535 0.22459918,-0.058485912 0.17716535 0.23622047,
  -0.066616049 0.17716535 0.23289526,-0.021013187 0.17716535 0.23622047,
  -0.0093918983 0.17716535 0.22459918,-0.012939772 0.17716535 0.23295391,
  -0.0093918983 0.17716535 0.16056351,-0.012667352 0.17716535 0.15224761,
  0.021013187 0.17716535 0.078740157,0.060383265 0.17716535 0.078740157,
  0.0093918983 0.17716535 0.090361446,0.01296219 0.17716535 0.082012921,
  0.0093918983 0.17716535 0.22459918,0.021013187 0.17716535 0.23622047,
  0.012883049 0.17716535 0.23289526,0.060383265 0.17716535 0.23622047,
  0.072004554 0.17716535 0.22459918,0.068506124 0.17716535 0.23284183,
  0.072004554 0.17716535 0.090361446,0.06841582 0.17716535 0.082055992,
  0.12683806 0.17716535 0.15368561,0.14554478 0.17716535 0.1667892,
  0.1453669 0.17716535 0.14058201,0.15132578 0.17716535 0.12887179,
  0.14982417 0.17716535 0.13558023,0.15132578 0.17716535 0.090361446,
  0.13967484 0.17716535 0.078740157,0.14779606 0.17716535 0.082206945,
  0.10258752 0.17716535 0.078740157,0.090995873 0.17716535 0.090361446,
  0.094360827 0.17716535 0.082222612,0.090995873 0.17716535 0.12617399,
  0.10427735 0.17716535 0.12617399,0.10427735 0.17716535 0.090124277,
  0.13801466 0.17716535 0.090124277,0.13801466 0.17716535 0.13174746,
  0.10976188 0.17716535 0.15217366,0.10976188 0.17716535 0.1552865,
  0.13822218 0.17716535 0.17597951,0.13822218 0.17716535 0.22483635,
  0.10406982 0.17716535 0.22483635,0.10406982 0.17716535 0.18499194,
  0.09078835 0.17716535 0.18499194,0.09078835 0.17716535 0.22459918,
  0.10240964 0.17716535 0.23622047,0.094113564 0.17716535 0.23272932,
  0.13988236 0.17716535 0.23622047,0.15150365 0.17716535 0.22459918,
  0.14808632 0.17716535 0.23267155,0.15150365 0.17716535 0.17867731,
  0.15007674 0.17716535 0.17190835] }
 coordIndex [
  14,3,2,-1,13,14,2,-1,12,3,14,-1,15,13,2,-1,34,16,17,-1,34,17,15,-1,33,34,15,-1,33,15,2,-1,
  32,16,34,-1,35,33,2,-1,10,4,3,-1,10,3,12,-1,11,4,10,-1,46,36,37,-1,44,36,46,-1,45,46,37,-1,
  45,37,35,-1,5,11,8,-1,5,4,11,-1,9,5,8,-1,38,36,44,-1,31,9,19,-1,31,19,18,-1,31,18,30,-1,
  24,20,21,-1,22,20,24,-1,77,48,49,-1,29,5,9,-1,29,9,31,-1,76,49,47,-1,76,77,49,-1,75,48,77,-1,
  25,21,39,-1,25,39,38,-1,25,24,21,-1,1,35,2,-1,1,45,35,-1,1,47,45,-1,1,76,47,-1,23,22,24,-1,
  27,5,29,-1,78,76,1,-1,74,48,75,-1,80,78,1,-1,42,26,25,-1,73,72,71,-1,43,28,26,-1,43,26,42,-1,
  40,27,28,-1,40,5,27,-1,40,28,43,-1,69,74,73,-1,0,79,80,-1,0,80,1,-1,70,69,73,-1,70,73,71,-1,
  63,74,69,-1,63,69,68,-1,81,79,0,-1,64,63,68,-1,61,50,63,-1,54,52,53,-1,62,50,61,-1,62,51,50,-1,
  56,54,53,-1,56,53,82,-1,60,51,62,-1,60,41,51,-1,66,64,67,-1,66,65,64,-1,7,56,82,-1,7,55,56,-1,
  7,57,55,-1,7,59,57,-1,7,82,81,-1,7,81,0,-1,6,5,40,-1,6,59,7,-1,6,41,60,-1,6,40,41,-1,
  6,58,59,-1,6,60,58,-1,30,16,32,-1,30,18,16,-1,42,38,44,-1,42,25,38,-1,48,74,50,-1,74,63,50,-1,
  67,64,68,-1]
  normalPerVertex TRUE
  normal DEF NORM_7 Normal { vector [
  0 1 0,0 1 0,
  0 1 0,0 1 0,
  0 1 0,0 1 0,
  0 1 0,0 1 0,
  0 1 0,0 1 0,
  0 1 0,0 1 0,
  0 1 0,0 1 0,
  0 1 0,0 1 0,
  0 1 0,0 1 0,
  0 1 0,0 1 0,
  0 1 0,0 1 0,
  0 1 0,0 1 0,
  0 1 0,0 1 0,
  0 1 0,0 1 0,
  0 1 0,0 1 0,
  0 1 0,0 1 0,
  0 1 0,0 1 0,
  0 1 0,0 1 0,
  0 1 0,0 1 0,
  0 1 0,0 1 0,
  0 1 0,0 1 0,
  0 1 0,0 1 0,
  0 1 0,0 1 0,
  0 1 0,0 1 0,
  0 1 0,0 1 0,
  0 1 0,0 1 0,
  0 1 0,0 1 0,
  0 1 0,0 1 0,
  0 1 0,0 1 0,
  0 1 0,0 1 0,
  0 1 0,0 1 0,
  0 1 0,0 1 0,
  0 1 0,0 1 0,
  0 1 0,0 1 0,
  0 1 0,0 1 0,
  0 1 0,0 1 0,
  0 1 0,0 1 0,
  0 1 0,0 1 0,
  0 1 0,0 1 0,
  0 1 0,0 1 0,
  0 1 0,0 1 0,
  0 1 0] }
}
}
DEF SHAPE_8 Shape {
 appearance DEF APP_3 Appearance {
  material Material {
   ambientIntensity 0.1328125
   diffuseColor 0.75294119 0.75294119 0.75294119
   emissiveColor 0 0 0
   shininess 0.1
   specularColor 0.12 0.12 0.12
   transparency 0
} }
 geometry DEF FACE_8 IndexedFaceSet {
  coord DEF COORD_8 Coordinate { point [
  -0.19685039 0.17716535 0.23622047,-0.27559055 0.17716535 0.23622047,
  -0.27559055 0.17716535 0.31496063,-0.31496063 0.17716535 0.31496063,
  -0.31496063 0.17716535 0,-0.27559055 0.17716535 0,
  -0.27559055 0.17716535 0.078740157,-0.19685039 0.17716535 0.078740157] }
 coordIndex [
  1,3,2,-1,4,3,1,-1,4,1,6,-1,7,1,0,-1,7,6,1,-1,5,4,6,-1]
  normalPerVertex TRUE
  normal DEF NORM_8 Normal { vector [
  0 1 0,0 1 0,
  0 1 0,0 1 0,
  0 1 0,0 1 0,
  0 1 0,0 1 0] }
}
}
DEF SHAPE_9 Shape {
 appearance DEF APP_4 Appearance {
  material Material {
   ambientIntensity 0.1
   diffuseColor 1 1 1
   emissiveColor 0 0 0
   shininess 0.1
   specularColor 0.12 0.12 0.12
   transparency 0
} }
 geometry DEF FACE_9 IndexedFaceSet {
  coord DEF COORD_9 Coordinate { point [
  0.15150365 0.17716535 0.22459918,0.14808632 0.17716535 0.23267155,
  0.13988236 0.17716535 0.23622047,0.10240964 0.17716535 0.23622047,
  0.094113564 0.17716535 0.23272932,0.09078835 0.17716535 0.22459918,
  0.09078835 0.17716535 0.18499194,0.10406982 0.17716535 0.18499194,
  0.10406982 0.17716535 0.22483635,0.13822218 0.17716535 0.22483635,
  0.13822218 0.17716535 0.17597951,0.10976188 0.17716535 0.1552865,
  0.10976188 0.17716535 0.15217366,0.13801466 0.17716535 0.13174746,
  0.13801466 0.17716535 0.090124277,0.10427735 0.17716535 0.090124277,
  0.10427735 0.17716535 0.12617399,0.090995873 0.17716535 0.12617399,
  0.090995873 0.17716535 0.090361446,0.094360827 0.17716535 0.082222612,
  0.10258752 0.17716535 0.078740157,0.13967484 0.17716535 0.078740157,
  0.14779606 0.17716535 0.082206945,0.15132578 0.17716535 0.090361446,
  0.15132578 0.17716535 0.12887179,0.14982417 0.17716535 0.13558023,
  0.1453669 0.17716535 0.14058201,0.12683806 0.17716535 0.15368561,
  0.14554478 0.17716535 0.1667892,0.15007674 0.17716535 0.17190835,
  0.15150365 0.17716535 0.17867731] }
 coordIndex [
  8,4,3,-1,8,5,4,-1,9,3,2,-1,9,8,3,-1,1,9,2,-1,7,6,5,-1,7,5,8,-1,0,9,1,-1,
  30,10,9,-1,30,9,0,-1,27,11,10,-1,27,12,11,-1,29,10,30,-1,28,27,10,-1,28,10,29,-1,18,17,16,-1,
  13,27,26,-1,15,19,18,-1,15,18,16,-1,25,13,26,-1,24,13,25,-1,20,19,15,-1,14,13,24,-1,21,15,14,-1,
  21,20,15,-1,23,14,24,-1,22,21,14,-1,22,14,23,-1,12,27,13,-1]
  normalPerVertex TRUE
  normal DEF NORM_9 Normal { vector [
  0 1 0,0 1 0,
  0 1 0,0 1 0,
  0 1 0,0 1 0,
  0 1 0,0 1 0,
  0 1 0,0 1 0,
  0 1 0,0 1 0,
  0 1 0,0 1 0,
  0 1 0,0 1 0,
  0 1 0,0 1 0,
  0 1 0,0 1 0,
  0 1 0,0 1 0,
  0 1 0,0 1 0,
  0 1 0,0 1 0,
  0 1 0,0 1 0,
  0 1 0,0 1 0,
  0 1 0] }
}
}
DEF SHAPE_10 Shape {
 appearance USE APP_4
 geometry DEF FACE_10 IndexedFaceSet {
  coord DEF COORD_10 Coordinate { point [
  0.072004554 0.17716535 0.22459918,0.068506124 0.17716535 0.23284183,
  0.060383265 0.17716535 0.23622047,0.021013187 0.17716535 0.23622047,
  0.012883049 0.17716535 0.23289526,0.0093918983 0.17716535 0.22459918,
  0.0093918983 0.17716535 0.090361446,0.01296219 0.17716535 0.082012921,
  0.021013187 0.17716535 0.078740157,0.060383265 0.17716535 0.078740157,
  0.06841582 0.17716535 0.082055992,0.072004554 0.17716535 0.090361446,
  0.058723081 0.17716535 0.22483635,0.058723081 0.17716535 0.090124277,
  0.022673371 0.17716535 0.090124277,0.022673371 0.17716535 0.22483635] }
 coordIndex [
  15,4,3,-1,15,5,4,-1,12,3,2,-1,12,15,3,-1,1,12,2,-1,0,12,1,-1,14,6,5,-1,14,7,6,-1,
  14,5,15,-1,8,7,14,-1,9,14,13,-1,9,8,14,-1,11,13,12,-1,11,12,0,-1,10,9,13,-1,10,13,11,-1]
  normalPerVertex TRUE
  normal DEF NORM_10 Normal { vector [
  0 1 0,0 1 0,
  0 1 0,0 1 0,
  0 1 0,0 1 0,
  0 1 0,0 1 0,
  0 1 0,0 1 0,
  0 1 0,0 1 0,
  0 1 0,0 1 0,
  0 1 0,0 1 0] }
}
}
DEF SHAPE_11 Shape {
 appearance USE APP_2
 geometry DEF FACE_11 IndexedFaceSet {
  coord DEF COORD_11 Coordinate { point [
  0.058723081 0.17716535 0.090124277,0.022673371 0.17716535 0.090124277,
  0.058723081 0.17716535 0.22483635,0.022673371 0.17716535 0.22483635] }
 coordIndex [
  0,3,2,-1,0,1,3,-1]
  normalPerVertex TRUE
  normal DEF NORM_11 Normal { vector [
  0 1 0,0 1 0,
  0 1 0,0 1 0] }
}
}
DEF SHAPE_12 Shape {
 appearance USE APP_4
 geometry DEF FACE_12 IndexedFaceSet {
  coord DEF COORD_12 Coordinate { point [
  -0.0093918983 0.17716535 0.22459918,-0.012939772 0.17716535 0.23295391,
  -0.021013187 0.17716535 0.23622047,-0.058485912 0.17716535 0.23622047,
  -0.066616049 0.17716535 0.23289526,-0.0701072 0.17716535 0.22459918,
  -0.0701072 0.17716535 0.090361446,-0.066536908 0.17716535 0.082012921,
  -0.058485912 0.17716535 0.078740157,-0.021398586 0.17716535 0.078740157,
  -0.013136783 0.17716535 0.081964168,-0.0093918983 0.17716535 0.090361446,
  -0.0093918983 0.17716535 0.12427663,-0.022673371 0.17716535 0.12427663,
  -0.022673371 0.17716535 0.090124277,-0.056825728 0.17716535 0.090124277,
  -0.056825728 0.17716535 0.14894223,-0.021013187 0.17716535 0.14894223,
  -0.012667352 0.17716535 0.15224761,-0.0093918983 0.17716535 0.16056351,
  -0.022673371 0.17716535 0.22483635,-0.022673371 0.17716535 0.16032634,
  -0.056825728 0.17716535 0.16032634,-0.056825728 0.17716535 0.22483635] }
 coordIndex [
  23,4,3,-1,23,5,4,-1,20,3,2,-1,20,23,3,-1,1,20,2,-1,0,20,1,-1,22,5,23,-1,21,16,22,-1,
  17,16,21,-1,19,21,20,-1,19,20,0,-1,18,21,19,-1,18,17,21,-1,6,5,22,-1,6,22,16,-1,15,7,6,-1,
  15,6,16,-1,8,7,15,-1,9,15,14,-1,9,8,15,-1,11,13,12,-1,11,14,13,-1,10,9,14,-1,10,14,11,-1]
  normalPerVertex TRUE
  normal DEF NORM_12 Normal { vector [
  0 1 0,0 1 0,
  0 1 0,0 1 0,
  0 1 0,0 1 0,
  0 1 0,0 1 0,
  0 1 0,0 1 0,
  0 1 0,0 1 0,
  0 1 0,0 1 0,
  0 1 0,0 1 0,
  0 1 0,0 1 0,
  0 1 0,0 1 0,
  0 1 0,0 1 0,
  0 1 0,0 1 0] }
}
}
DEF SHAPE_13 Shape {
 appearance USE APP_2
 geometry DEF FACE_13 IndexedFaceSet {
  coord DEF COORD_13 Coordinate { point [
  -0.022673371 0.17716535 0.16032634,-0.056825728 0.17716535 0.16032634,
  -0.022673371 0.17716535 0.22483635,-0.056825728 0.17716535 0.22483635] }
 coordIndex [
  0,3,2,-1,0,1,3,-1]
  normalPerVertex TRUE
  normal DEF NORM_13 Normal { vector [
  0 1 0,0 1 0,
  0 1 0,0 1 0] }
}
}
DEF SHAPE_14 Shape {
 appearance USE APP_4
 geometry DEF FACE_14 IndexedFaceSet {
  coord DEF COORD_14 Coordinate { point [
  -0.088890997 0.17716535 0.22459918,-0.092389426 0.17716535 0.23284183,
  -0.10051229 0.17716535 0.23622047,-0.13988236 0.17716535 0.23622047,
  -0.1480125 0.17716535 0.23289526,-0.15150365 0.17716535 0.22459918,
  -0.15150365 0.17716535 0.090361446,-0.14793336 0.17716535 0.082012921,
  -0.13988236 0.17716535 0.078740157,-0.10051229 0.17716535 0.078740157,
  -0.092479731 0.17716535 0.082055992,-0.088890997 0.17716535 0.090361446,
  -0.10217247 0.17716535 0.22483635,-0.10217247 0.17716535 0.090124277,
  -0.13822218 0.17716535 0.090124277,-0.13822218 0.17716535 0.22483635] }
 coordIndex [
  15,4,3,-1,15,5,4,-1,12,3,2,-1,12,15,3,-1,1,12,2,-1,0,12,1,-1,14,6,5,-1,14,7,6,-1,
  14,5,15,-1,8,7,14,-1,9,14,13,-1,9,8,14,-1,11,13,12,-1,11,12,0,-1,10,9,13,-1,10,13,11,-1]
  normalPerVertex TRUE
  normal DEF NORM_14 Normal { vector [
  0 1 0,0 1 0,
  0 1 0,0 1 0,
  0 1 0,0 1 0,
  0 1 0,0 1 0,
  0 1 0,0 1 0,
  0 1 0,0 1 0,
  0 1 0,0 1 0,
  0 1 0,0 1 0] }
}
}
DEF SHAPE_15 Shape {
 appearance USE APP_2
 geometry DEF FACE_15 IndexedFaceSet {
  coord DEF COORD_15 Coordinate { point [
  -0.10217247 0.17716535 0.090124277,-0.13822218 0.17716535 0.090124277,
  -0.10217247 0.17716535 0.22483635,-0.13822218 0.17716535 0.22483635] }
 coordIndex [
  0,3,2,-1,0,1,3,-1]
  normalPerVertex TRUE
  normal DEF NORM_15 Normal { vector [
  0 1 0,0 1 0,
  0 1 0,0 1 0] }
}
}
DEF SHAPE_16 Shape {
 appearance USE APP_2
 geometry DEF FACE_16 IndexedFaceSet {
  coord DEF COORD_16 Coordinate { point [
  0.19685039 0.16535433 0.31496063,0.19685039 0.17716535 0.31496063,
  -0.19685039 0.17716535 0.31496063,-0.19685039 0.16535433 0.31496063] }
 coordIndex [
  1,2,3,-1,1,3,0,-1]
  normalPerVertex TRUE
  normal DEF NORM_16 Normal { vector [
  0 0 1,0 0 1,
  0 0 1,0 0 1] }
}
}
DEF SHAPE_17 Shape {
 appearance USE APP_3
 geometry DEF FACE_17 IndexedFaceSet {
  coord DEF COORD_17 Coordinate { point [
  -0.27559055 0.16535433 0.31496063,-0.27559055 0.17716535 0.31496063,
  -0.31496063 0.17716535 0.31496063,-0.31496063 0 0.31496063,
  -0.19685039 0 0.31496063,-0.19685039 0.011811024 0.31496063,
  -0.30314961 0.011811024 0.31496063,-0.30314961 0.16535433 0.31496063] }
 coordIndex [
  4,6,3,-1,5,6,4,-1,7,2,3,-1,7,3,6,-1,1,7,0,-1,1,2,7,-1]
  normalPerVertex TRUE
  normal DEF NORM_17 Normal { vector [
  0 0 1,0 0 1,
  0 0 1,0 0 1,
  0 0 1,0 0 1,
  0 0 1,0 0 1] }
}
}
DEF SHAPE_18 Shape {
 appearance USE APP_2
 geometry DEF FACE_18 IndexedFaceSet {
  coord DEF COORD_18 Coordinate { point [
  0.19685039 0.16535433 0,0.19685039 0.17716535 0,
  -0.19685039 0.17716535 0,-0.19685039 0.16535433 0] }
 coordIndex [
  1,3,2,-1,1,0,3,-1]
  normalPerVertex TRUE
  normal DEF NORM_18 Normal { vector [
  0 0 -1,0 0 -1,
  0 0 -1,0 0 -1] }
}
}
DEF SHAPE_19 Shape {
 appearance USE APP_3
 geometry DEF FACE_19 IndexedFaceSet {
  coord DEF COORD_19 Coordinate { point [
  0.30314961 0.16535433 0,0.30314961 0.011811024 0,
  0.19685039 0.011811024 0,0.19685039 0 0,
  0.31496063 0 0,0.31496063 0.17716535 0,
  0.27559055 0.17716535 0,0.27559055 0.16535433 0] }
 coordIndex [
  1,3,2,-1,1,4,3,-1,0,7,6,-1,5,1,0,-1,5,4,1,-1,5,0,6,-1]
  normalPerVertex TRUE
  normal DEF NORM_19 Normal { vector [
  0 0 -1,0 0 -1,
  0 0 -1,0 0 -1,
  0 0 -1,0 0 -1,
  0 0 -1,0 0 -1] }
}
}
DEF SHAPE_20 Shape {
 appearance USE APP_3
 geometry DEF FACE_20 IndexedFaceSet {
  coord DEF COORD_20 Coordinate { point [
  -0.31496063 0.17716535 0.31496063,-0.31496063 0.17716535 0,
  -0.31496063 0 0.31496063,-0.31496063 0 0] }
 coordIndex [
  1,2,0,-1,1,3,2,-1]
  normalPerVertex TRUE
  normal DEF NORM_20 Normal { vector [
  -1 0 0,-1 0 0,
  -1 0 0,-1 0 0] }
}
}
DEF SHAPE_21 Shape {
 appearance USE APP_3
 geometry DEF FACE_21 IndexedFaceSet {
  coord DEF COORD_21 Coordinate { point [
  -0.31496063 0 0.31496063,-0.31496063 0 0,
  -0.19685039 0 0.31496063,-0.19685039 0 0] }
 coordIndex [
  0,3,2,-1,0,1,3,-1]
  normalPerVertex TRUE
  normal DEF NORM_21 Normal { vector [
  0 -1 0,0 -1 0,
  0 -1 0,0 -1 0] }
}
}
DEF SHAPE_22 Shape {
 appearance USE APP_3
 geometry DEF FACE_22 IndexedFaceSet {
  coord DEF COORD_22 Coordinate { point [
  -0.19685039 0 0.31496063,-0.19685039 0 0,
  -0.19685039 0.011811024 0.31496063,-0.19685039 0.011811024 0] }
 coordIndex [
  2,0,1,-1,2,1,3,-1]
  normalPerVertex TRUE
  normal DEF NORM_22 Normal { vector [
  1 0 0,1 0 0,
  1 0 0,1 0 0] }
}
}
DEF SHAPE_23 Shape {
 appearance USE APP_1
 geometry DEF FACE_23 IndexedFaceSet {
  coord DEF COORD_23 Coordinate { point [
  -0.19685039 0.011811024 0.31496063,-0.19685039 0.011811024 0,
  -0.30314961 0.011811024 0.31496063,-0.30314961 0.011811024 0] }
 coordIndex [
  1,2,0,-1,1,3,2,-1]
  normalPerVertex TRUE
  normal DEF NORM_23 Normal { vector [
  0 1 0,0 1 0,
  0 1 0,0 1 0] }
}
}
DEF SHAPE_24 Shape {
 appearance USE APP_1
 geometry DEF FACE_24 IndexedFaceSet {
  coord DEF COORD_24 Coordinate { point [
  -0.30314961 0.011811024 0.31496063,-0.30314961 0.011811024 0,
  -0.30314961 0.16535433 0.31496063,-0.30314961 0.16535433 0] }
 coordIndex [
  2,0,1,-1,2,1,3,-1]
  normalPerVertex TRUE
  normal DEF NORM_24 Normal { vector [
  1 0 0,1 0 0,
  1 0 0,1 0 0] }
}
}
DEF SHAPE_25 Shape {
 appearance USE APP_1
 geometry DEF FACE_25 IndexedFaceSet {
  coord DEF COORD_25 Coordinate { point [
  -0.27559055 0.16535433 0,-0.27559055 0.16535433 0.078740157,
  -0.30314961 0.16535433 0,-0.30314961 0.16535433 0.31496063,
  -0.27559055 0.16535433 0.31496063,-0.27559055 0.16535433 0.23622047,
  -0.19685039 0.16535433 0.23622047,-0.19685039 0.16535433 0.31496063,
  0.19685039 0.16535433 0.31496063,0.19685039 0.16535433 0.23622047,
  0.27559055 0.16535433 0.23622047,0.27559055 0.16535433 0.31496063,
  0.30314961 0.16535433 0.31496063,0.30314961 0.16535433 0,
  0.27559055 0.16535433 0,0.27559055 0.16535433 0.078740157,
  0.19685039 0.16535433 0.078740157,0.19685039 0.16535433 0,
  -0.19685039 0.16535433 0,-0.19685039 0.16535433 0.078740157] }
 coordIndex [
  1,2,0,-1,3,1,5,-1,3,2,1,-1,6,1,19,-1,6,5,1,-1,4,3,5,-1,16,18,17,-1,16,19,18,-1,
  15,14,13,-1,9,6,19,-1,9,19,16,-1,8,7,6,-1,8,6,9,-1,10,16,15,-1,10,9,16,-1,12,11,10,-1,
  12,15,13,-1,12,10,15,-1]
  normalPerVertex TRUE
  normal DEF NORM_25 Normal { vector [
  0 -1 0,0 -1 0,
  0 -1 0,0 -1 0,
  0 -1 0,0 -1 0,
  0 -1 0,0 -1 0,
  0 -1 0,0 -1 0,
  0 -1 0,0 -1 0,
  0 -1 0,0 -1 0,
  0 -1 0,0 -1 0,
  0 -1 0,0 -1 0,
  0 -1 0,0 -1 0] }
}
}
DEF SHAPE_26 Shape {
 appearance USE APP_1
 geometry DEF FACE_26 IndexedFaceSet {
  coord DEF COORD_26 Coordinate { point [
  0.30314961 0.16535433 0.31496063,0.30314961 0.16535433 0,
  0.30314961 0.011811024 0.31496063,0.30314961 0.011811024 0] }
 coordIndex [
  1,2,0,-1,1,3,2,-1]
  normalPerVertex TRUE
  normal DEF NORM_26 Normal { vector [
  -1 0 0,-1 0 0,
  -1 0 0,-1 0 0] }
}
}
DEF SHAPE_27 Shape {
 appearance USE APP_1
 geometry DEF FACE_27 IndexedFaceSet {
  coord DEF COORD_27 Coordinate { point [
  0.30314961 0.011811024 0.31496063,0.30314961 0.011811024 0,
  0.19685039 0.011811024 0.31496063,0.19685039 0.011811024 0] }
 coordIndex [
  1,2,0,-1,1,3,2,-1]
  normalPerVertex TRUE
  normal DEF NORM_27 Normal { vector [
  0 1 0,0 1 0,
  0 1 0,0 1 0] }
}
}
DEF SHAPE_28 Shape {
 appearance USE APP_1
 geometry DEF FACE_28 IndexedFaceSet {
  coord DEF COORD_28 Coordinate { point [
  0.19685039 0.011811024 0.31496063,0.19685039 0.011811024 0,
  0.19685039 0 0.31496063,0.19685039 0 0] }
 coordIndex [
  1,2,0,-1,1,3,2,-1]
  normalPerVertex TRUE
  normal DEF NORM_28 Normal { vector [
  -1 0 0,-1 0 0,
  -1 0 0,-1 0 0] }
}
}
DEF SHAPE_29 Shape {
 appearance USE APP_3
 geometry DEF FACE_29 IndexedFaceSet {
  coord DEF COORD_29 Coordinate { point [
  0.19685039 0 0.31496063,0.19685039 0 0,
  0.31496063 0 0.31496063,0.31496063 0 0] }
 coordIndex [
  0,3,2,-1,0,1,3,-1]
  normalPerVertex TRUE
  normal DEF NORM_29 Normal { vector [
  0 -1 0,0 -1 0,
  0 -1 0,0 -1 0] }
}
}
DEF SHAPE_30 Shape {
 appearance USE APP_3
 geometry DEF FACE_30 IndexedFaceSet {
  coord DEF COORD_30 Coordinate { point [
  0.31496063 0 0.31496063,0.31496063 0 0,
  0.31496063 0.17716535 0.31496063,0.31496063 0.17716535 0] }
 coordIndex [
  2,0,1,-1,2,1,3,-1]
  normalPerVertex TRUE
  normal DEF NORM_30 Normal { vector [
  1 0 0,1 0 0,
  1 0 0,1 0 0] }
}
}
DEF SHAPE_31 Shape {
 appearance USE APP_3
 geometry DEF FACE_31 IndexedFaceSet {
  coord DEF COORD_31 Coordinate { point [
  0.27559055 0.17716535 0.078740157,0.27559055 0.17716535 0,
  0.31496063 0.17716535 0,0.31496063 0.17716535 0.31496063,
  0.27559055 0.17716535 0.31496063,0.27559055 0.17716535 0.23622047,
  0.19685039 0.17716535 0.23622047,0.19685039 0.17716535 0.078740157] }
 coordIndex [
  5,4,3,-1,0,6,5,-1,0,7,6,-1,2,1,0,-1,2,5,3,-1,2,0,5,-1]
  normalPerVertex TRUE
  normal DEF NORM_31 Normal { vector [
  0 1 0,0 1 0,
  0 1 0,0 1 0,
  0 1 0,0 1 0,
  0 1 0,0 1 0] }
}
}
DEF SHAPE_32 Shape {
 appearance USE APP_3
 geometry DEF FACE_32 IndexedFaceSet {
  coord DEF COORD_32 Coordinate { point [
  0.27559055 0.16535433 0.31496063,0.27559055 0.17716535 0.31496063,
  0.30314961 0.16535433 0.31496063,0.30314961 0.011811024 0.31496063,
  0.19685039 0.011811024 0.31496063,0.19685039 0 0.31496063,
  0.31496063 0 0.31496063,0.31496063 0.17716535 0.31496063] }
 coordIndex [
  3,4,5,-1,3,5,6,-1,2,1,0,-1,7,2,3,-1,7,3,6,-1,7,1,2,-1]
  normalPerVertex TRUE
  normal DEF NORM_32 Normal { vector [
  0 0 1,0 0 1,
  0 0 1,0 0 1,
  0 0 1,0 0 1,
  0 0 1,0 0 1] }
}
}
DEF SHAPE_33 Shape {
 appearance USE APP_3
 geometry DEF FACE_33 IndexedFaceSet {
  coord DEF COORD_33 Coordinate { point [
  -0.31496063 0.17716535 0,-0.31496063 0 0,
  -0.19685039 0 0,-0.19685039 0.011811024 0,
  -0.30314961 0.011811024 0,-0.30314961 0.16535433 0,
  -0.27559055 0.16535433 0,-0.27559055 0.17716535 0] }
 coordIndex [
  2,1,4,-1,3,2,4,-1,5,1,0,-1,5,4,1,-1,7,6,5,-1,7,5,0,-1]
  normalPerVertex TRUE
  normal DEF NORM_33 Normal { vector [
  0 0 -1,0 0 -1,
  0 0 -1,0 0 -1,
  0 0 -1,0 0 -1,
  0 0 -1,0 0 -1] }
}
}
DEF SHAPE_34 Shape {
 appearance USE APP_1
 geometry DEF FACE_34 IndexedFaceSet {
  coord DEF COORD_34 Coordinate { point [
  0.27559055 0.16535433 0.078740157,0.27559055 0.17716535 0.078740157,
  0.27559055 0.16535433 0,0.27559055 0.17716535 0] }
 coordIndex [
  3,0,1,-1,3,2,0,-1]
  normalPerVertex TRUE
  normal DEF NORM_34 Normal { vector [
  -1 0 0,-1 0 0,
  -1 0 0,-1 0 0] }
}
}
DEF SHAPE_35 Shape {
 appearance USE APP_3
 geometry DEF FACE_35 IndexedFaceSet {
  coord DEF COORD_35 Coordinate { point [
  0.19685039 0.16535433 0.078740157,0.19685039 0.17716535 0.078740157,
  0.27559055 0.16535433 0.078740157,0.27559055 0.17716535 0.078740157] }
 coordIndex [
  3,0,1,-1,3,2,0,-1]
  normalPerVertex TRUE
  normal DEF NORM_35 Normal { vector [
  0 0 -1,0 0 -1,
  0 0 -1,0 0 -1] }
}
}
DEF SHAPE_36 Shape {
 appearance USE APP_2
 geometry DEF FACE_36 IndexedFaceSet {
  coord DEF COORD_36 Coordinate { point [
  0.19685039 0.16535433 0,0.19685039 0.17716535 0,
  0.19685039 0.16535433 0.078740157,0.19685039 0.17716535 0.078740157] }
 coordIndex [
  3,0,1,-1,3,2,0,-1]
  normalPerVertex TRUE
  normal DEF NORM_36 Normal { vector [
  1 0 0,1 0 0,
  1 0 0,1 0 0] }
}
}
DEF SHAPE_37 Shape {
 appearance USE APP_2
 geometry DEF FACE_37 IndexedFaceSet {
  coord DEF COORD_37 Coordinate { point [
  -0.19685039 0.16535433 0.078740157,-0.19685039 0.17716535 0.078740157,
  -0.19685039 0.16535433 0,-0.19685039 0.17716535 0] }
 coordIndex [
  3,0,1,-1,3,2,0,-1]
  normalPerVertex TRUE
  normal DEF NORM_37 Normal { vector [
  -1 0 0,-1 0 0,
  -1 0 0,-1 0 0] }
}
}
DEF SHAPE_38 Shape {
 appearance USE APP_3
 geometry DEF FACE_38 IndexedFaceSet {
  coord DEF COORD_38 Coordinate { point [
  -0.27559055 0.16535433 0.078740157,-0.27559055 0.17716535 0.078740157,
  -0.19685039 0.16535433 0.078740157,-0.19685039 0.17716535 0.078740157] }
 coordIndex [
  3,0,1,-1,3,2,0,-1]
  normalPerVertex TRUE
  normal DEF NORM_38 Normal { vector [
  0 0 -1,0 0 -1,
  0 0 -1,0 0 -1] }
}
}
DEF SHAPE_39 Shape {
 appearance USE APP_3
 geometry DEF FACE_39 IndexedFaceSet {
  coord DEF COORD_39 Coordinate { point [
  -0.27559055 0.16535433 0,-0.27559055 0.17716535 0,
  -0.27559055 0.16535433 0.078740157,-0.27559055 0.17716535 0.078740157] }
 coordIndex [
  3,0,1,-1,3,2,0,-1]
  normalPerVertex TRUE
  normal DEF NORM_39 Normal { vector [
  1 0 0,1 0 0,
  1 0 0,1 0 0] }
}
}
DEF SHAPE_40 Shape {
 appearance USE APP_3
 geometry DEF FACE_40 IndexedFaceSet {
  coord DEF COORD_40 Coordinate { point [
  -0.27559055 0.16535433 0.23622047,-0.27559055 0.17716535 0.23622047,
  -0.27559055 0.16535433 0.31496063,-0.27559055 0.17716535 0.31496063] }
 coordIndex [
  3,0,1,-1,3,2,0,-1]
  normalPerVertex TRUE
  normal DEF NORM_40 Normal { vector [
  1 0 0,1 0 0,
  1 0 0,1 0 0] }
}
}
DEF SHAPE_41 Shape {
 appearance USE APP_3
 geometry DEF FACE_41 IndexedFaceSet {
  coord DEF COORD_41 Coordinate { point [
  -0.19685039 0.16535433 0.23622047,-0.19685039 0.17716535 0.23622047,
  -0.27559055 0.16535433 0.23622047,-0.27559055 0.17716535 0.23622047] }
 coordIndex [
  3,0,1,-1,3,2,0,-1]
  normalPerVertex TRUE
  normal DEF NORM_41 Normal { vector [
  0 0 1,0 0 1,
  0 0 1,0 0 1] }
}
}
DEF SHAPE_42 Shape {
 appearance USE APP_2
 geometry DEF FACE_42 IndexedFaceSet {
  coord DEF COORD_42 Coordinate { point [
  -0.19685039 0.16535433 0.31496063,-0.19685039 0.17716535 0.31496063,
  -0.19685039 0.16535433 0.23622047,-0.19685039 0.17716535 0.23622047] }
 coordIndex [
  3,0,1,-1,3,2,0,-1]
  normalPerVertex TRUE
  normal DEF NORM_42 Normal { vector [
  -1 0 0,-1 0 0,
  -1 0 0,-1 0 0] }
}
}
DEF SHAPE_43 Shape {
 appearance USE APP_2
 geometry DEF FACE_43 IndexedFaceSet {
  coord DEF COORD_43 Coordinate { point [
  0.19685039 0.16535433 0.23622047,0.19685039 0.17716535 0.23622047,
  0.19685039 0.16535433 0.31496063,0.19685039 0.17716535 0.31496063] }
 coordIndex [
  3,0,1,-1,3,2,0,-1]
  normalPerVertex TRUE
  normal DEF NORM_43 Normal { vector [
  1 0 0,1 0 0,
  1 0 0,1 0 0] }
}
}
DEF SHAPE_44 Shape {
 appearance USE APP_3
 geometry DEF FACE_44 IndexedFaceSet {
  coord DEF COORD_44 Coordinate { point [
  0.27559055 0.16535433 0.23622047,0.27559055 0.17716535 0.23622047,
  0.19685039 0.16535433 0.23622047,0.19685039 0.17716535 0.23622047] }
 coordIndex [
  3,0,1,-1,3,2,0,-1]
  normalPerVertex TRUE
  normal DEF NORM_44 Normal { vector [
  0 0 1,0 0 1,
  0 0 1,0 0 1] }
}
}
DEF SHAPE_45 Shape {
 appearance USE APP_3
 geometry DEF FACE_45 IndexedFaceSet {
  coord DEF COORD_45 Coordinate { point [
  0.27559055 0.16535433 0.31496063,0.27559055 0.17716535 0.31496063,
  0.27559055 0.16535433 0.23622047,0.27559055 0.17716535 0.23622047] }
 coordIndex [
  3,0,1,-1,3,2,0,-1]
  normalPerVertex TRUE
  normal DEF NORM_45 Normal { vector [
  -1 0 0,-1 0 0,
  -1 0 0,-1 0 0] }
}
}
] }
] }
] }
] }
DEF TXFM_7 Transform {
  center 0 0 0
  rotation 0 0.70710678 0.70710678 3.1415927
  scale 1 1 1
  scaleOrientation 0 0 1 0
  translation 1.3582276 0.46258031 0.31496063
 children [
DEF TXFM_8 Transform {
  center 0 0 0
  rotation 0 0 1 0
  scale 1 1 1
  scaleOrientation 0 0 1 0
  translation 0 0 0
 children [
DEF TXFM_9 Transform {
  center 0 0 0
  rotation 0 0 1 0
  scale 1 1 1
  scaleOrientation 0 0 1 0
  translation 0 0 0
 children [
DEF TXFM_10 Transform {
  center 0 0 0
  rotation 0 0 1 0
  scale 1 1 1
  scaleOrientation 0 0 1 0
  translation 0 0 0
 children [
DEF SHAPE_46 Shape {
 appearance DEF APP_5 Appearance {
  material Material {
   ambientIntensity 0.1210802
   diffuseColor 0.79607844 0.82352942 0.93725491
   emissiveColor 0 0 0
   shininess 0.1
   specularColor 0.12 0.12 0.12
   transparency 0
} }
 geometry DEF FACE_46 IndexedFaceSet {
  coord DEF COORD_46 Coordinate { point [
  -0.62204724 0.0078740157 0.62992126,-0.62204724 0.0078740157 0,
  -0.62204724 0.22834646 0,-0.62204724 0.22834646 0.62992126] }
 coordIndex [
  2,1,0,-1,2,0,3,-1]
  normalPerVertex TRUE
  normal DEF NORM_46 Normal { vector [
  -1 0 0,-1 0 0,
  -1 0 0,-1 0 0] }
}
}
DEF SHAPE_47 Shape {
 appearance DEF APP_6 Appearance {
  material Material {
   ambientIntensity 0.10625
   diffuseColor 0.94117647 0.94117647 0.94117647
   emissiveColor 0 0 0
   shininess 0.1
   specularColor 0.12 0.12 0.12
   transparency 0
} }
 geometry DEF FACE_47 IndexedFaceSet {
  coord DEF COORD_47 Coordinate { point [
  0.62204724 0.0078740157 0.62992126,0.62204724 0.0078740157 0,
  -0.62204724 0.0078740157 0,-0.62204724 0.0078740157 0.62992126] }
 coordIndex [
  0,2,1,-1,0,3,2,-1]
  normalPerVertex TRUE
  normal DEF NORM_47 Normal { vector [
  0 -1 0,0 -1 0,
  0 -1 0,0 -1 0] }
}
}
DEF SHAPE_48 Shape {
 appearance USE APP_5
 geometry DEF FACE_48 IndexedFaceSet {
  coord DEF COORD_48 Coordinate { point [
  0.62204724 0.22834646 0.62992126,0.62204724 0.22834646 0,
  0.62204724 0.0078740157 0,0.62204724 0.0078740157 0.62992126] }
 coordIndex [
  0,2,1,-1,0,3,2,-1]
  normalPerVertex TRUE
  normal DEF NORM_48 Normal { vector [
  1 0 0,1 0 0,
  1 0 0,1 0 0] }
}
}
DEF SHAPE_49 Shape {
 appearance USE APP_6
 geometry DEF FACE_49 IndexedFaceSet {
  coord DEF COORD_49 Coordinate { point [
  -0.62204724 0.22834646 0.62992126,-0.62204724 0.22834646 0,
  0.62204724 0.22834646 0,0.62204724 0.22834646 0.62992126] }
 coordIndex [
  2,1,0,-1,2,0,3,-1]
  normalPerVertex TRUE
  normal DEF NORM_49 Normal { vector [
  0 1 0,0 1 0,
  0 1 0,0 1 0] }
}
}
DEF SHAPE_50 Shape {
 appearance USE APP_6
 geometry DEF FACE_50 IndexedFaceSet {
  coord DEF COORD_50 Coordinate { point [
  -0.62204724 0.0078740157 0,0.62204724 0.0078740157 0,
  0.62204724 0.22834646 0,-0.62204724 0.22834646 0] }
 coordIndex [
  2,1,0,-1,2,0,3,-1]
  normalPerVertex TRUE
  normal DEF NORM_50 Normal { vector [
  0 0 -1,0 0 -1,
  0 0 -1,0 0 -1] }
}
}
DEF SHAPE_51 Shape {
 appearance USE APP_6
 geometry DEF FACE_51 IndexedFaceSet {
  coord DEF COORD_51 Coordinate { point [
  0.62204724 0.22834646 0.62992126,-0.62204724 0.22834646 0.62992126,
  -0.62204724 0.0078740157 0.62992126,0.62204724 0.0078740157 0.62992126] }
 coordIndex [
  0,1,2,-1,0,2,3,-1]
  normalPerVertex TRUE
  normal DEF NORM_51 Normal { vector [
  0 0 1,0 0 1,
  0 0 1,0 0 1] }
}
}
] }
DEF TXFM_11 Transform {
  center 0 0 0
  rotation 0 0 1 0
  scale 1 1 1
  scaleOrientation 0 0 1 0
  translation 0 0 0
 children [
DEF SHAPE_52 Shape {
 appearance DEF APP_7 Appearance {
  material Material {
   ambientIntensity 0.39843753
   diffuseColor 0.25098038 0.25098038 0.25098038
   emissiveColor 0 0 0
   shininess 0.1
   specularColor 0.12 0.12 0.12
   transparency 0
} }
 geometry DEF FACE_52 IndexedFaceSet {
  coord DEF COORD_52 Coordinate { point [
  0.43307087 0.23622047 0.5511811,0.43307087 0.23622047 0.62992126,
  -0.43307087 0.23622047 0.62992126,-0.43307087 0.23622047 0.5511811,
  -0.43307087 0.23622047 0.078740157,-0.43307087 0.23622047 0,
  0.43307087 0.23622047 0,0.43307087 0.23622047 0.078740157,
  -0.29266673 0.23622047 0.23550896,-0.27072858 0.23622047 0.11811024,
  -0.29266673 0.23622047 0.23669481,-0.27843658 0.23622047 0.23669481,
  -0.27843658 0.23622047 0.51181102,-0.2452329 0.23622047 0.51181102,
  -0.2452329 0.23622047 0.11811024,-0.084387748 0.23622047 0.26767503,
  -0.1845176 0.23622047 0.48335073,-0.075419789 0.23622047 0.23343373,
  -0.076663447 0.23622047 0.24524323,-0.079855257 0.23622047 0.25669052,
  -0.075419789 0.23622047 0.14716346,-0.10447301 0.23622047 0.11811024,
  -0.094512223 0.23622047 0.1197412,-0.088524088 0.23622047 0.12285597,
  -0.081599087 0.23622047 0.12943038,-0.07692844 0.23622047 0.13774541,
  -0.19341144 0.23622047 0.11811024,-0.22246466 0.23622047 0.14716346,
  -0.22069129 0.23622047 0.13722463,-0.21760134 0.23622047 0.13122215,
  -0.21119364 0.23622047 0.12414187,-0.20285979 0.23622047 0.11951359,
  -0.22246466 0.23622047 0.23669481,-0.18926098 0.23622047 0.23669481,
  -0.18926098 0.23622047 0.14657053,-0.10862347 0.23622047 0.14657053,
  -0.10862347 0.23622047 0.24395812,-0.22720804 0.23622047 0.49283749,
  -0.22720804 0.23622047 0.51181102,-0.075419789 0.23622047 0.51181102,
  -0.075419789 0.23622047 0.48335073,-0.028341713 0.23622047 0.11811024,
  0.070083484 0.23622047 0.11811024,-0.057394934 0.23622047 0.14716346,
  -0.055694032 0.23622047 0.13721,-0.052554542 0.23622047 0.13123313,
  -0.046122336 0.23622047 0.12417159,-0.037771969 0.23622047 0.11955771,
  -0.057394934 0.23622047 0.4827578,-0.028341713 0.23622047 0.51181102,
  -0.038309069 0.23622047 0.51017519,-0.044320184 0.23622047 0.50709227,
  -0.051269707 0.23622047 0.5005437,-0.05588172 0.23622047 0.49218208,
  0.070083484 0.23622047 0.51181102,0.099136704 0.23622047 0.4827578,
  0.097380948 0.23622047 0.49267984,0.094283307 0.23622047 0.49867203,
  0.08781566 0.23622047 0.50568417,0.079492861 0.23622047 0.51032581,
  0.099136704 0.23622047 0.14716346,0.080019138 0.23622047 0.11978723,
  0.086005845 0.23622047 0.12289004,0.09291373 0.23622047 0.12946655,
  0.097582837 0.23622047 0.13777206,0.15985201 0.23622047 0.29361541,
  0.24938336 0.23622047 0.29361541,0.15985201 0.23622047 0.14657053,
  0.2452329 0.23622047 0.14657053,0.2452329 0.23622047 0.23195143,
  0.27843658 0.23622047 0.23195143,0.27843658 0.23622047 0.14716346,
  0.24841986 0.23622047 0.11811024,0.2585712 0.23622047 0.11967027,
  0.26475157 0.23622047 0.12267201,0.27191459 0.23622047 0.12923271,
  0.27682541 0.23622047 0.13760131,0.15570155 0.23622047 0.11811024,
  0.12664833 0.23622047 0.14716346,0.12834923 0.23622047 0.13721,
  0.13148872 0.23622047 0.13123313,0.13792092 0.23622047 0.12417159,
  0.14627129 0.23622047 0.11955771,0.12664833 0.23622047 0.4827578,
  0.15570155 0.23622047 0.51181102,0.14573419 0.23622047 0.51017519,
  0.13972308 0.23622047 0.50709227,0.13277355 0.23622047 0.5005437,
  0.12816154 0.23622047 0.49218208,0.24938336 0.23622047 0.51181102,
  0.27843658 0.23622047 0.4827578,0.27673027 0.23622047 0.49271703,
  0.27362603 0.23622047 0.49871903,0.26719157 0.23622047 0.50578689,
  0.25882441 0.23622047 0.51038502,0.27843658 0.23622047 0.32266863,
  0.2594537 0.23622047 0.29516164,0.26560363 0.23622047 0.2980812,
  0.27267619 0.23622047 0.30460865,0.27712805 0.23622047 0.31312886] }
 coordIndex [
  12,3,2,-1,13,12,2,-1,38,13,2,-1,37,13,38,-1,39,38,2,-1,51,52,39,-1,50,51,39,-1,53,39,52,-1,
  53,40,39,-1,48,40,53,-1,49,39,2,-1,49,50,39,-1,10,3,12,-1,4,10,8,-1,4,3,10,-1,9,5,4,-1,
  9,4,8,-1,87,57,58,-1,86,58,59,-1,86,87,58,-1,85,86,59,-1,88,55,56,-1,88,56,57,-1,88,57,87,-1,
  14,5,9,-1,28,14,27,-1,84,59,54,-1,84,85,59,-1,83,55,88,-1,15,40,48,-1,15,16,40,-1,29,14,28,-1,
  30,14,29,-1,31,14,30,-1,26,5,14,-1,26,14,31,-1,35,34,33,-1,35,33,36,-1,21,5,26,-1,43,20,17,-1,
  43,25,20,-1,1,49,2,-1,1,54,49,-1,1,84,54,-1,1,89,84,-1,1,93,94,-1,1,94,89,-1,44,25,43,-1,
  45,24,25,-1,45,25,44,-1,46,23,24,-1,46,24,45,-1,47,23,46,-1,47,21,22,-1,47,22,23,-1,41,5,21,-1,
  41,21,47,-1,0,93,1,-1,0,90,91,-1,0,91,92,-1,0,92,93,-1,95,90,0,-1,78,64,60,-1,79,64,78,-1,
  80,63,64,-1,80,64,79,-1,69,65,66,-1,69,67,65,-1,69,66,96,-1,81,62,63,-1,81,63,80,-1,82,42,61,-1,
  82,61,62,-1,82,62,81,-1,77,42,82,-1,70,69,96,-1,70,96,97,-1,70,97,98,-1,70,98,99,-1,68,67,69,-1,
  7,95,0,-1,7,71,70,-1,7,74,75,-1,7,75,76,-1,7,76,71,-1,7,70,99,-1,7,99,95,-1,6,5,41,-1,
  6,41,42,-1,6,42,77,-1,6,72,73,-1,6,73,74,-1,6,77,72,-1,6,74,7,-1,11,10,12,-1,13,37,14,-1,
  37,32,14,-1,32,27,14,-1,36,33,37,-1,33,32,37,-1,43,17,48,-1,17,18,48,-1,18,19,48,-1,19,15,48,-1,
  78,55,83,-1,78,60,55,-1]
  normalPerVertex TRUE
  normal DEF NORM_52 Normal { vector [
  0 1 0,0 1 0,
  0 1 0,0 1 0,
  0 1 0,0 1 0,
  0 1 0,0 1 0,
  0 1 0,0 1 0,
  0 1 0,0 1 0,
  0 1 0,0 1 0,
  0 1 0,0 1 0,
  0 1 0,0 1 0,
  0 1 0,0 1 0,
  0 1 0,0 1 0,
  0 1 0,0 1 0,
  0 1 0,0 1 0,
  0 1 0,0 1 0,
  0 1 0,0 1 0,
  0 1 0,0 1 0,
  0 1 0,0 1 0,
  0 1 0,0 1 0,
  0 1 0,0 1 0,
  0 1 0,0 1 0,
  0 1 0,0 1 0,
  0 1 0,0 1 0,
  0 1 0,0 1 0,
  0 1 0,0 1 0,
  0 1 0,0 1 0,
  0 1 0,0 1 0,
  0 1 0,0 1 0,
  0 1 0,0 1 0,
  0 1 0,0 1 0,
  0 1 0,0 1 0,
  0 1 0,0 1 0,
  0 1 0,0 1 0,
  0 1 0,0 1 0,
  0 1 0,0 1 0,
  0 1 0,0 1 0,
  0 1 0,0 1 0,
  0 1 0,0 1 0,
  0 1 0,0 1 0,
  0 1 0,0 1 0,
  0 1 0,0 1 0,
  0 1 0,0 1 0,
  0 1 0,0 1 0,
  0 1 0,0 1 0,
  0 1 0,0 1 0,
  0 1 0,0 1 0,
  0 1 0,0 1 0,
  0 1 0,0 1 0,
  0 1 0,0 1 0,
  0 1 0,0 1 0,
  0 1 0,0 1 0] }
}
}
DEF SHAPE_53 Shape {
 appearance DEF APP_8 Appearance {
  material Material {
   ambientIntensity 0.16451612
   diffuseColor 0.60784316 0.60784316 0.60784316
   emissiveColor 0 0 0
   shininess 0.1
   specularColor 0.12 0.12 0.12
   transparency 0
} }
 geometry DEF FACE_53 IndexedFaceSet {
  coord DEF COORD_53 Coordinate { point [
  -0.43307087 0.23622047 0.5511811,-0.53149606 0.23622047 0.5511811,
  -0.53149606 0.23622047 0.62992126,-0.62992126 0.23622047 0.62992126,
  -0.62992126 0.23622047 0,-0.53149606 0.23622047 0,
  -0.53149606 0.23622047 0.078740157,-0.43307087 0.23622047 0.078740157] }
 coordIndex [
  1,3,2,-1,6,4,3,-1,6,3,1,-1,5,4,6,-1,7,1,0,-1,7,6,1,-1]
  normalPerVertex TRUE
  normal DEF NORM_53 Normal { vector [
  0 1 0,0 1 0,
  0 1 0,0 1 0,
  0 1 0,0 1 0,
  0 1 0,0 1 0] }
}
}
DEF SHAPE_54 Shape {
 appearance DEF APP_9 Appearance {
  material Material {
   ambientIntensity 0.1
   diffuseColor 1 1 1
   emissiveColor 0 0 0
   shininess 0.1
   specularColor 0.12 0.12 0.12
   transparency 0
} }
 geometry DEF FACE_54 IndexedFaceSet {
  coord DEF COORD_54 Coordinate { point [
  0.27843658 0.23622047 0.4827578,0.27673027 0.23622047 0.49271703,
  0.27362603 0.23622047 0.49871903,0.26719157 0.23622047 0.50578689,
  0.25882441 0.23622047 0.51038502,0.24938336 0.23622047 0.51181102,
  0.15570155 0.23622047 0.51181102,0.14573419 0.23622047 0.51017519,
  0.13972308 0.23622047 0.50709227,0.13277355 0.23622047 0.5005437,
  0.12816154 0.23622047 0.49218208,0.12664833 0.23622047 0.4827578,
  0.12664833 0.23622047 0.14716346,0.12834923 0.23622047 0.13721,
  0.13148872 0.23622047 0.13123313,0.13792092 0.23622047 0.12417159,
  0.14627129 0.23622047 0.11955771,0.15570155 0.23622047 0.11811024,
  0.24841986 0.23622047 0.11811024,0.2585712 0.23622047 0.11967027,
  0.26475157 0.23622047 0.12267201,0.27191459 0.23622047 0.12923271,
  0.27682541 0.23622047 0.13760131,0.27843658 0.23622047 0.14716346,
  0.27843658 0.23622047 0.23195143,0.2452329 0.23622047 0.23195143,
  0.2452329 0.23622047 0.14657053,0.15985201 0.23622047 0.14657053,
  0.15985201 0.23622047 0.29361541,0.24938336 0.23622047 0.29361541,
  0.2594537 0.23622047 0.29516164,0.26560363 0.23622047 0.2980812,
  0.27267619 0.23622047 0.30460865,0.27712805 0.23622047 0.31312886,
  0.27843658 0.23622047 0.32266863,0.2452329 0.23622047 0.48335073,
  0.2452329 0.23622047 0.3220757,0.15985201 0.23622047 0.3220757,
  0.15985201 0.23622047 0.48335073] }
 coordIndex [
  38,7,6,-1,38,8,7,-1,38,9,8,-1,38,10,9,-1,38,11,10,-1,35,4,3,-1,35,5,4,-1,35,6,5,-1,
  35,38,6,-1,2,35,3,-1,1,35,2,-1,0,35,1,-1,37,11,38,-1,36,28,37,-1,29,28,36,-1,34,36,35,-1,
  34,35,0,-1,33,36,34,-1,30,29,36,-1,31,30,36,-1,32,36,33,-1,32,31,36,-1,12,11,37,-1,12,37,28,-1,
  27,13,12,-1,27,14,13,-1,27,12,28,-1,15,14,27,-1,16,15,27,-1,17,16,27,-1,18,17,27,-1,18,27,26,-1,
  23,25,24,-1,23,26,25,-1,19,18,26,-1,22,26,23,-1,20,19,26,-1,21,26,22,-1,21,20,26,-1]
  normalPerVertex TRUE
  normal DEF NORM_54 Normal { vector [
  0 1 0,0 1 0,
  0 1 0,0 1 0,
  0 1 0,0 1 0,
  0 1 0,0 1 0,
  0 1 0,0 1 0,
  0 1 0,0 1 0,
  0 1 0,0 1 0,
  0 1 0,0 1 0,
  0 1 0,0 1 0,
  0 1 0,0 1 0,
  0 1 0,0 1 0,
  0 1 0,0 1 0,
  0 1 0,0 1 0,
  0 1 0,0 1 0,
  0 1 0,0 1 0,
  0 1 0,0 1 0,
  0 1 0,0 1 0,
  0 1 0,0 1 0,
  0 1 0,0 1 0,
  0 1 0] }
}
}
DEF SHAPE_55 Shape {
 appearance USE APP_7
 geometry DEF FACE_55 IndexedFaceSet {
  coord DEF COORD_55 Coordinate { point [
  0.2452329 0.23622047 0.3220757,0.15985201 0.23622047 0.3220757,
  0.2452329 0.23622047 0.48335073,0.15985201 0.23622047 0.48335073] }
 coordIndex [
  0,3,2,-1,0,1,3,-1]
  normalPerVertex TRUE
  normal DEF NORM_55 Normal { vector [
  0 1 0,0 1 0,
  0 1 0,0 1 0] }
}
}
DEF SHAPE_56 Shape {
 appearance USE APP_9
 geometry DEF FACE_56 IndexedFaceSet {
  coord DEF COORD_56 Coordinate { point [
  0.099136704 0.23622047 0.4827578,0.097380948 0.23622047 0.49267984,
  0.094283307 0.23622047 0.49867203,0.08781566 0.23622047 0.50568417,
  0.079492861 0.23622047 0.51032581,0.070083484 0.23622047 0.51181102,
  -0.028341713 0.23622047 0.51181102,-0.038309069 0.23622047 0.51017519,
  -0.044320184 0.23622047 0.50709227,-0.051269707 0.23622047 0.5005437,
  -0.05588172 0.23622047 0.49218208,-0.057394934 0.23622047 0.4827578,
  -0.057394934 0.23622047 0.14716346,-0.055694032 0.23622047 0.13721,
  -0.052554542 0.23622047 0.13123313,-0.046122336 0.23622047 0.12417159,
  -0.037771969 0.23622047 0.11955771,-0.028341713 0.23622047 0.11811024,
  0.070083484 0.23622047 0.11811024,0.080019138 0.23622047 0.11978723,
  0.086005845 0.23622047 0.12289004,0.09291373 0.23622047 0.12946655,
  0.097582837 0.23622047 0.13777206,0.099136704 0.23622047 0.14716346,
  0.065933023 0.23622047 0.48335073,0.065933023 0.23622047 0.14657053,
  -0.024191253 0.23622047 0.14657053,-0.024191253 0.23622047 0.48335073] }
 coordIndex [
  27,7,6,-1,27,8,7,-1,27,9,8,-1,27,10,9,-1,27,11,10,-1,24,4,3,-1,24,5,4,-1,24,6,5,-1,
  24,27,6,-1,2,24,3,-1,1,24,2,-1,0,24,1,-1,26,12,11,-1,26,13,12,-1,26,14,13,-1,26,11,27,-1,
  15,14,26,-1,16,15,26,-1,17,16,26,-1,23,25,24,-1,23,24,0,-1,18,26,25,-1,18,17,26,-1,22,25,23,-1,
  19,18,25,-1,20,19,25,-1,21,25,22,-1,21,20,25,-1]
  normalPerVertex TRUE
  normal DEF NORM_56 Normal { vector [
  0 1 0,0 1 0,
  0 1 0,0 1 0,
  0 1 0,0 1 0,
  0 1 0,0 1 0,
  0 1 0,0 1 0,
  0 1 0,0 1 0,
  0 1 0,0 1 0,
  0 1 0,0 1 0,
  0 1 0,0 1 0,
  0 1 0,0 1 0,
  0 1 0,0 1 0,
  0 1 0,0 1 0,
  0 1 0,0 1 0,
  0 1 0,0 1 0] }
}
}
DEF SHAPE_57 Shape {
 appearance USE APP_7
 geometry DEF FACE_57 IndexedFaceSet {
  coord DEF COORD_57 Coordinate { point [
  0.065933023 0.23622047 0.14657053,-0.024191253 0.23622047 0.14657053,
  0.065933023 0.23622047 0.48335073,-0.024191253 0.23622047 0.48335073] }
 coordIndex [
  0,3,2,-1,0,1,3,-1]
  normalPerVertex TRUE
  normal DEF NORM_57 Normal { vector [
  0 1 0,0 1 0,
  0 1 0,0 1 0] }
}
}
DEF SHAPE_58 Shape {
 appearance USE APP_9
 geometry DEF FACE_58 IndexedFaceSet {
  coord DEF COORD_58 Coordinate { point [
  -0.075419789 0.23622047 0.51181102,-0.22720804 0.23622047 0.51181102,
  -0.22720804 0.23622047 0.49283749,-0.10862347 0.23622047 0.24395812,
  -0.10862347 0.23622047 0.14657053,-0.18926098 0.23622047 0.14657053,
  -0.18926098 0.23622047 0.23669481,-0.22246466 0.23622047 0.23669481,
  -0.22246466 0.23622047 0.14716346,-0.22069129 0.23622047 0.13722463,
  -0.21760134 0.23622047 0.13122215,-0.21119364 0.23622047 0.12414187,
  -0.20285979 0.23622047 0.11951359,-0.19341144 0.23622047 0.11811024,
  -0.10447301 0.23622047 0.11811024,-0.094512223 0.23622047 0.1197412,
  -0.088524088 0.23622047 0.12285597,-0.081599087 0.23622047 0.12943038,
  -0.07692844 0.23622047 0.13774541,-0.075419789 0.23622047 0.14716346,
  -0.075419789 0.23622047 0.23343373,-0.076663447 0.23622047 0.24524323,
  -0.079855257 0.23622047 0.25669052,-0.084387748 0.23622047 0.26767503,
  -0.1845176 0.23622047 0.48335073,-0.075419789 0.23622047 0.48335073] }
 coordIndex [
  24,2,1,-1,0,24,1,-1,25,24,0,-1,8,7,6,-1,22,3,23,-1,5,9,8,-1,5,10,9,-1,5,8,6,-1,
  11,10,5,-1,12,11,5,-1,21,3,22,-1,13,12,5,-1,20,3,21,-1,4,3,20,-1,19,4,20,-1,14,5,4,-1,
  14,13,5,-1,18,4,19,-1,15,14,4,-1,16,15,4,-1,17,4,18,-1,17,16,4,-1,2,23,3,-1,2,24,23,-1]
  normalPerVertex TRUE
  normal DEF NORM_58 Normal { vector [
  0 1 0,0 1 0,
  0 1 0,0 1 0,
  0 1 0,0 1 0,
  0 1 0,0 1 0,
  0 1 0,0 1 0,
  0 1 0,0 1 0,
  0 1 0,0 1 0,
  0 1 0,0 1 0,
  0 1 0,0 1 0,
  0 1 0,0 1 0,
  0 1 0,0 1 0,
  0 1 0,0 1 0,
  0 1 0,0 1 0] }
}
}
DEF SHAPE_59 Shape {
 appearance USE APP_9
 geometry DEF FACE_59 IndexedFaceSet {
  coord DEF COORD_59 Coordinate { point [
  -0.2452329 0.23622047 0.51181102,-0.27843658 0.23622047 0.51181102,
  -0.27843658 0.23622047 0.23669481,-0.29266673 0.23622047 0.23669481,
  -0.29266673 0.23622047 0.23550896,-0.27072858 0.23622047 0.11811024,
  -0.2452329 0.23622047 0.11811024] }
 coordIndex [
  2,1,0,-1,2,4,3,-1,5,4,2,-1,6,5,2,-1,6,2,0,-1]
  normalPerVertex TRUE
  normal DEF NORM_59 Normal { vector [
  0 1 0,0 1 0,
  0 1 0,0 1 0,
  0 1 0,0 1 0,
  0 1 0] }
}
}
DEF SHAPE_60 Shape {
 appearance USE APP_7
 geometry DEF FACE_60 IndexedFaceSet {
  coord DEF COORD_60 Coordinate { point [
  0.43307087 0.22834646 0.62992126,0.43307087 0.23622047 0.62992126,
  -0.43307087 0.23622047 0.62992126,-0.43307087 0.22834646 0.62992126] }
 coordIndex [
  1,2,3,-1,1,3,0,-1]
  normalPerVertex TRUE
  normal DEF NORM_60 Normal { vector [
  0 0 1,0 0 1,
  0 0 1,0 0 1] }
}
}
DEF SHAPE_61 Shape {
 appearance USE APP_8
 geometry DEF FACE_61 IndexedFaceSet {
  coord DEF COORD_61 Coordinate { point [
  0.62204724 0.22834646 0,0.62204724 0.0078740157 0,
  0.43307087 0.0078740157 0,0.43307087 0 0,
  0.62992126 0 0,0.62992126 0.23622047 0,
  0.53149606 0.23622047 0,0.53149606 0.22834646 0] }
 coordIndex [
  1,3,2,-1,1,4,3,-1,0,7,6,-1,5,1,0,-1,5,4,1,-1,5,0,6,-1]
  normalPerVertex TRUE
  normal DEF NORM_61 Normal { vector [
  0 0 -1,0 0 -1,
  0 0 -1,0 0 -1,
  0 0 -1,0 0 -1,
  0 0 -1,0 0 -1] }
}
}
DEF SHAPE_62 Shape {
 appearance USE APP_8
 geometry DEF FACE_62 IndexedFaceSet {
  coord DEF COORD_62 Coordinate { point [
  -0.53149606 0.22834646 0.62992126,-0.53149606 0.23622047 0.62992126,
  -0.62992126 0.23622047 0.62992126,-0.62992126 0 0.62992126,
  -0.43307087 0 0.62992126,-0.43307087 0.0078740157 0.62992126,
  -0.62204724 0.0078740157 0.62992126,-0.62204724 0.22834646 0.62992126] }
 coordIndex [
  4,6,3,-1,5,6,4,-1,2,6,7,-1,2,3,6,-1,1,7,0,-1,1,2,7,-1]
  normalPerVertex TRUE
  normal DEF NORM_62 Normal { vector [
  0 0 1,0 0 1,
  0 0 1,0 0 1,
  0 0 1,0 0 1,
  0 0 1,0 0 1] }
}
}
DEF SHAPE_63 Shape {
 appearance USE APP_7
 geometry DEF FACE_63 IndexedFaceSet {
  coord DEF COORD_63 Coordinate { point [
  -0.43307087 0.22834646 0,-0.43307087 0.23622047 0,
  0.43307087 0.22834646 0,0.43307087 0.23622047 0] }
 coordIndex [
  3,0,1,-1,3,2,0,-1]
  normalPerVertex TRUE
  normal DEF NORM_63 Normal { vector [
  0 0 -1,0 0 -1,
  0 0 -1,0 0 -1] }
}
}
DEF SHAPE_64 Shape {
 appearance USE APP_8
 geometry DEF FACE_64 IndexedFaceSet {
  coord DEF COORD_64 Coordinate { point [
  0.43307087 0 0.62992126,0.43307087 0 0,
  0.62992126 0 0.62992126,0.62992126 0 0] }
 coordIndex [
  0,3,2,-1,0,1,3,-1]
  normalPerVertex TRUE
  normal DEF NORM_64 Normal { vector [
  0 -1 0,0 -1 0,
  0 -1 0,0 -1 0] }
}
}
DEF SHAPE_65 Shape {
 appearance USE APP_8
 geometry DEF FACE_65 IndexedFaceSet {
  coord DEF COORD_65 Coordinate { point [
  0.62992126 0 0.62992126,0.62992126 0 0,
  0.62992126 0.23622047 0.62992126,0.62992126 0.23622047 0] }
 coordIndex [
  0,3,2,-1,0,1,3,-1]
  normalPerVertex TRUE
  normal DEF NORM_65 Normal { vector [
  1 0 0,1 0 0,
  1 0 0,1 0 0] }
}
}
DEF SHAPE_66 Shape {
 appearance USE APP_8
 geometry DEF FACE_66 IndexedFaceSet {
  coord DEF COORD_66 Coordinate { point [
  0.53149606 0.23622047 0.078740157,0.53149606 0.23622047 0,
  0.62992126 0.23622047 0,0.62992126 0.23622047 0.62992126,
  0.53149606 0.23622047 0.62992126,0.53149606 0.23622047 0.5511811,
  0.43307087 0.23622047 0.5511811,0.43307087 0.23622047 0.078740157] }
 coordIndex [
  3,5,4,-1,0,6,5,-1,0,7,6,-1,2,1,0,-1,2,5,3,-1,2,0,5,-1]
  normalPerVertex TRUE
  normal DEF NORM_66 Normal { vector [
  0 1 0,0 1 0,
  0 1 0,0 1 0,
  0 1 0,0 1 0,
  0 1 0,0 1 0] }
}
}
DEF SHAPE_67 Shape {
 appearance USE APP_8
 geometry DEF FACE_67 IndexedFaceSet {
  coord DEF COORD_67 Coordinate { point [
  -0.62992126 0.23622047 0.62992126,-0.62992126 0.23622047 0,
  -0.62992126 0 0.62992126,-0.62992126 0 0] }
 coordIndex [
  0,3,2,-1,0,1,3,-1]
  normalPerVertex TRUE
  normal DEF NORM_67 Normal { vector [
  -1 0 0,-1 0 0,
  -1 0 0,-1 0 0] }
}
}
DEF SHAPE_68 Shape {
 appearance USE APP_8
 geometry DEF FACE_68 IndexedFaceSet {
  coord DEF COORD_68 Coordinate { point [
  -0.62992126 0 0.62992126,-0.62992126 0 0,
  -0.43307087 0 0.62992126,-0.43307087 0 0] }
 coordIndex [
  0,3,2,-1,0,1,3,-1]
  normalPerVertex TRUE
  normal DEF NORM_68 Normal { vector [
  0 -1 0,0 -1 0,
  0 -1 0,0 -1 0] }
}
}
DEF SHAPE_69 Shape {
 appearance USE APP_8
 geometry DEF FACE_69 IndexedFaceSet {
  coord DEF COORD_69 Coordinate { point [
  -0.43307087 0 0.62992126,-0.43307087 0 0,
  -0.43307087 0.0078740157 0.62992126,-0.43307087 0.0078740157 0] }
 coordIndex [
  2,0,1,-1,2,1,3,-1]
  normalPerVertex TRUE
  normal DEF NORM_69 Normal { vector [
  1 0 0,1 0 0,
  1 0 0,1 0 0] }
}
}
DEF SHAPE_70 Shape {
 appearance USE APP_5
 geometry DEF FACE_70 IndexedFaceSet {
  coord DEF COORD_70 Coordinate { point [
  -0.43307087 0.0078740157 0.62992126,-0.43307087 0.0078740157 0,
  -0.62204724 0.0078740157 0.62992126,-0.62204724 0.0078740157 0] }
 coordIndex [
  0,3,2,-1,0,1,3,-1]
  normalPerVertex TRUE
  normal DEF NORM_70 Normal { vector [
  0 1 0,0 1 0,
  0 1 0,0 1 0] }
}
}
DEF SHAPE_71 Shape {
 appearance USE APP_5
 geometry DEF FACE_71 IndexedFaceSet {
  coord DEF COORD_71 Coordinate { point [
  -0.62204724 0.0078740157 0.62992126,-0.62204724 0.0078740157 0,
  -0.62204724 0.22834646 0.62992126,-0.62204724 0.22834646 0] }
 coordIndex [
  2,0,1,-1,2,1,3,-1]
  normalPerVertex TRUE
  normal DEF NORM_71 Normal { vector [
  1 0 0,1 0 0,
  1 0 0,1 0 0] }
}
}
DEF SHAPE_72 Shape {
 appearance USE APP_5
 geometry DEF FACE_72 IndexedFaceSet {
  coord DEF COORD_72 Coordinate { point [
  0.53149606 0.22834646 0.62992126,0.53149606 0.22834646 0.5511811,
  0.62204724 0.22834646 0.62992126,0.62204724 0.22834646 0,
  0.53149606 0.22834646 0,0.53149606 0.22834646 0.078740157,
  0.43307087 0.22834646 0.078740157,0.43307087 0.22834646 0,
  -0.43307087 0.22834646 0,-0.43307087 0.22834646 0.078740157,
  -0.53149606 0.22834646 0.078740157,-0.53149606 0.22834646 0,
  -0.62204724 0.22834646 0,-0.62204724 0.22834646 0.62992126,
  -0.53149606 0.22834646 0.62992126,-0.53149606 0.22834646 0.5511811,
  -0.43307087 0.22834646 0.5511811,-0.43307087 0.22834646 0.62992126,
  0.43307087 0.22834646 0.62992126,0.43307087 0.22834646 0.5511811] }
 coordIndex [
  10,12,11,-1,15,13,12,-1,15,12,10,-1,14,13,15,-1,16,10,9,-1,16,15,10,-1,6,8,7,-1,6,9,8,-1,
  3,5,4,-1,19,9,6,-1,19,16,9,-1,18,17,16,-1,18,16,19,-1,1,6,5,-1,1,19,6,-1,2,0,1,-1,
  2,5,3,-1,2,1,5,-1]
  normalPerVertex TRUE
  normal DEF NORM_72 Normal { vector [
  0 -1 0,0 -1 0,
  0 -1 0,0 -1 0,
  0 -1 0,0 -1 0,
  0 -1 0,0 -1 0,
  0 -1 0,0 -1 0,
  0 -1 0,0 -1 0,
  0 -1 0,0 -1 0,
  0 -1 0,0 -1 0,
  0 -1 0,0 -1 0,
  0 -1 0,0 -1 0] }
}
}
DEF SHAPE_73 Shape {
 appearance USE APP_5
 geometry DEF FACE_73 IndexedFaceSet {
  coord DEF COORD_73 Coordinate { point [
  0.62204724 0.22834646 0.62992126,0.62204724 0.22834646 0,
  0.62204724 0.0078740157 0.62992126,0.62204724 0.0078740157 0] }
 coordIndex [
  1,2,0,-1,1,3,2,-1]
  normalPerVertex TRUE
  normal DEF NORM_73 Normal { vector [
  -1 0 0,-1 0 0,
  -1 0 0,-1 0 0] }
}
}
DEF SHAPE_74 Shape {
 appearance USE APP_5
 geometry DEF FACE_74 IndexedFaceSet {
  coord DEF COORD_74 Coordinate { point [
  0.62204724 0.0078740157 0.62992126,0.62204724 0.0078740157 0,
  0.43307087 0.0078740157 0.62992126,0.43307087 0.0078740157 0] }
 coordIndex [
  0,3,2,-1,0,1,3,-1]
  normalPerVertex TRUE
  normal DEF NORM_74 Normal { vector [
  0 1 0,0 1 0,
  0 1 0,0 1 0] }
}
}
DEF SHAPE_75 Shape {
 appearance USE APP_8
 geometry DEF FACE_75 IndexedFaceSet {
  coord DEF COORD_75 Coordinate { point [
  0.43307087 0.0078740157 0.62992126,0.43307087 0.0078740157 0,
  0.43307087 0 0.62992126,0.43307087 0 0] }
 coordIndex [
  1,2,0,-1,1,3,2,-1]
  normalPerVertex TRUE
  normal DEF NORM_75 Normal { vector [
  -1 0 0,-1 0 0,
  -1 0 0,-1 0 0] }
}
}
DEF SHAPE_76 Shape {
 appearance USE APP_8
 geometry DEF FACE_76 IndexedFaceSet {
  coord DEF COORD_76 Coordinate { point [
  0.53149606 0.22834646 0.62992126,0.53149606 0.23622047 0.62992126,
  0.62204724 0.22834646 0.62992126,0.62204724 0.0078740157 0.62992126,
  0.43307087 0.0078740157 0.62992126,0.43307087 0 0.62992126,
  0.62992126 0 0.62992126,0.62992126 0.23622047 0.62992126] }
 coordIndex [
  3,4,5,-1,3,5,6,-1,2,1,0,-1,7,2,3,-1,7,3,6,-1,7,1,2,-1]
  normalPerVertex TRUE
  normal DEF NORM_76 Normal { vector [
  0 0 1,0 0 1,
  0 0 1,0 0 1,
  0 0 1,0 0 1,
  0 0 1,0 0 1] }
}
}
DEF SHAPE_77 Shape {
 appearance USE APP_8
 geometry DEF FACE_77 IndexedFaceSet {
  coord DEF COORD_77 Coordinate { point [
  -0.62992126 0.23622047 0,-0.62992126 0 0,
  -0.43307087 0 0,-0.43307087 0.0078740157 0,
  -0.62204724 0.0078740157 0,-0.62204724 0.22834646 0,
  -0.53149606 0.22834646 0,-0.53149606 0.23622047 0] }
 coordIndex [
  2,1,4,-1,3,2,4,-1,0,5,4,-1,0,4,1,-1,7,6,5,-1,7,5,0,-1]
  normalPerVertex TRUE
  normal DEF NORM_77 Normal { vector [
  0 0 -1,0 0 -1,
  0 0 -1,0 0 -1,
  0 0 -1,0 0 -1,
  0 0 -1,0 0 -1] }
}
}
DEF SHAPE_78 Shape {
 appearance USE APP_7
 geometry DEF FACE_78 IndexedFaceSet {
  coord DEF COORD_78 Coordinate { point [
  -0.43307087 0.22834646 0.078740157,-0.43307087 0.23622047 0.078740157,
  -0.43307087 0.22834646 0,-0.43307087 0.23622047 0] }
 coordIndex [
  3,0,1,-1,3,2,0,-1]
  normalPerVertex TRUE
  normal DEF NORM_78 Normal { vector [
  -1 0 0,-1 0 0,
  -1 0 0,-1 0 0] }
}
}
DEF SHAPE_79 Shape {
 appearance USE APP_8
 geometry DEF FACE_79 IndexedFaceSet {
  coord DEF COORD_79 Coordinate { point [
  -0.53149606 0.22834646 0.078740157,-0.53149606 0.23622047 0.078740157,
  -0.43307087 0.22834646 0.078740157,-0.43307087 0.23622047 0.078740157] }
 coordIndex [
  3,0,1,-1,3,2,0,-1]
  normalPerVertex TRUE
  normal DEF NORM_79 Normal { vector [
  0 0 -1,0 0 -1,
  0 0 -1,0 0 -1] }
}
}
DEF SHAPE_80 Shape {
 appearance USE APP_8
 geometry DEF FACE_80 IndexedFaceSet {
  coord DEF COORD_80 Coordinate { point [
  -0.53149606 0.22834646 0,-0.53149606 0.23622047 0,
  -0.53149606 0.22834646 0.078740157,-0.53149606 0.23622047 0.078740157] }
 coordIndex [
  2,0,1,-1,3,2,1,-1]
  normalPerVertex TRUE
  normal DEF NORM_80 Normal { vector [
  1 0 0,1 0 0,
  1 0 0,1 0 0] }
}
}
DEF SHAPE_81 Shape {
 appearance USE APP_8
 geometry DEF FACE_81 IndexedFaceSet {
  coord DEF COORD_81 Coordinate { point [
  -0.53149606 0.22834646 0.5511811,-0.53149606 0.23622047 0.5511811,
  -0.53149606 0.22834646 0.62992126,-0.53149606 0.23622047 0.62992126] }
 coordIndex [
  3,0,1,-1,3,2,0,-1]
  normalPerVertex TRUE
  normal DEF NORM_81 Normal { vector [
  1 0 0,1 0 0,
  1 0 0,1 0 0] }
}
}
DEF SHAPE_82 Shape {
 appearance USE APP_8
 geometry DEF FACE_82 IndexedFaceSet {
  coord DEF COORD_82 Coordinate { point [
  -0.43307087 0.22834646 0.5511811,-0.43307087 0.23622047 0.5511811,
  -0.53149606 0.22834646 0.5511811,-0.53149606 0.23622047 0.5511811] }
 coordIndex [
  3,0,1,-1,3,2,0,-1]
  normalPerVertex TRUE
  normal DEF NORM_82 Normal { vector [
  0 0 1,0 0 1,
  0 0 1,0 0 1] }
}
}
DEF SHAPE_83 Shape {
 appearance USE APP_7
 geometry DEF FACE_83 IndexedFaceSet {
  coord DEF COORD_83 Coordinate { point [
  -0.43307087 0.22834646 0.62992126,-0.43307087 0.23622047 0.62992126,
  -0.43307087 0.22834646 0.5511811,-0.43307087 0.23622047 0.5511811] }
 coordIndex [
  3,0,1,-1,3,2,0,-1]
  normalPerVertex TRUE
  normal DEF NORM_83 Normal { vector [
  -1 0 0,-1 0 0,
  -1 0 0,-1 0 0] }
}
}
DEF SHAPE_84 Shape {
 appearance USE APP_8
 geometry DEF FACE_84 IndexedFaceSet {
  coord DEF COORD_84 Coordinate { point [
  0.53149606 0.22834646 0.078740157,0.53149606 0.23622047 0.078740157,
  0.53149606 0.22834646 0,0.53149606 0.23622047 0] }
 coordIndex [
  3,0,1,-1,3,2,0,-1]
  normalPerVertex TRUE
  normal DEF NORM_84 Normal { vector [
  -1 0 0,-1 0 0,
  -1 0 0,-1 0 0] }
}
}
DEF SHAPE_85 Shape {
 appearance USE APP_8
 geometry DEF FACE_85 IndexedFaceSet {
  coord DEF COORD_85 Coordinate { point [
  0.43307087 0.22834646 0.078740157,0.43307087 0.23622047 0.078740157,
  0.53149606 0.22834646 0.078740157,0.53149606 0.23622047 0.078740157] }
 coordIndex [
  3,0,1,-1,3,2,0,-1]
  normalPerVertex TRUE
  normal DEF NORM_85 Normal { vector [
  0 0 -1,0 0 -1,
  0 0 -1,0 0 -1] }
}
}
DEF SHAPE_86 Shape {
 appearance USE APP_7
 geometry DEF FACE_86 IndexedFaceSet {
  coord DEF COORD_86 Coordinate { point [
  0.43307087 0.22834646 0,0.43307087 0.23622047 0,
  0.43307087 0.22834646 0.078740157,0.43307087 0.23622047 0.078740157] }
 coordIndex [
  3,0,1,-1,3,2,0,-1]
  normalPerVertex TRUE
  normal DEF NORM_86 Normal { vector [
  1 0 0,1 0 0,
  1 0 0,1 0 0] }
}
}
DEF SHAPE_87 Shape {
 appearance USE APP_7
 geometry DEF FACE_87 IndexedFaceSet {
  coord DEF COORD_87 Coordinate { point [
  0.43307087 0.22834646 0.5511811,0.43307087 0.23622047 0.5511811,
  0.43307087 0.22834646 0.62992126,0.43307087 0.23622047 0.62992126] }
 coordIndex [
  3,0,1,-1,3,2,0,-1]
  normalPerVertex TRUE
  normal DEF NORM_87 Normal { vector [
  1 0 0,1 0 0,
  1 0 0,1 0 0] }
}
}
DEF SHAPE_88 Shape {
 appearance USE APP_8
 geometry DEF FACE_88 IndexedFaceSet {
  coord DEF COORD_88 Coordinate { point [
  0.53149606 0.22834646 0.5511811,0.53149606 0.23622047 0.5511811,
  0.43307087 0.22834646 0.5511811,0.43307087 0.23622047 0.5511811] }
 coordIndex [
  3,0,1,-1,3,2,0,-1]
  normalPerVertex TRUE
  normal DEF NORM_88 Normal { vector [
  0 0 1,0 0 1,
  0 0 1,0 0 1] }
}
}
DEF SHAPE_89 Shape {
 appearance USE APP_8
 geometry DEF FACE_89 IndexedFaceSet {
  coord DEF COORD_89 Coordinate { point [
  0.53149606 0.22834646 0.62992126,0.53149606 0.23622047 0.62992126,
  0.53149606 0.22834646 0.5511811,0.53149606 0.23622047 0.5511811] }
 coordIndex [
  2,0,1,-1,3,2,1,-1]
  normalPerVertex TRUE
  normal DEF NORM_89 Normal { vector [
  -1 0 0,-1 0 0,
  -1 0 0,-1 0 0] }
}
}
] }
] }
] }
] }
DEF TXFM_12 Transform {
  center 0 0 0
  rotation 0.57735027 -0.57735027 -0.57735027 2.0943951
  scale 1 1 1
  scaleOrientation 0 0 1 0
  translation 0.87600237 2.1849992 0.31496063
 children [
USE TXFM_8
] }
DEF TXFM_13 Transform {
  center 0 0 0
  rotation 0 0.70710678 0.70710678 3.1415927
  scale 1 1 1
  scaleOrientation 0 0 1 0
  translation 2.0275189 2.3917142 0.31496063
 children [
USE TXFM_8
] }
DEF TXFM_14 Transform {
  center 0 0 0
  rotation 0 0.70710678 0.70710678 3.1415927
  scale 1 1 1
  scaleOrientation 0 0 1 0
  translation 5.1180783 1.8897331 0.31496063
 children [
DEF TXFM_15 Transform {
  center 0 0 0
  rotation 0 0 1 0
  scale 1 1 1
  scaleOrientation 0 0 1 0
  translation 0 0 0
 children [
DEF TXFM_16 Transform {
  center 0 0 0
  rotation 0 0 1 0
  scale 1 1 1
  scaleOrientation 0 0 1 0
  translation 0 0 0
 children [
DEF TXFM_17 Transform {
  center 0 0 0
  rotation 0 0 1 0
  scale 1 1 1
  scaleOrientation 0 0 1 0
  translation 0 0 0
 children [
DEF SHAPE_90 Shape {
 appearance DEF APP_10 Appearance {
  material Material {
   ambientIntensity 0.2030614
   diffuseColor 0.55686277 0.49411765 0.28627452
   emissiveColor 0 0 0
   shininess 0.1
   specularColor 0.12 0.12 0.12
   transparency 0
} }
 geometry DEF FACE_90 IndexedFaceSet {
  coord DEF COORD_90 Coordinate { point [
  0.19685039 0.31968504 0.15748031,-0.19685039 0.31968504 0.15748031,
  0.19685039 0.0047244094 0.15748031,-0.19685039 0.0047244094 0.15748031] }
 coordIndex [
  0,3,2,-1,0,1,3,-1]
  normalPerVertex TRUE
  normal DEF NORM_90 Normal { vector [
  0 0 1,0 0 1,
  0 0 1,0 0 1] }
}
}
DEF SHAPE_91 Shape {
 appearance USE APP_10
 geometry DEF FACE_91 IndexedFaceSet {
  coord DEF COORD_91 Coordinate { point [
  0.19685039 0.0047244094 0.15748031,-0.19685039 0.0047244094 0.15748031,
  0.19685039 0.0047244094 -0.15748031,-0.19685039 0.0047244094 -0.15748031] }
 coordIndex [
  0,3,2,-1,0,1,3,-1]
  normalPerVertex TRUE
  normal DEF NORM_91 Normal { vector [
  0 -1 0,0 -1 0,
  0 -1 0,0 -1 0] }
}
}
DEF SHAPE_92 Shape {
 appearance USE APP_10
 geometry DEF FACE_92 IndexedFaceSet {
  coord DEF COORD_92 Coordinate { point [
  0.19685039 0.0047244094 -0.15748031,-0.19685039 0.0047244094 -0.15748031,
  0.19685039 0.31968504 -0.15748031,-0.19685039 0.31968504 -0.15748031] }
 coordIndex [
  0,3,2,-1,0,1,3,-1]
  normalPerVertex TRUE
  normal DEF NORM_92 Normal { vector [
  0 0 -1,0 0 -1,
  0 0 -1,0 0 -1] }
}
}
DEF SHAPE_93 Shape {
 appearance USE APP_10
 geometry DEF FACE_93 IndexedFaceSet {
  coord DEF COORD_93 Coordinate { point [
  0.19685039 0.31968504 -0.15748031,-0.19685039 0.31968504 -0.15748031,
  0.19685039 0.31968504 0.15748031,-0.19685039 0.31968504 0.15748031] }
 coordIndex [
  0,3,2,-1,0,1,3,-1]
  normalPerVertex TRUE
  normal DEF NORM_93 Normal { vector [
  0 1 0,0 1 0,
  0 1 0,0 1 0] }
}
}
DEF SHAPE_94 Shape {
 appearance DEF APP_11 Appearance {
  material Material {
   ambientIntensity 0.1328125
   diffuseColor 0.75294119 0.75294119 0.75294119
   emissiveColor 0 0 0
   shininess 0.1
   specularColor 0.12 0.12 0.12
   transparency 0
} }
 geometry DEF FACE_94 IndexedFaceSet {
  coord DEF COORD_94 Coordinate { point [
  0.31023622 0.32440945 -0.15748031,0.2015748 0.32440945 -0.15748031,
  0.2015748 0.32440945 0.15748031,0.31023622 0.32440945 0.15748031] }
 coordIndex [
  3,0,1,-1,3,1,2,-1]
  normalPerVertex TRUE
  normal DEF NORM_94 Normal { vector [
  0 1 0,0 1 0,
  0 1 0,0 1 0] }
}
}
DEF SHAPE_95 Shape {
 appearance USE APP_11
 geometry DEF FACE_95 IndexedFaceSet {
  coord DEF COORD_95 Coordinate { point [
  0.2015748 0.0047244094 -0.16220472,0.2015748 0.31968504 -0.16220472,
  0.31023622 0.31968504 -0.16220472,0.31023622 0.0047244094 -0.16220472] }
 coordIndex [
  2,0,1,-1,2,3,0,-1]
  normalPerVertex TRUE
  normal DEF NORM_95 Normal { vector [
  0 0 -1,0 0 -1,
  0 0 -1,0 0 -1] }
}
}
DEF SHAPE_96 Shape {
 appearance USE APP_11
 geometry DEF FACE_96 IndexedFaceSet {
  coord DEF COORD_96 Coordinate { point [
  0.31023622 0 0.15748031,0.2015748 0 0.15748031,
  0.2015748 0 -0.15748031,0.31023622 0 -0.15748031] }
 coordIndex [
  3,0,1,-1,3,1,2,-1]
  normalPerVertex TRUE
  normal DEF NORM_96 Normal { vector [
  0 -1 0,0 -1 0,
  0 -1 0,0 -1 0] }
}
}
DEF SHAPE_97 Shape {
 appearance USE APP_11
 geometry DEF FACE_97 IndexedFaceSet {
  coord DEF COORD_97 Coordinate { point [
  0.2015748 0.31968504 0.16220472,0.2015748 0.0047244094 0.16220472,
  0.31023622 0.0047244094 0.16220472,0.31023622 0.31968504 0.16220472] }
 coordIndex [
  2,0,1,-1,2,3,0,-1]
  normalPerVertex TRUE
  normal DEF NORM_97 Normal { vector [
  0 0 1,0 0 1,
  0 0 1,0 0 1] }
}
}
DEF SHAPE_98 Shape {
 appearance USE APP_11
 geometry DEF FACE_98 IndexedFaceSet {
  coord DEF COORD_98 Coordinate { point [
  0.31496063 0.0047244094 0.15748031,0.31496063 0.0047244094 -0.15748031,
  0.31496063 0.31968504 -0.15748031,0.31496063 0.31968504 0.15748031] }
 coordIndex [
  2,0,1,-1,2,3,0,-1]
  normalPerVertex TRUE
  normal DEF NORM_98 Normal { vector [
  1 0 0,1 0 0,
  1 0 0,1 0 0] }
}
}
DEF SHAPE_99 Shape {
 appearance USE APP_11
 geometry DEF FACE_99 IndexedFaceSet {
  coord DEF COORD_99 Coordinate { point [
  0.31496063 0.0047244094 -0.15748031,0.31432768 0.0023622047 -0.15748031,
  0.31259843 0.00063295085 -0.15748031,0.31023622 0 -0.15748031,
  0.31496063 0.0047244094 0.15748031,0.31023622 0 0.15748031,
  0.31259843 0.00063295085 0.15748031,0.31432768 0.0023622047 0.15748031] }
 coordIndex [
  1,0,4,-1,1,4,7,-1,2,7,6,-1,2,1,7,-1,3,6,5,-1,3,2,6,-1]
  normalPerVertex TRUE
  normal DEF NORM_99 Normal { vector [
  0.96592583 -0.25881905 0,0.90707274 -0.42097392 0,
  0.57506107 -0.81811048 0,0.25881905 -0.96592583 0,
  0.96592583 -0.25881905 0,0.25881905 -0.96592583 0,
  0.42097392 -0.90707274 0,0.81811048 -0.57506107 0] }
}
}
DEF SHAPE_100 Shape {
 appearance USE APP_11
 geometry DEF FACE_100 IndexedFaceSet {
  coord DEF COORD_100 Coordinate { point [
  0.31496063 0.0047244094 -0.15748031,0.31432768 0.0047244094 -0.15984252,
  0.31259843 0.0047244094 -0.16157177,0.31023622 0.0047244094 -0.16220472,
  0.31432768 0.0023622047 -0.15748031,0.31259843 0.00063295085 -0.15748031,
  0.31023622 0 -0.15748031,0.31023622 0 -0.15748031,
  0.31023622 0.0023622047 -0.16157177,0.31023622 0.00063295085 -0.15984252,
  0.31332259 0.0013837475 -0.15875873,0.31151464 0.0013837475 -0.16056668] }
 coordIndex [
  9,5,6,-1,9,6,7,-1,1,0,4,-1,3,2,8,-1,10,4,5,-1,10,1,4,-1,11,2,1,-1,11,9,8,-1,
  11,10,5,-1,11,5,9,-1,11,8,2,-1,11,1,10,-1]
  normalPerVertex TRUE
  normal DEF NORM_100 Normal { vector [
  0 0 1,0.76211618 -0.37751274 -0.5259877,
  0.46653274 -0.36184105 -0.80710486,0 0 1,
  0 0 1,0.37685175 -0.88975224 -0.25753391,
  0 0 1,0 0 1,
  0 0 1,0 0 1,
  0.6941809 -0.55677796 -0.45619203,0.49713474 -0.58177468 -0.64373541] }
}
}
DEF SHAPE_101 Shape {
 appearance USE APP_11
 geometry DEF FACE_101 IndexedFaceSet {
  coord DEF COORD_101 Coordinate { point [
  0.31023622 0 0.15748031,0.31023622 0.00063295085 0.15984252,
  0.31023622 0.0023622047 0.16157177,0.31023622 0.0047244094 0.16220472,
  0.31023622 0 0.15748031,0.31259843 0.00063295085 0.15748031,
  0.31432768 0.0023622047 0.15748031,0.31496063 0.0047244094 0.15748031,
  0.31259843 0.0047244094 0.16157177,0.31432768 0.0047244094 0.15984252,
  0.31151464 0.0013837475 0.16056668,0.31332259 0.0013837475 0.15875873] }
 coordIndex [
  5,1,0,-1,5,0,4,-1,8,3,2,-1,7,9,6,-1,10,2,1,-1,10,8,2,-1,11,5,6,-1,11,9,8,-1,
  11,1,5,-1,11,10,1,-1,11,8,10,-1,11,6,9,-1]
  normalPerVertex TRUE
  normal DEF NORM_101 Normal { vector [
  0 0 1,0.25753391 -0.88975224 0.37685175,
  0 0 1,0 0 1,
  0 0 1,0 0 1,
  0 0 1,0 0 1,
  0.5259877 -0.37751274 0.76211618,0.80710486 -0.36184105 0.46653274,
  0.45619203 -0.55677796 0.6941809,0.64373541 -0.58177468 0.49713474] }
}
}
DEF SHAPE_102 Shape {
 appearance USE APP_11
 geometry DEF FACE_102 IndexedFaceSet {
  coord DEF COORD_102 Coordinate { point [
  0.31023622 0.0047244094 -0.16220472,0.31023622 0.0023622047 -0.16157177,
  0.31023622 0.00063295085 -0.15984252,0.31023622 0 -0.15748031,
  0.2015748 0 -0.15748031,0.2015748 0.0047244094 -0.16220472,
  0.2015748 0.0023622047 -0.16157177,0.2015748 0.00063295085 -0.15984252] }
 coordIndex [
  3,4,7,-1,2,7,6,-1,2,3,7,-1,1,2,6,-1,0,6,5,-1,0,1,6,-1]
  normalPerVertex TRUE
  normal DEF NORM_102 Normal { vector [
  0 -0.25881905 -0.96592583,0 -0.5 -0.8660254,
  0 -0.81811048 -0.57506107,0 -0.96592583 -0.25881905,
  0 -0.96592583 -0.25881905,0 -0.25881905 -0.96592583,
  0 -0.5 -0.8660254,0 -0.90707274 -0.42097392] }
}
}
DEF SHAPE_103 Shape {
 appearance USE APP_11
 geometry DEF FACE_103 IndexedFaceSet {
  coord DEF COORD_103 Coordinate { point [
  0.31496063 0.0047244094 -0.15748031,0.31432768 0.0047244094 -0.15984252,
  0.31259843 0.0047244094 -0.16157177,0.31023622 0.0047244094 -0.16220472,
  0.31023622 0.31968504 -0.16220472,0.31496063 0.31968504 -0.15748031,
  0.31432768 0.31968504 -0.15984252,0.31259843 0.31968504 -0.16157177] }
 coordIndex [
  6,0,1,-1,6,5,0,-1,7,1,2,-1,7,6,1,-1,4,2,3,-1,4,7,2,-1]
  normalPerVertex TRUE
  normal DEF NORM_103 Normal { vector [
  0.96592583 0 -0.25881905,0.81811048 0 -0.57506107,
  0.42097392 0 -0.90707274,0.25881905 0 -0.96592583,
  0.25881905 0 -0.96592583,0.96592583 0 -0.25881905,
  0.90707274 0 -0.42097392,0.57506107 0 -0.81811048] }
}
}
DEF SHAPE_104 Shape {
 appearance USE APP_11
 geometry DEF FACE_104 IndexedFaceSet {
  coord DEF COORD_104 Coordinate { point [
  0.31496063 0.31968504 0.15748031,0.31432768 0.32204724 0.15748031,
  0.31259843 0.3237765 0.15748031,0.31023622 0.32440945 0.15748031,
  0.31496063 0.31968504 -0.15748031,0.31023622 0.32440945 -0.15748031,
  0.31259843 0.3237765 -0.15748031,0.31432768 0.32204724 -0.15748031] }
 coordIndex [
  1,0,4,-1,1,4,7,-1,2,7,6,-1,2,1,7,-1,3,6,5,-1,3,2,6,-1]
  normalPerVertex TRUE
  normal DEF NORM_104 Normal { vector [
  0.96592583 0.25881905 0,0.90707274 0.42097392 0,
  0.57506107 0.81811048 0,0.25881905 0.96592583 0,
  0.96592583 0.25881905 0,0.25881905 0.96592583 0,
  0.42097392 0.90707274 0,0.81811048 0.57506107 0] }
}
}
DEF SHAPE_105 Shape {
 appearance USE APP_11
 geometry DEF FACE_105 IndexedFaceSet {
  coord DEF COORD_105 Coordinate { point [
  0.31023622 0.0047244094 0.16220472,0.31259843 0.0047244094 0.16157177,
  0.31432768 0.0047244094 0.15984252,0.31496063 0.0047244094 0.15748031,
  0.31496063 0.31968504 0.15748031,0.31023622 0.31968504 0.16220472,
  0.31259843 0.31968504 0.16157177,0.31432768 0.31968504 0.15984252] }
 coordIndex [
  2,3,4,-1,2,4,7,-1,1,7,6,-1,1,2,7,-1,0,6,5,-1,0,1,6,-1]
  normalPerVertex TRUE
  normal DEF NORM_105 Normal { vector [
  0.25881905 0 0.96592583,0.57506107 0 0.81811048,
  0.90707274 0 0.42097392,0.96592583 0 0.25881905,
  0.96592583 0 0.25881905,0.25881905 0 0.96592583,
  0.42097392 0 0.90707274,0.81811048 0 0.57506107] }
}
}
DEF SHAPE_106 Shape {
 appearance USE APP_11
 geometry DEF FACE_106 IndexedFaceSet {
  coord DEF COORD_106 Coordinate { point [
  0.31023622 0 0.15748031,0.31023622 0.00063295085 0.15984252,
  0.31023622 0.0023622047 0.16157177,0.31023622 0.0047244094 0.16220472,
  0.2015748 0.0047244094 0.16220472,0.2015748 0 0.15748031,
  0.2015748 0.00063295085 0.15984252,0.2015748 0.0023622047 0.16157177] }
 coordIndex [
  2,3,4,-1,2,4,7,-1,1,7,6,-1,1,2,7,-1,0,6,5,-1,0,1,6,-1]
  normalPerVertex TRUE
  normal DEF NORM_106 Normal { vector [
  0 -0.96592583 0.25881905,0 -0.81811048 0.57506107,
  0 -0.42097392 0.90707274,0 -0.25881905 0.96592583,
  0 -0.25881905 0.96592583,0 -0.96592583 0.25881905,
  0 -0.90707274 0.42097392,0 -0.57506107 0.81811048] }
}
}
DEF SHAPE_107 Shape {
 appearance USE APP_11
 geometry DEF FACE_107 IndexedFaceSet {
  coord DEF COORD_107 Coordinate { point [
  0.2015748 0 -0.15748031,0.1992126 0.00063295085 -0.15748031,
  0.19748334 0.0023622047 -0.15748031,0.19685039 0.0047244094 -0.15748031,
  0.2015748 0 0.15748031,0.19685039 0.0047244094 0.15748031,
  0.19748334 0.0023622047 0.15748031,0.1992126 0.00063295085 0.15748031] }
 coordIndex [
  6,3,2,-1,6,5,3,-1,7,2,1,-1,7,6,2,-1,4,1,0,-1,4,7,1,-1]
  normalPerVertex TRUE
  normal DEF NORM_107 Normal { vector [
  -0.25881905 -0.96592583 0,-0.42097392 -0.90707274 0,
  -0.81811048 -0.57506107 0,-0.96592583 -0.25881905 0,
  -0.25881905 -0.96592583 0,-0.96592583 -0.25881905 0,
  -0.90707274 -0.42097392 0,-0.57506107 -0.81811048 0] }
}
}
DEF SHAPE_108 Shape {
 appearance USE APP_11
 geometry DEF FACE_108 IndexedFaceSet {
  coord DEF COORD_108 Coordinate { point [
  0.2015748 0.0047244094 -0.16220472,0.2015748 0.0023622047 -0.16157177,
  0.2015748 0.00063295085 -0.15984252,0.2015748 0 -0.15748031,
  0.2015748 0 -0.15748031,0.1992126 0.00063295085 -0.15748031,
  0.19748334 0.0023622047 -0.15748031,0.19685039 0.0047244094 -0.15748031,
  0.1992126 0.0047244094 -0.16157177,0.19748334 0.0047244094 -0.15984252,
  0.20029639 0.0013837475 -0.16056668,0.19848843 0.0013837475 -0.15875873,
  0.19848843 0.0013837475 -0.1562019] }
 coordIndex [
  8,0,1,-1,5,3,4,-1,10,1,2,-1,10,8,1,-1,11,2,3,-1,11,6,7,-1,11,9,8,-1,11,7,9,-1,
  11,3,5,-1,11,10,2,-1,11,8,10,-1,12,5,6,-1,12,11,5,-1,12,6,11,-1]
  normalPerVertex TRUE
  normal DEF NORM_108 Normal { vector [
  0 0 1,0 0 1,
  0 0 1,0 0 1,
  0 0 1,0 0 1,
  0 0 1,0 0 1,
  -0.5259877 -0.37751274 -0.76211618,-0.79766923 -0.38939918 -0.46053455,
  -0.45619203 -0.55677796 -0.6941809,-0.662699 -0.61755352 -0.42362446,
  0 0 1] }
}
}
DEF SHAPE_109 Shape {
 appearance USE APP_11
 geometry DEF FACE_109 IndexedFaceSet {
  coord DEF COORD_109 Coordinate { point [
  0.31023622 0.32440945 -0.15748031,0.31259843 0.3237765 -0.15748031,
  0.31432768 0.32204724 -0.15748031,0.31496063 0.31968504 -0.15748031,
  0.31432768 0.31968504 -0.15984252,0.31259843 0.31968504 -0.16157177,
  0.31023622 0.31968504 -0.16220472,0.31023622 0.3237765 -0.15984252,
  0.31023622 0.32204724 -0.16157177,0.31332259 0.3230257 -0.15875873] }
 coordIndex [
  2,3,4,-1,8,4,5,-1,8,5,6,-1,8,2,4,-1,0,1,7,-1,9,1,2,-1,9,8,7,-1,9,2,8,-1,
  9,7,1,-1]
  normalPerVertex TRUE
  normal DEF NORM_109 Normal { vector [
  0 0 1,0 0 1,
  0.73955238 0.42226351 -0.52417154,0 0 1,
  0.66755482 0.52648389 -0.52648389,0 0 1,
  0 0 1,0.33929189 0.82424839 -0.45331623,
  0.54322203 0.47157867 -0.69463902,0.57735027 0.57735027 -0.57735027] }
}
}
DEF SHAPE_110 Shape {
 appearance USE APP_11
 geometry DEF FACE_110 IndexedFaceSet {
  coord DEF COORD_110 Coordinate { point [
  0.31023622 0.31968504 0.16220472,0.31259843 0.31968504 0.16157177,
  0.31432768 0.31968504 0.15984252,0.31496063 0.31968504 0.15748031,
  0.31432768 0.32204724 0.15748031,0.31259843 0.3237765 0.15748031,
  0.31023622 0.32440945 0.15748031,0.31023622 0.32440945 0.15748031,
  0.31023622 0.32204724 0.16157177,0.31023622 0.3237765 0.15984252,
  0.31151464 0.3230257 0.16056668,0.31332259 0.3230257 0.15875873] }
 coordIndex [
  8,0,1,-1,4,2,3,-1,6,7,9,-1,6,9,5,-1,10,9,8,-1,10,8,1,-1,11,1,2,-1,11,4,5,-1,
  11,9,10,-1,11,10,1,-1,11,2,4,-1,11,5,9,-1]
  normalPerVertex TRUE
  normal DEF NORM_110 Normal { vector [
  0 0 1,0.5259877 0.37751274 0.76211618,
  0.80710486 0.36184105 0.46653274,0 0 1,
  0 0 1,0 0 1,
  0 0 1,0 0 1,
  0 0 1,0.25753391 0.88975224 0.37685175,
  0.45619203 0.55677796 0.6941809,0.64373541 0.58177468 0.49713474] }
}
}
DEF SHAPE_111 Shape {
 appearance USE APP_11
 geometry DEF FACE_111 IndexedFaceSet {
  coord DEF COORD_111 Coordinate { point [
  0.19685039 0.0047244094 0.15748031,0.19748334 0.0023622047 0.15748031,
  0.1992126 0.00063295085 0.15748031,0.2015748 0 0.15748031,
  0.2015748 0 0.15748031,0.2015748 0.00063295085 0.15984252,
  0.2015748 0.0023622047 0.16157177,0.2015748 0.0047244094 0.16220472,
  0.19748334 0.0047244094 0.15984252,0.1992126 0.0047244094 0.16157177,
  0.19848843 0.0013837475 0.15875873,0.20029639 0.0013837475 0.16056668] }
 coordIndex [
  5,2,3,-1,5,3,4,-1,8,0,1,-1,7,9,6,-1,10,1,2,-1,10,8,1,-1,11,5,6,-1,11,9,8,-1,
  11,10,2,-1,11,2,5,-1,11,8,10,-1,11,6,9,-1]
  normalPerVertex TRUE
  normal DEF NORM_111 Normal { vector [
  0 0 1,0 0 1,
  -0.37685175 -0.88975224 0.25753391,0 0 1,
  0 0 1,0 0 1,
  0 0 1,0 0 1,
  -0.76211618 -0.37751274 0.5259877,-0.46653274 -0.36184105 0.80710486,
  -0.6941809 -0.55677796 0.45619203,-0.49713474 -0.58177468 0.64373541] }
}
}
DEF SHAPE_112 Shape {
 appearance USE APP_11
 geometry DEF FACE_112 IndexedFaceSet {
  coord DEF COORD_112 Coordinate { point [
  0.2015748 0.0047244094 -0.16220472,0.1992126 0.0047244094 -0.16157177,
  0.19748334 0.0047244094 -0.15984252,0.19685039 0.0047244094 -0.15748031,
  0.19685039 0.31968504 -0.15748031,0.2015748 0.31968504 -0.16220472,
  0.1992126 0.31968504 -0.16157177,0.19748334 0.31968504 -0.15984252] }
 coordIndex [
  2,3,4,-1,2,4,7,-1,1,7,6,-1,1,2,7,-1,0,6,5,-1,0,1,6,-1]
  normalPerVertex TRUE
  normal DEF NORM_112 Normal { vector [
  -0.25881905 0 -0.96592583,-0.57506107 0 -0.81811048,
  -0.90707274 0 -0.42097392,-0.96592583 0 -0.25881905,
  -0.96592583 0 -0.25881905,-0.25881905 0 -0.96592583,
  -0.42097392 0 -0.90707274,-0.81811048 0 -0.57506107] }
}
}
DEF SHAPE_113 Shape {
 appearance USE APP_11
 geometry DEF FACE_113 IndexedFaceSet {
  coord DEF COORD_113 Coordinate { point [
  0.31023622 0.32440945 -0.15748031,0.31023622 0.3237765 -0.15984252,
  0.31023622 0.32204724 -0.16157177,0.31023622 0.31968504 -0.16220472,
  0.2015748 0.31968504 -0.16220472,0.2015748 0.32440945 -0.15748031,
  0.2015748 0.3237765 -0.15984252,0.2015748 0.32204724 -0.16157177] }
 coordIndex [
  2,3,4,-1,2,4,7,-1,1,7,6,-1,1,2,7,-1,0,6,5,-1,0,1,6,-1]
  normalPerVertex TRUE
  normal DEF NORM_113 Normal { vector [
  0 0.96592583 -0.25881905,0 0.81811048 -0.57506107,
  0 0.42097392 -0.90707274,0 0.25881905 -0.96592583,
  0 0.25881905 -0.96592583,0 0.96592583 -0.25881905,
  0 0.90707274 -0.42097392,0 0.57506107 -0.81811048] }
}
}
DEF SHAPE_114 Shape {
 appearance USE APP_11
 geometry DEF FACE_114 IndexedFaceSet {
  coord DEF COORD_114 Coordinate { point [
  0.31023622 0.31968504 0.16220472,0.31023622 0.32204724 0.16157177,
  0.31023622 0.3237765 0.15984252,0.31023622 0.32440945 0.15748031,
  0.2015748 0.32440945 0.15748031,0.2015748 0.31968504 0.16220472,
  0.2015748 0.32204724 0.16157177,0.2015748 0.3237765 0.15984252] }
 coordIndex [
  3,4,7,-1,2,7,6,-1,2,3,7,-1,1,2,6,-1,0,6,5,-1,0,1,6,-1]
  normalPerVertex TRUE
  normal DEF NORM_114 Normal { vector [
  0 0.25881905 0.96592583,0 0.5 0.8660254,
  0 0.81811048 0.57506107,0 0.96592583 0.25881905,
  0 0.96592583 0.25881905,0 0.25881905 0.96592583,
  0 0.5 0.8660254,0 0.90707274 0.42097392] }
}
}
DEF SHAPE_115 Shape {
 appearance USE APP_11
 geometry DEF FACE_115 IndexedFaceSet {
  coord DEF COORD_115 Coordinate { point [
  0.19685039 0.0047244094 0.15748031,0.19748334 0.0047244094 0.15984252,
  0.1992126 0.0047244094 0.16157177,0.2015748 0.0047244094 0.16220472,
  0.2015748 0.31968504 0.16220472,0.19685039 0.31968504 0.15748031,
  0.19748334 0.31968504 0.15984252,0.1992126 0.31968504 0.16157177] }
 coordIndex [
  6,0,1,-1,6,5,0,-1,7,1,2,-1,7,6,1,-1,4,2,3,-1,4,7,2,-1]
  normalPerVertex TRUE
  normal DEF NORM_115 Normal { vector [
  -0.96592583 0 0.25881905,-0.81811048 0 0.57506107,
  -0.42097392 0 0.90707274,-0.25881905 0 0.96592583,
  -0.25881905 0 0.96592583,-0.96592583 0 0.25881905,
  -0.90707274 0 0.42097392,-0.57506107 0 0.81811048] }
}
}
DEF SHAPE_116 Shape {
 appearance USE APP_11
 geometry DEF FACE_116 IndexedFaceSet {
  coord DEF COORD_116 Coordinate { point [
  0.2015748 0.32440945 -0.15748031,0.2015748 0.32440945 -0.15748031,
  0.2015748 0.3237765 -0.15984252,0.2015748 0.32204724 -0.16157177,
  0.2015748 0.31968504 -0.16220472,0.1992126 0.31968504 -0.16157177,
  0.19748334 0.31968504 -0.15984252,0.19685039 0.31968504 -0.15748031,
  0.1992126 0.3237765 -0.15748031,0.19748334 0.32204724 -0.15748031,
  0.20285322 0.3230257 -0.16056668,0.20029639 0.3230257 -0.16056668,
  0.19848843 0.3230257 -0.15875873] }
 coordIndex [
  9,6,7,-1,0,1,2,-1,10,2,3,-1,11,3,4,-1,11,4,5,-1,11,8,0,-1,11,10,3,-1,11,2,10,-1,
  11,0,2,-1,12,5,6,-1,12,9,8,-1,12,11,5,-1,12,8,11,-1,12,6,9,-1]
  normalPerVertex TRUE
  normal DEF NORM_116 Normal { vector [
  0 0 1,0 0 1,
  0 0 1,0 0 1,
  0 0 1,-0.5297107 0.39730928 -0.74936767,
  -0.80710486 0.36184105 -0.46653274,0 0 1,
  0 0 1,0 0 1,
  0 0 1,-0.36764351 0.65758583 -0.65758583,
  -0.68465505 0.51538697 -0.51538697] }
}
}
DEF SHAPE_117 Shape {
 appearance USE APP_11
 geometry DEF FACE_117 IndexedFaceSet {
  coord DEF COORD_117 Coordinate { point [
  0.19685039 0.31968504 0.15748031,0.19748334 0.31968504 0.15984252,
  0.1992126 0.31968504 0.16157177,0.2015748 0.31968504 0.16220472,
  0.2015748 0.32204724 0.16157177,0.2015748 0.3237765 0.15984252,
  0.2015748 0.32440945 0.15748031,0.2015748 0.32440945 0.15748031,
  0.19748334 0.32204724 0.15748031,0.1992126 0.3237765 0.15748031,
  0.19848843 0.3230257 0.1562019,0.19848843 0.3230257 0.15875873,
  0.20029639 0.3230257 0.16056668] }
 coordIndex [
  4,2,3,-1,6,7,9,-1,10,9,8,-1,11,0,1,-1,11,5,6,-1,11,8,0,-1,11,9,10,-1,11,10,8,-1,
  11,6,9,-1,12,1,2,-1,12,4,5,-1,12,11,1,-1,12,5,11,-1,12,2,4,-1]
  normalPerVertex TRUE
  normal DEF NORM_117 Normal { vector [
  0 0 1,-0.74936767 0.39730928 0.5297107,
  -0.46653274 0.36184105 0.80710486,0 0 1,
  0 0 1,0 0 1,
  0 0 1,0 0 1,
  0 0 1,0 0 1,
  0 0 1,-0.65758583 0.65758583 0.36764351,
  -0.51538697 0.51538697 0.68465505] }
}
}
DEF SHAPE_118 Shape {
 appearance USE APP_11
 geometry DEF FACE_118 IndexedFaceSet {
  coord DEF COORD_118 Coordinate { point [
  0.2015748 0.32440945 -0.15748031,0.1992126 0.3237765 -0.15748031,
  0.19748334 0.32204724 -0.15748031,0.19685039 0.31968504 -0.15748031,
  0.19685039 0.31968504 0.15748031,0.19748334 0.32204724 0.15748031,
  0.1992126 0.3237765 0.15748031,0.2015748 0.32440945 0.15748031] }
 coordIndex [
  2,3,4,-1,2,4,5,-1,1,5,6,-1,1,2,5,-1,0,6,7,-1,0,1,6,-1]
  normalPerVertex TRUE
  normal DEF NORM_118 Normal { vector [
  -0.25881905 0.96592583 0,-0.57506107 0.81811048 0,
  -0.90707274 0.42097392 0,-0.96592583 0.25881905 0,
  -0.96592583 0.25881905 0,-0.81811048 0.57506107 0,
  -0.42097392 0.90707274 0,-0.25881905 0.96592583 0] }
}
}
DEF SHAPE_119 Shape {
 appearance USE APP_11
 geometry DEF FACE_119 IndexedFaceSet {
  coord DEF COORD_119 Coordinate { point [
  -0.31023622 0.32440945 0.15748031,-0.2015748 0.32440945 0.15748031,
  -0.31023622 0.32440945 -0.15748031,-0.2015748 0.32440945 -0.15748031] }
 coordIndex [
  3,0,1,-1,3,2,0,-1]
  normalPerVertex TRUE
  normal DEF NORM_119 Normal { vector [
  0 1 0,0 1 0,
  0 1 0,0 1 0] }
}
}
DEF SHAPE_120 Shape {
 appearance USE APP_11
 geometry DEF FACE_120 IndexedFaceSet {
  coord DEF COORD_120 Coordinate { point [
  -0.31023622 0.0047244094 0.16220472,-0.2015748 0.0047244094 0.16220472,
  -0.31023622 0.31968504 0.16220472,-0.2015748 0.31968504 0.16220472] }
 coordIndex [
  3,0,1,-1,3,2,0,-1]
  normalPerVertex TRUE
  normal DEF NORM_120 Normal { vector [
  0 0 1,0 0 1,
  0 0 1,0 0 1] }
}
}
DEF SHAPE_121 Shape {
 appearance USE APP_11
 geometry DEF FACE_121 IndexedFaceSet {
  coord DEF COORD_121 Coordinate { point [
  -0.2015748 0 0.15748031,-0.31023622 0 0.15748031,
  -0.2015748 0 -0.15748031,-0.31023622 0 -0.15748031] }
 coordIndex [
  0,3,2,-1,0,1,3,-1]
  normalPerVertex TRUE
  normal DEF NORM_121 Normal { vector [
  0 -1 0,0 -1 0,
  0 -1 0,0 -1 0] }
}
}
DEF SHAPE_122 Shape {
 appearance USE APP_11
 geometry DEF FACE_122 IndexedFaceSet {
  coord DEF COORD_122 Coordinate { point [
  -0.31023622 0.31968504 -0.16220472,-0.2015748 0.31968504 -0.16220472,
  -0.31023622 0.0047244094 -0.16220472,-0.2015748 0.0047244094 -0.16220472] }
 coordIndex [
  3,0,1,-1,3,2,0,-1]
  normalPerVertex TRUE
  normal DEF NORM_122 Normal { vector [
  0 0 -1,0 0 -1,
  0 0 -1,0 0 -1] }
}
}
DEF SHAPE_123 Shape {
 appearance USE APP_11
 geometry DEF FACE_123 IndexedFaceSet {
  coord DEF COORD_123 Coordinate { point [
  -0.31496063 0.0047244094 0.15748031,-0.31496063 0.31968504 0.15748031,
  -0.31496063 0.0047244094 -0.15748031,-0.31496063 0.31968504 -0.15748031] }
 coordIndex [
  3,0,1,-1,3,2,0,-1]
  normalPerVertex TRUE
  normal DEF NORM_123 Normal { vector [
  -1 0 0,-1 0 0,
  -1 0 0,-1 0 0] }
}
}
DEF SHAPE_124 Shape {
 appearance USE APP_11
 geometry DEF FACE_124 IndexedFaceSet {
  coord DEF COORD_124 Coordinate { point [
  -0.31023622 0 -0.15748031,-0.31259843 0.00063295085 -0.15748031,
  -0.31432768 0.0023622047 -0.15748031,-0.31496063 0.0047244094 -0.15748031,
  -0.31023622 0 0.15748031,-0.31496063 0.0047244094 0.15748031,
  -0.31432768 0.0023622047 0.15748031,-0.31259843 0.00063295085 0.15748031] }
 coordIndex [
  1,0,4,-1,1,4,7,-1,2,7,6,-1,2,1,7,-1,3,6,5,-1,3,2,6,-1]
  normalPerVertex TRUE
  normal DEF NORM_124 Normal { vector [
  -0.25881905 -0.96592583 0,-0.42097392 -0.90707274 0,
  -0.81811048 -0.57506107 0,-0.96592583 -0.25881905 0,
  -0.25881905 -0.96592583 0,-0.96592583 -0.25881905 0,
  -0.90707274 -0.42097392 0,-0.57506107 -0.81811048 0] }
}
}
DEF SHAPE_125 Shape {
 appearance USE APP_11
 geometry DEF FACE_125 IndexedFaceSet {
  coord DEF COORD_125 Coordinate { point [
  -0.31023622 0 -0.15748031,-0.31023622 0.00063295085 -0.15984252,
  -0.31023622 0.0023622047 -0.16157177,-0.31023622 0.0047244094 -0.16220472,
  -0.31023622 0 -0.15748031,-0.31259843 0.00063295085 -0.15748031,
  -0.31432768 0.0023622047 -0.15748031,-0.31496063 0.0047244094 -0.15748031,
  -0.31259843 0.0047244094 -0.16157177,-0.31432768 0.0047244094 -0.15984252,
  -0.3089578 0.0013837475 -0.16056668,-0.31151464 0.0013837475 -0.16056668,
  -0.31332259 0.0013837475 -0.15875873] }
 coordIndex [
  4,1,0,-1,7,9,6,-1,10,2,1,-1,11,3,2,-1,11,4,5,-1,11,8,3,-1,11,10,1,-1,11,1,4,-1,
  11,2,10,-1,12,5,6,-1,12,9,8,-1,12,11,5,-1,12,8,11,-1,12,6,9,-1]
  normalPerVertex TRUE
  normal DEF NORM_125 Normal { vector [
  0 0 1,0 0 1,
  0 0 1,0 0 1,
  0 0 1,0 0 1,
  0 0 1,0 0 1,
  -0.5297107 -0.39730928 -0.74936767,-0.80710486 -0.36184105 -0.46653274,
  0 0 1,-0.36764351 -0.65758583 -0.65758583,
  -0.68465505 -0.51538697 -0.51538697] }
}
}
DEF SHAPE_126 Shape {
 appearance USE APP_11
 geometry DEF FACE_126 IndexedFaceSet {
  coord DEF COORD_126 Coordinate { point [
  -0.31496063 0.0047244094 0.15748031,-0.31432768 0.0047244094 0.15984252,
  -0.31259843 0.0047244094 0.16157177,-0.31023622 0.0047244094 0.16220472,
  -0.31432768 0.0023622047 0.15748031,-0.31259843 0.00063295085 0.15748031,
  -0.31023622 0 0.15748031,-0.31023622 0 0.15748031,
  -0.31023622 0.0023622047 0.16157177,-0.31023622 0.00063295085 0.15984252,
  -0.31332259 0.0013837475 0.15875873,-0.31151464 0.0013837475 0.16056668] }
 coordIndex [
  9,5,6,-1,9,6,7,-1,1,0,4,-1,3,2,8,-1,10,4,5,-1,10,1,4,-1,11,2,1,-1,11,9,8,-1,
  11,10,5,-1,11,5,9,-1,11,8,2,-1,11,1,10,-1]
  normalPerVertex TRUE
  normal DEF NORM_126 Normal { vector [
  0 0 1,-0.76211618 -0.37751274 0.5259877,
  -0.46653274 -0.36184105 0.80710486,0 0 1,
  0 0 1,-0.37685175 -0.88975224 0.25753391,
  0 0 1,0 0 1,
  0 0 1,0 0 1,
  -0.6941809 -0.55677796 0.45619203,-0.49713474 -0.58177468 0.64373541] }
}
}
DEF SHAPE_127 Shape {
 appearance USE APP_11
 geometry DEF FACE_127 IndexedFaceSet {
  coord DEF COORD_127 Coordinate { point [
  -0.31023622 0.0047244094 -0.16220472,-0.31259843 0.0047244094 -0.16157177,
  -0.31432768 0.0047244094 -0.15984252,-0.31496063 0.0047244094 -0.15748031,
  -0.31496063 0.31968504 -0.15748031,-0.31023622 0.31968504 -0.16220472,
  -0.31259843 0.31968504 -0.16157177,-0.31432768 0.31968504 -0.15984252] }
 coordIndex [
  6,0,1,-1,6,5,0,-1,7,1,2,-1,7,6,1,-1,4,2,3,-1,4,7,2,-1]
  normalPerVertex TRUE
  normal DEF NORM_127 Normal { vector [
  -0.25881905 0 -0.96592583,-0.57506107 0 -0.81811048,
  -0.90707274 0 -0.42097392,-0.96592583 0 -0.25881905,
  -0.96592583 0 -0.25881905,-0.25881905 0 -0.96592583,
  -0.42097392 0 -0.90707274,-0.81811048 0 -0.57506107] }
}
}
DEF SHAPE_128 Shape {
 appearance USE APP_11
 geometry DEF FACE_128 IndexedFaceSet {
  coord DEF COORD_128 Coordinate { point [
  -0.31023622 0 -0.15748031,-0.31023622 0.00063295085 -0.15984252,
  -0.31023622 0.0023622047 -0.16157177,-0.31023622 0.0047244094 -0.16220472,
  -0.2015748 0.0047244094 -0.16220472,-0.2015748 0 -0.15748031,
  -0.2015748 0.00063295085 -0.15984252,-0.2015748 0.0023622047 -0.16157177] }
 coordIndex [
  2,3,4,-1,2,4,7,-1,1,7,6,-1,1,2,7,-1,0,6,5,-1,0,1,6,-1]
  normalPerVertex TRUE
  normal DEF NORM_128 Normal { vector [
  0 -0.96592583 -0.25881905,0 -0.81811048 -0.57506107,
  0 -0.42097392 -0.90707274,0 -0.25881905 -0.96592583,
  0 -0.25881905 -0.96592583,0 -0.96592583 -0.25881905,
  0 -0.90707274 -0.42097392,0 -0.57506107 -0.81811048] }
}
}
DEF SHAPE_129 Shape {
 appearance USE APP_11
 geometry DEF FACE_129 IndexedFaceSet {
  coord DEF COORD_129 Coordinate { point [
  -0.2015748 0 0.15748031,-0.1992126 0.00063295085 0.15748031,
  -0.19748334 0.0023622047 0.15748031,-0.19685039 0.0047244094 0.15748031,
  -0.2015748 0 -0.15748031,-0.19685039 0.0047244094 -0.15748031,
  -0.19748334 0.0023622047 -0.15748031,-0.1992126 0.00063295085 -0.15748031] }
 coordIndex [
  6,3,2,-1,6,5,3,-1,7,2,1,-1,7,6,2,-1,4,1,0,-1,4,7,1,-1]
  normalPerVertex TRUE
  normal DEF NORM_129 Normal { vector [
  0.25881905 -0.96592583 0,0.42097392 -0.90707274 0,
  0.81811048 -0.57506107 0,0.96592583 -0.25881905 0,
  0.25881905 -0.96592583 0,0.96592583 -0.25881905 0,
  0.90707274 -0.42097392 0,0.57506107 -0.81811048 0] }
}
}
DEF SHAPE_130 Shape {
 appearance USE APP_11
 geometry DEF FACE_130 IndexedFaceSet {
  coord DEF COORD_130 Coordinate { point [
  -0.31023622 0.0047244094 0.16220472,-0.31023622 0.0023622047 0.16157177,
  -0.31023622 0.00063295085 0.15984252,-0.31023622 0 0.15748031,
  -0.2015748 0 0.15748031,-0.2015748 0.0047244094 0.16220472,
  -0.2015748 0.0023622047 0.16157177,-0.2015748 0.00063295085 0.15984252] }
 coordIndex [
  2,3,4,-1,2,4,7,-1,1,7,6,-1,1,2,7,-1,0,6,5,-1,0,1,6,-1]
  normalPerVertex TRUE
  normal DEF NORM_130 Normal { vector [
  0 -0.25881905 0.96592583,0 -0.57506107 0.81811048,
  0 -0.90707274 0.42097392,0 -0.96592583 0.25881905,
  0 -0.96592583 0.25881905,0 -0.25881905 0.96592583,
  0 -0.42097392 0.90707274,0 -0.81811048 0.57506107] }
}
}
DEF SHAPE_131 Shape {
 appearance USE APP_11
 geometry DEF FACE_131 IndexedFaceSet {
  coord DEF COORD_131 Coordinate { point [
  -0.31496063 0.0047244094 0.15748031,-0.31432768 0.0047244094 0.15984252,
  -0.31259843 0.0047244094 0.16157177,-0.31023622 0.0047244094 0.16220472,
  -0.31023622 0.31968504 0.16220472,-0.31496063 0.31968504 0.15748031,
  -0.31432768 0.31968504 0.15984252,-0.31259843 0.31968504 0.16157177] }
 coordIndex [
  2,3,4,-1,2,4,7,-1,1,7,6,-1,1,2,7,-1,0,6,5,-1,0,1,6,-1]
  normalPerVertex TRUE
  normal DEF NORM_131 Normal { vector [
  -0.96592583 0 0.25881905,-0.81811048 0 0.57506107,
  -0.42097392 0 0.90707274,-0.25881905 0 0.96592583,
  -0.25881905 0 0.96592583,-0.96592583 0 0.25881905,
  -0.90707274 0 0.42097392,-0.57506107 0 0.81811048] }
}
}
DEF SHAPE_132 Shape {
 appearance USE APP_11
 geometry DEF FACE_132 IndexedFaceSet {
  coord DEF COORD_132 Coordinate { point [
  -0.31496063 0.31968504 -0.15748031,-0.31432768 0.32204724 -0.15748031,
  -0.31259843 0.3237765 -0.15748031,-0.31023622 0.32440945 -0.15748031,
  -0.31496063 0.31968504 0.15748031,-0.31023622 0.32440945 0.15748031,
  -0.31259843 0.3237765 0.15748031,-0.31432768 0.32204724 0.15748031] }
 coordIndex [
  6,3,2,-1,6,5,3,-1,7,2,1,-1,7,6,2,-1,4,1,0,-1,4,7,1,-1]
  normalPerVertex TRUE
  normal DEF NORM_132 Normal { vector [
  -0.96592583 0.25881905 0,-0.90707274 0.42097392 0,
  -0.57506107 0.81811048 0,-0.25881905 0.96592583 0,
  -0.96592583 0.25881905 0,-0.25881905 0.96592583 0,
  -0.42097392 0.90707274 0,-0.81811048 0.57506107 0] }
}
}
DEF SHAPE_133 Shape {
 appearance USE APP_11
 geometry DEF FACE_133 IndexedFaceSet {
  coord DEF COORD_133 Coordinate { point [
  -0.31023622 0.31968504 -0.16220472,-0.31259843 0.31968504 -0.16157177,
  -0.31432768 0.31968504 -0.15984252,-0.31496063 0.31968504 -0.15748031,
  -0.31432768 0.32204724 -0.15748031,-0.31259843 0.3237765 -0.15748031,
  -0.31023622 0.32440945 -0.15748031,-0.31023622 0.32440945 -0.15748031,
  -0.31023622 0.32204724 -0.16157177,-0.31023622 0.3237765 -0.15984252,
  -0.3089578 0.3230257 -0.16056668,-0.31151464 0.3230257 -0.16056668,
  -0.31332259 0.3230257 -0.15875873] }
 coordIndex [
  4,2,3,-1,6,7,9,-1,10,9,8,-1,11,0,1,-1,11,5,6,-1,11,8,0,-1,11,9,10,-1,11,10,8,-1,
  11,6,9,-1,12,1,2,-1,12,4,5,-1,12,11,1,-1,12,5,11,-1,12,2,4,-1]
  normalPerVertex TRUE
  normal DEF NORM_133 Normal { vector [
  0 0 1,-0.5297107 0.39730928 -0.74936767,
  -0.80710486 0.36184105 -0.46653274,0 0 1,
  0 0 1,0 0 1,
  0 0 1,0 0 1,
  0 0 1,0 0 1,
  0 0 1,-0.36764351 0.65758583 -0.65758583,
  -0.68465505 0.51538697 -0.51538697] }
}
}
DEF SHAPE_134 Shape {
 appearance USE APP_11
 geometry DEF FACE_134 IndexedFaceSet {
  coord DEF COORD_134 Coordinate { point [
  -0.19685039 0.0047244094 -0.15748031,-0.19748334 0.0023622047 -0.15748031,
  -0.1992126 0.00063295085 -0.15748031,-0.2015748 0 -0.15748031,
  -0.2015748 0.00063295085 -0.15984252,-0.2015748 0.0023622047 -0.16157177,
  -0.2015748 0.0047244094 -0.16220472,-0.19748334 0.0047244094 -0.15984252,
  -0.1992126 0.0047244094 -0.16157177,-0.19848843 0.0013837475 -0.15875873] }
 coordIndex [
  4,2,3,-1,7,0,1,-1,7,1,5,-1,8,7,5,-1,6,8,5,-1,9,1,2,-1,9,4,5,-1,9,2,4,-1,
  9,5,1,-1]
  normalPerVertex TRUE
  normal DEF NORM_134 Normal { vector [
  0 0 1,0.73955238 -0.42226351 -0.52417154,
  0 0 1,0 0 1,
  0.33929189 -0.82424839 -0.45331623,0.54322203 -0.47157867 -0.69463902,
  0 0 1,0.66755482 -0.52648389 -0.52648389,
  0 0 1,0.57735027 -0.57735027 -0.57735027] }
}
}
DEF SHAPE_135 Shape {
 appearance USE APP_11
 geometry DEF FACE_135 IndexedFaceSet {
  coord DEF COORD_135 Coordinate { point [
  -0.2015748 0.0047244094 0.16220472,-0.2015748 0.0023622047 0.16157177,
  -0.2015748 0.00063295085 0.15984252,-0.2015748 0 0.15748031,
  -0.2015748 0 0.15748031,-0.1992126 0.00063295085 0.15748031,
  -0.19748334 0.0023622047 0.15748031,-0.19685039 0.0047244094 0.15748031,
  -0.1992126 0.0047244094 0.16157177,-0.19748334 0.0047244094 0.15984252,
  -0.20029639 0.0013837475 0.16056668,-0.19848843 0.0013837475 0.15875873] }
 coordIndex [
  5,2,3,-1,5,3,4,-1,8,0,1,-1,7,9,6,-1,10,1,2,-1,10,8,1,-1,11,5,6,-1,11,9,8,-1,
  11,10,2,-1,11,2,5,-1,11,8,10,-1,11,6,9,-1]
  normalPerVertex TRUE
  normal DEF NORM_135 Normal { vector [
  0 0 1,0 0 1,
  0.25753391 -0.88975224 0.37685175,0 0 1,
  0 0 1,0 0 1,
  0 0 1,0 0 1,
  0.5259877 -0.37751274 0.76211618,0.80710486 -0.36184105 0.46653274,
  0.45619203 -0.55677796 0.6941809,0.64373541 -0.58177468 0.49713474] }
}
}
DEF SHAPE_136 Shape {
 appearance USE APP_11
 geometry DEF FACE_136 IndexedFaceSet {
  coord DEF COORD_136 Coordinate { point [
  -0.31023622 0.32440945 0.15748031,-0.31023622 0.32440945 0.15748031,
  -0.31259843 0.3237765 0.15748031,-0.31432768 0.32204724 0.15748031,
  -0.31496063 0.31968504 0.15748031,-0.31432768 0.31968504 0.15984252,
  -0.31259843 0.31968504 0.16157177,-0.31023622 0.31968504 0.16220472,
  -0.31023622 0.3237765 0.15984252,-0.31023622 0.32204724 0.16157177,
  -0.31332259 0.3230257 0.15875873,-0.31151464 0.3230257 0.16056668] }
 coordIndex [
  3,4,5,-1,9,6,7,-1,0,1,2,-1,0,2,8,-1,10,2,3,-1,10,3,5,-1,11,5,6,-1,11,9,8,-1,
  11,10,5,-1,11,6,9,-1,11,2,10,-1,11,8,2,-1]
  normalPerVertex TRUE
  normal DEF NORM_136 Normal { vector [
  0 0 1,0 0 1,
  -0.37685175 0.88975224 0.25753391,0 0 1,
  0 0 1,-0.76211618 0.37751274 0.5259877,
  -0.46653274 0.36184105 0.80710486,0 0 1,
  0 0 1,0 0 1,
  -0.6941809 0.55677796 0.45619203,-0.49713474 0.58177468 0.64373541] }
}
}
DEF SHAPE_137 Shape {
 appearance USE APP_11
 geometry DEF FACE_137 IndexedFaceSet {
  coord DEF COORD_137 Coordinate { point [
  -0.31023622 0.31968504 -0.16220472,-0.31023622 0.32204724 -0.16157177,
  -0.31023622 0.3237765 -0.15984252,-0.31023622 0.32440945 -0.15748031,
  -0.2015748 0.32440945 -0.15748031,-0.2015748 0.31968504 -0.16220472,
  -0.2015748 0.32204724 -0.16157177,-0.2015748 0.3237765 -0.15984252] }
 coordIndex [
  2,3,4,-1,2,4,7,-1,1,7,6,-1,1,2,7,-1,0,6,5,-1,0,1,6,-1]
  normalPerVertex TRUE
  normal DEF NORM_137 Normal { vector [
  0 0.25881905 -0.96592583,0 0.57506107 -0.81811048,
  0 0.90707274 -0.42097392,0 0.96592583 -0.25881905,
  0 0.96592583 -0.25881905,0 0.25881905 -0.96592583,
  0 0.42097392 -0.90707274,0 0.81811048 -0.57506107] }
}
}
DEF SHAPE_138 Shape {
 appearance USE APP_11
 geometry DEF FACE_138 IndexedFaceSet {
  coord DEF COORD_138 Coordinate { point [
  -0.19685039 0.0047244094 -0.15748031,-0.19748334 0.0047244094 -0.15984252,
  -0.1992126 0.0047244094 -0.16157177,-0.2015748 0.0047244094 -0.16220472,
  -0.2015748 0.31968504 -0.16220472,-0.19685039 0.31968504 -0.15748031,
  -0.19748334 0.31968504 -0.15984252,-0.1992126 0.31968504 -0.16157177] }
 coordIndex [
  6,0,1,-1,6,1,2,-1,6,5,0,-1,7,2,3,-1,7,6,2,-1,4,7,3,-1]
  normalPerVertex TRUE
  normal DEF NORM_138 Normal { vector [
  0.96592583 0 -0.25881905,0.8660254 0 -0.5,
  0.57506107 0 -0.81811048,0.25881905 0 -0.96592583,
  0.25881905 0 -0.96592583,0.96592583 0 -0.25881905,
  0.8660254 0 -0.5,0.42097392 0 -0.90707274] }
}
}
DEF SHAPE_139 Shape {
 appearance USE APP_11
 geometry DEF FACE_139 IndexedFaceSet {
  coord DEF COORD_139 Coordinate { point [
  -0.2015748 0.0047244094 0.16220472,-0.1992126 0.0047244094 0.16157177,
  -0.19748334 0.0047244094 0.15984252,-0.19685039 0.0047244094 0.15748031,
  -0.19685039 0.31968504 0.15748031,-0.2015748 0.31968504 0.16220472,
  -0.1992126 0.31968504 0.16157177,-0.19748334 0.31968504 0.15984252] }
 coordIndex [
  2,3,4,-1,2,4,7,-1,1,7,6,-1,1,2,7,-1,0,6,5,-1,0,1,6,-1]
  normalPerVertex TRUE
  normal DEF NORM_139 Normal { vector [
  0.25881905 0 0.96592583,0.57506107 0 0.81811048,
  0.90707274 0 0.42097392,0.96592583 0 0.25881905,
  0.96592583 0 0.25881905,0.25881905 0 0.96592583,
  0.42097392 0 0.90707274,0.81811048 0 0.57506107] }
}
}
DEF SHAPE_140 Shape {
 appearance USE APP_11
 geometry DEF FACE_140 IndexedFaceSet {
  coord DEF COORD_140 Coordinate { point [
  -0.31023622 0.32440945 0.15748031,-0.31023622 0.3237765 0.15984252,
  -0.31023622 0.32204724 0.16157177,-0.31023622 0.31968504 0.16220472,
  -0.2015748 0.31968504 0.16220472,-0.2015748 0.32440945 0.15748031,
  -0.2015748 0.3237765 0.15984252,-0.2015748 0.32204724 0.16157177] }
 coordIndex [
  2,3,4,-1,2,4,7,-1,1,7,6,-1,1,2,7,-1,0,6,5,-1,0,1,6,-1]
  normalPerVertex TRUE
  normal DEF NORM_140 Normal { vector [
  0 0.96592583 0.25881905,0 0.81811048 0.57506107,
  0 0.42097392 0.90707274,0 0.25881905 0.96592583,
  0 0.25881905 0.96592583,0 0.96592583 0.25881905,
  0 0.90707274 0.42097392,0 0.57506107 0.81811048] }
}
}
DEF SHAPE_141 Shape {
 appearance USE APP_11
 geometry DEF FACE_141 IndexedFaceSet {
  coord DEF COORD_141 Coordinate { point [
  -0.19685039 0.31968504 -0.15748031,-0.19748334 0.31968504 -0.15984252,
  -0.1992126 0.31968504 -0.16157177,-0.2015748 0.31968504 -0.16220472,
  -0.2015748 0.32204724 -0.16157177,-0.2015748 0.3237765 -0.15984252,
  -0.2015748 0.32440945 -0.15748031,-0.19748334 0.32204724 -0.15748031,
  -0.1992126 0.3237765 -0.15748031,-0.19848843 0.3230257 -0.15875873] }
 coordIndex [
  7,0,1,-1,4,1,2,-1,4,2,3,-1,4,7,1,-1,6,8,5,-1,9,4,5,-1,9,8,7,-1,9,7,4,-1,
  9,5,8,-1]
  normalPerVertex TRUE
  normal DEF NORM_141 Normal { vector [
  0 0 1,0.66755482 0.52648389 -0.52648389,
  0 0 1,0 0 1,
  0.54322203 0.47157867 -0.69463902,0.33929189 0.82424839 -0.45331623,
  0 0 1,0.73955238 0.42226351 -0.52417154,
  0 0 1,0.57735027 0.57735027 -0.57735027] }
}
}
DEF SHAPE_142 Shape {
 appearance USE APP_11
 geometry DEF FACE_142 IndexedFaceSet {
  coord DEF COORD_142 Coordinate { point [
  -0.2015748 0.32440945 0.15748031,-0.2015748 0.32440945 0.15748031,
  -0.2015748 0.3237765 0.15984252,-0.2015748 0.32204724 0.16157177,
  -0.2015748 0.31968504 0.16220472,-0.1992126 0.31968504 0.16157177,
  -0.19748334 0.31968504 0.15984252,-0.19685039 0.31968504 0.15748031,
  -0.1992126 0.3237765 0.15748031,-0.19748334 0.32204724 0.15748031,
  -0.20029639 0.3230257 0.16056668,-0.19848843 0.3230257 0.15875873] }
 coordIndex [
  3,4,5,-1,9,6,7,-1,0,1,2,-1,0,2,8,-1,10,2,3,-1,10,3,5,-1,11,5,6,-1,11,9,8,-1,
  11,10,5,-1,11,6,9,-1,11,2,10,-1,11,8,2,-1]
  normalPerVertex TRUE
  normal DEF NORM_142 Normal { vector [
  0 0 1,0 0 1,
  0.25753391 0.88975224 0.37685175,0 0 1,
  0 0 1,0.5259877 0.37751274 0.76211618,
  0.80710486 0.36184105 0.46653274,0 0 1,
  0 0 1,0 0 1,
  0.45619203 0.55677796 0.6941809,0.64373541 0.58177468 0.49713474] }
}
}
DEF SHAPE_143 Shape {
 appearance USE APP_11
 geometry DEF FACE_143 IndexedFaceSet {
  coord DEF COORD_143 Coordinate { point [
  -0.19685039 0.31968504 -0.15748031,-0.19748334 0.32204724 -0.15748031,
  -0.1992126 0.3237765 -0.15748031,-0.2015748 0.32440945 -0.15748031,
  -0.2015748 0.32440945 0.15748031,-0.1992126 0.3237765 0.15748031,
  -0.19748334 0.32204724 0.15748031,-0.19685039 0.31968504 0.15748031] }
 coordIndex [
  6,0,1,-1,6,7,0,-1,5,1,2,-1,5,6,1,-1,4,2,3,-1,4,5,2,-1]
  normalPerVertex TRUE
  normal DEF NORM_143 Normal { vector [
  0.96592583 0.25881905 0,0.81811048 0.57506107 0,
  0.42097392 0.90707274 0,0.25881905 0.96592583 0,
  0.25881905 0.96592583 0,0.57506107 0.81811048 0,
  0.90707274 0.42097392 0,0.96592583 0.25881905 0] }
}
}
] }
] }
] }
] }
DEF TXFM_18 Transform {
  center 0 0 0
  rotation 0 0.70710678 0.70710678 3.1415927
  scale 1 1 1
  scaleOrientation 0 0 1 0
  translation 2.0275189 1.4074622 0.31496063
 children [
USE TXFM_8
] }
DEF TXFM_19 Transform {
  center 0 0 0
  rotation 0.57735027 -0.57735027 -0.57735027 2.0943951
  scale 1 1 1
  scaleOrientation 0 0 1 0
  translation 4.4488189 2.1653543 0.31496063
 children [
USE TXFM_3
] }
DEF TXFM_20 Transform {
  center 0 0 0
  rotation 0.57735027 -0.57735027 -0.57735027 2.0943951
  scale 1 1 1
  scaleOrientation 0 0 1 0
  translation 3.8582677 2.1653543 0.31496063
 children [
USE TXFM_3
] }
DEF TXFM_21 Transform {
  center 0 0 0
  rotation 0 0 1 3.1415927
  scale 1 1 1
  scaleOrientation 0 0 1 0
  translation 3.8976378 3.1496063 0.31496063
 children [
DEF TXFM_22 Transform {
  center 0 0 0
  rotation 0 0 1 0
  scale 1 1 1
  scaleOrientation 0 0 1 0
  translation 0 0 0
 children [
DEF TXFM_23 Transform {
  center 0 0 0
  rotation 0 0 1 0
  scale 1 1 1
  scaleOrientation 0 0 1 0
  translation 0 0 0
 children [
DEF TXFM_24 Transform {
  center 0 0 0
  rotation 0 0 1 0
  scale 1 1 1
  scaleOrientation 0 0 1 0
  translation 0 0 0
 children [
DEF SHAPE_144 Shape {
 appearance DEF APP_12 Appearance {
  material Material {
   ambientIntensity 0.11283861
   diffuseColor 0.89499998 0.89099997 0.81300002
   emissiveColor 0 0 0
   shininess 0.1
   specularColor 0.12 0.12 0.12
   transparency 0
} }
 geometry DEF FACE_144 IndexedFaceSet {
  coord DEF COORD_144 Coordinate { point [
  -0.19685039 -0.15748031 0.18503937,-0.17716535 -0.15748031 0.43307087,
  0.17716535 -0.15748031 0.43307087,0.19685039 -0.15748031 0.18503937] }
 coordIndex [
  2,1,0,-1,2,0,3,-1]
  normalPerVertex TRUE
  normal DEF NORM_144 Normal { vector [
  0 -1 0,0 -1 0,
  0 -1 0,0 -1 0] }
}
}
DEF SHAPE_145 Shape {
 appearance USE APP_12
 geometry DEF FACE_145 IndexedFaceSet {
  coord DEF COORD_145 Coordinate { point [
  -0.19685039 0.15748031 0.18503937,-0.19685039 0.11811024 0.18503937,
  -0.19685039 -0.11811024 0.18503937,-0.19685039 -0.15748031 0.18503937,
  -0.17716535 -0.15748031 0.43307087,-0.17716535 0.15748031 0.43307087] }
 coordIndex [
  4,2,3,-1,5,0,1,-1,5,1,2,-1,5,2,4,-1]
  normalPerVertex TRUE
  normal DEF NORM_145 Normal { vector [
  -0.99686539 0 0.079116301,-0.99686539 0 0.079116301,
  -0.99686539 0 0.079116301,-0.99686539 0 0.079116301,
  -0.99686539 0 0.079116301,-0.99686539 0 0.079116301] }
}
}
DEF SHAPE_146 Shape {
 appearance USE APP_12
 geometry DEF FACE_146 IndexedFaceSet {
  coord DEF COORD_146 Coordinate { point [
  -0.30314961 -0.15748031 0.011811024,-0.28543307 -0.15748031 0.011811024,
  -0.30314961 -0.15748031 0.18503937,-0.28543307 -0.15748031 0.18503937,
  -0.19685039 -0.15748031 0.18503937,0.19685039 -0.15748031 0.18503937,
  0.28543307 -0.15748031 0.18503937,0.30314961 -0.15748031 0.18503937,
  0.30314961 -0.15748031 0.011811024,0.28543307 -0.15748031 0.011811024] }
 coordIndex [
  3,0,1,-1,3,2,0,-1,4,3,1,-1,5,1,9,-1,5,4,1,-1,6,5,9,-1,7,9,8,-1,7,6,9,-1]
  normalPerVertex TRUE
  normal DEF NORM_146 Normal { vector [
  0 -1 0,0 -1 0,
  0 -1 0,0 -1 0,
  0 -1 0,0 -1 0,
  0 -1 0,0 -1 0,
  0 -1 0,0 -1 0] }
}
}
DEF SHAPE_147 Shape {
 appearance USE APP_12
 geometry DEF FACE_147 IndexedFaceSet {
  coord DEF COORD_147 Coordinate { point [
  -0.17716535 0.15748031 0.43307087,-0.17716535 -0.15748031 0.43307087,
  0.17716535 -0.15748031 0.43307087,0.17716535 0.15748031 0.43307087] }
 coordIndex [
  3,0,1,-1,3,1,2,-1]
  normalPerVertex TRUE
  normal DEF NORM_147 Normal { vector [
  0 0 1,0 0 1,
  0 0 1,0 0 1] }
}
}
DEF SHAPE_148 Shape {
 appearance USE APP_12
 geometry DEF FACE_148 IndexedFaceSet {
  coord DEF COORD_148 Coordinate { point [
  0.17716535 0.15748031 0.43307087,0.17716535 -0.15748031 0.43307087,
  0.19685039 -0.15748031 0.18503937,0.19685039 -0.11811024 0.18503937,
  0.19685039 0.11811024 0.18503937,0.19685039 0.15748031 0.18503937] }
 coordIndex [
  3,1,2,-1,4,0,1,-1,4,1,3,-1,5,0,4,-1]
  normalPerVertex TRUE
  normal DEF NORM_148 Normal { vector [
  0.99686539 0 0.079116301,0.99686539 0 0.079116301,
  0.99686539 0 0.079116301,0.99686539 0 0.079116301,
  0.99686539 0 0.079116301,0.99686539 0 0.079116301] }
}
}
DEF SHAPE_149 Shape {
 appearance USE APP_12
 geometry DEF FACE_149 IndexedFaceSet {
  coord DEF COORD_149 Coordinate { point [
  -0.28543307 0.15748031 0.18503937,-0.19685039 0.15748031 0.18503937,
  -0.28543307 0.11811024 0.18503937,-0.19685039 0.11811024 0.18503937] }
 coordIndex [
  1,0,2,-1,1,2,3,-1]
  normalPerVertex TRUE
  normal DEF NORM_149 Normal { vector [
  0 0 1,0 0 1,
  0 0 1,0 0 1] }
}
}
DEF SHAPE_150 Shape {
 appearance USE APP_12
 geometry DEF FACE_150 IndexedFaceSet {
  coord DEF COORD_150 Coordinate { point [
  -0.19685039 0.15748031 0.18503937,-0.17716535 0.15748031 0.43307087,
  0.17716535 0.15748031 0.43307087,0.19685039 0.15748031 0.18503937] }
 coordIndex [
  2,0,1,-1,2,3,0,-1]
  normalPerVertex TRUE
  normal DEF NORM_150 Normal { vector [
  0 1 0,0 1 0,
  0 1 0,0 1 0] }
}
}
DEF SHAPE_151 Shape {
 appearance DEF APP_13 Appearance {
  material Material {
   ambientIntensity 0.13400008
   diffuseColor 0.85900003 0.73799998 0.49599999
   emissiveColor 0 0 0
   shininess 0.1
   specularColor 0.12 0.12 0.12
   transparency 0
} }
 geometry DEF FACE_151 IndexedFaceSet {
  coord DEF COORD_151 Coordinate { point [
  -0.20866142 0.11811024 0.19685039,-0.20414153 0.11811024 0.19595133,
  -0.20030976 0.11811024 0.19339102,-0.19774945 0.11811024 0.18955925,
  -0.19685039 0.11811024 0.18503937,-0.20866142 -0.11811024 0.19685039,
  -0.20414153 -0.11811024 0.19595133,-0.20030976 -0.11811024 0.19339102,
  -0.19774945 -0.11811024 0.18955925,-0.19685039 -0.11811024 0.18503937] }
 coordIndex [
  1,0,5,-1,1,5,6,-1,2,6,7,-1,2,1,6,-1,3,7,8,-1,3,2,7,-1,4,8,9,-1,4,3,8,-1]
  normalPerVertex TRUE
  normal DEF NORM_151 Normal { vector [
  0.19509032 0 0.98078528,0.3207222 0 0.94717331,
  0.65877621 0 0.75233896,0.89653751 0 0.44296783,
  0.98078528 0 0.19509032,0.19509032 0 0.98078528,
  0.44296783 0 0.89653751,0.75233896 0 0.65877621,
  0.94717331 0 0.3207222,0.98078528 0 0.19509032] }
}
}
DEF SHAPE_152 Shape {
 appearance USE APP_12
 geometry DEF FACE_152 IndexedFaceSet {
  coord DEF COORD_152 Coordinate { point [
  -0.28543307 -0.15748031 0.18503937,-0.28543307 -0.11811024 0.18503937,
  -0.19685039 -0.15748031 0.18503937,-0.19685039 -0.11811024 0.18503937] }
 coordIndex [
  3,1,0,-1,3,0,2,-1]
  normalPerVertex TRUE
  normal DEF NORM_152 Normal { vector [
  0 0 1,0 0 1,
  0 0 1,0 0 1] }
}
}
DEF SHAPE_153 Shape {
 appearance USE APP_13
 geometry DEF FACE_153 IndexedFaceSet {
  coord DEF COORD_153 Coordinate { point [
  -0.30314961 -0.15748031 0,-0.28543307 -0.15748031 0,
  -0.31496063 -0.15748031 0.011811024,-0.31406157 -0.15748031 0.0072911406,
  -0.31150126 -0.15748031 0.0034593687,-0.30766949 -0.15748031 0.00089906064,
  -0.31496063 -0.15748031 0.18503937,-0.31406157 -0.15748031 0.18955925,
  -0.31150126 -0.15748031 0.19339102,-0.30766949 -0.15748031 0.19595133,
  -0.30314961 -0.15748031 0.19685039,-0.28543307 -0.15748031 0.19685039,
  -0.28543307 -0.15748031 0.18503937,-0.30314961 -0.15748031 0.18503937,
  -0.30314961 -0.15748031 0.011811024,-0.28543307 -0.15748031 0.011811024] }
 coordIndex [
  14,2,3,-1,14,3,4,-1,14,4,5,-1,14,5,0,-1,15,0,1,-1,15,14,0,-1,13,6,2,-1,13,7,6,-1,
  13,8,7,-1,13,2,14,-1,9,8,13,-1,10,9,13,-1,11,13,12,-1,11,10,13,-1]
  normalPerVertex TRUE
  normal DEF NORM_153 Normal { vector [
  0 -1 0,0 -1 0,
  0 -1 0,0 -1 0,
  0 -1 0,0 -1 0,
  0 -1 0,0 -1 0,
  0 -1 0,0 -1 0,
  0 -1 0,0 -1 0,
  0 -1 0,0 -1 0,
  0 -1 0,0 -1 0] }
}
}
DEF SHAPE_154 Shape {
 appearance USE APP_12
 geometry DEF FACE_154 IndexedFaceSet {
  coord DEF COORD_154 Coordinate { point [
  -0.28543307 -0.15748031 0.011811024,-0.28543307 -0.11811024 0.011811024,
  0.28543307 -0.15748031 0.011811024,0.28543307 -0.11811024 0.011811024,
  0.19685039 -0.11811024 0.011811024,0.19685039 0.11811024 0.011811024,
  0.28543307 0.11811024 0.011811024,0.28543307 0.15748031 0.011811024,
  -0.28543307 0.15748031 0.011811024,-0.28543307 0.11811024 0.011811024,
  -0.19685039 0.11811024 0.011811024,-0.19685039 -0.11811024 0.011811024,
  0.10910556 0.12598425 0.011811024,0.10910556 -0.12598425 0.011811024,
  -0.10910556 0 0.011811024] }
 coordIndex [
  11,0,1,-1,10,9,8,-1,10,14,11,-1,13,0,11,-1,13,11,14,-1,2,13,4,-1,2,0,13,-1,3,2,4,-1,
  12,14,10,-1,5,13,12,-1,5,4,13,-1,7,6,5,-1,7,5,12,-1,7,12,8,-1,12,10,8,-1]
  normalPerVertex TRUE
  normal DEF NORM_154 Normal { vector [
  0 0 -1,0 0 -1,
  0 0 -1,0 0 -1,
  0 0 -1,0 0 -1,
  0 0 -1,0 0 -1,
  0 0 -1,0 0 -1,
  0 0 -1,0 0 -1,
  0 0 -1,0 0 -1,
  0 0 -1] }
}
}
DEF SHAPE_155 Shape {
 appearance USE APP_13
 geometry DEF FACE_155 IndexedFaceSet {
  coord DEF COORD_155 Coordinate { point [
  0.28543307 -0.15748031 0,0.30314961 -0.15748031 0,
  0.28543307 -0.15748031 0.011811024,0.30314961 -0.15748031 0.011811024,
  0.30314961 -0.15748031 0.18503937,0.28543307 -0.15748031 0.18503937,
  0.28543307 -0.15748031 0.19685039,0.30314961 -0.15748031 0.19685039,
  0.31496063 -0.15748031 0.18503937,0.31406157 -0.15748031 0.18955925,
  0.31150126 -0.15748031 0.19339102,0.30766949 -0.15748031 0.19595133,
  0.31496063 -0.15748031 0.011811024,0.31406157 -0.15748031 0.0072911406,
  0.31150126 -0.15748031 0.0034593687,0.30766949 -0.15748031 0.00089906064] }
 coordIndex [
  3,0,1,-1,3,2,0,-1,3,1,15,-1,14,3,15,-1,13,3,14,-1,12,3,13,-1,7,5,4,-1,7,6,5,-1,
  8,4,3,-1,8,3,12,-1,9,4,8,-1,11,7,4,-1,10,4,9,-1,10,11,4,-1]
  normalPerVertex TRUE
  normal DEF NORM_155 Normal { vector [
  0 -1 0,0 -1 0,
  0 -1 0,0 -1 0,
  0 -1 0,0 -1 0,
  0 -1 0,0 -1 0,
  0 -1 0,0 -1 0,
  0 -1 0,0 -1 0,
  0 -1 0,0 -1 0,
  0 -1 0,0 -1 0] }
}
}
DEF SHAPE_156 Shape {
 appearance USE APP_12
 geometry DEF FACE_156 IndexedFaceSet {
  coord DEF COORD_156 Coordinate { point [
  0.19685039 -0.11811024 0.18503937,0.28543307 -0.11811024 0.18503937,
  0.19685039 -0.15748031 0.18503937,0.28543307 -0.15748031 0.18503937] }
 coordIndex [
  1,0,2,-1,1,2,3,-1]
  normalPerVertex TRUE
  normal DEF NORM_156 Normal { vector [
  0 0 1,0 0 1,
  0 0 1,0 0 1] }
}
}
DEF SHAPE_157 Shape {
 appearance USE APP_12
 geometry DEF FACE_157 IndexedFaceSet {
  coord DEF COORD_157 Coordinate { point [
  0.19685039 0.15748031 0.18503937,0.28543307 0.15748031 0.18503937,
  0.19685039 0.11811024 0.18503937,0.28543307 0.11811024 0.18503937] }
 coordIndex [
  1,0,2,-1,1,2,3,-1]
  normalPerVertex TRUE
  normal DEF NORM_157 Normal { vector [
  0 0 1,0 0 1,
  0 0 1,0 0 1] }
}
}
DEF SHAPE_158 Shape {
 appearance USE APP_13
 geometry DEF FACE_158 IndexedFaceSet {
  coord DEF COORD_158 Coordinate { point [
  0.19685039 -0.11811024 0.18503937,0.19685039 0.11811024 0.18503937,
  0.19774945 -0.11811024 0.18955925,0.20030976 -0.11811024 0.19339102,
  0.20414153 -0.11811024 0.19595133,0.20866142 -0.11811024 0.19685039,
  0.20866142 0.11811024 0.19685039,0.19774945 0.11811024 0.18955925,
  0.20030976 0.11811024 0.19339102,0.20414153 0.11811024 0.19595133] }
 coordIndex [
  7,1,0,-1,7,0,2,-1,8,2,3,-1,8,7,2,-1,9,3,4,-1,9,8,3,-1,6,4,5,-1,6,9,4,-1]
  normalPerVertex TRUE
  normal DEF NORM_158 Normal { vector [
  -0.98078528 0 0.19509032,-0.98078528 0 0.19509032,
  -0.89653751 0 0.44296783,-0.65877621 0 0.75233896,
  -0.3207222 0 0.94717331,-0.19509032 0 0.98078528,
  -0.19509032 0 0.98078528,-0.94717331 0 0.3207222,
  -0.75233896 0 0.65877621,-0.44296783 0 0.89653751] }
}
}
DEF SHAPE_159 Shape {
 appearance USE APP_12
 geometry DEF FACE_159 IndexedFaceSet {
  coord DEF COORD_159 Coordinate { point [
  -0.30314961 0.15748031 0.011811024,-0.28543307 0.15748031 0.011811024,
  -0.30314961 0.15748031 0.18503937,-0.28543307 0.15748031 0.18503937,
  -0.19685039 0.15748031 0.18503937,0.19685039 0.15748031 0.18503937,
  0.28543307 0.15748031 0.18503937,0.30314961 0.15748031 0.18503937,
  0.30314961 0.15748031 0.011811024,0.28543307 0.15748031 0.011811024] }
 coordIndex [
  3,1,0,-1,3,0,2,-1,4,1,3,-1,5,9,1,-1,5,1,4,-1,6,9,5,-1,7,8,9,-1,7,9,6,-1]
  normalPerVertex TRUE
  normal DEF NORM_159 Normal { vector [
  0 1 0,0 1 0,
  0 1 0,0 1 0,
  0 1 0,0 1 0,
  0 1 0,0 1 0,
  0 1 0,0 1 0] }
}
}
DEF SHAPE_160 Shape {
 appearance USE APP_13
 geometry DEF FACE_160 IndexedFaceSet {
  coord DEF COORD_160 Coordinate { point [
  -0.28543307 0.11811024 0.19685039,-0.20866142 0.11811024 0.19685039,
  -0.28543307 0.11811024 0.18503937,-0.19685039 0.11811024 0.18503937,
  -0.20414153 0.11811024 0.19595133,-0.20030976 0.11811024 0.19339102,
  -0.19774945 0.11811024 0.18955925] }
 coordIndex [
  1,2,0,-1,3,2,1,-1,5,1,4,-1,5,6,3,-1,5,3,1,-1]
  normalPerVertex TRUE
  normal DEF NORM_160 Normal { vector [
  0 1 0,0 1 0,
  0 1 0,0 1 0,
  0 0 1,0 1 0,
  0 0 1] }
}
}
DEF SHAPE_161 Shape {
 appearance USE APP_13
 geometry DEF FACE_161 IndexedFaceSet {
  coord DEF COORD_161 Coordinate { point [
  -0.28543307 0.11811024 0.19685039,-0.28543307 0.11811024 0.18503937,
  -0.28543307 0.15748031 0.19685039,-0.28543307 0.15748031 0.18503937] }
 coordIndex [
  0,3,2,-1,0,1,3,-1]
  normalPerVertex TRUE
  normal DEF NORM_161 Normal { vector [
  1 0 0,1 0 0,
  1 0 0,1 0 0] }
}
}
DEF SHAPE_162 Shape {
 appearance USE APP_13
 geometry DEF FACE_162 IndexedFaceSet {
  coord DEF COORD_162 Coordinate { point [
  -0.28543307 -0.11811024 0.19685039,-0.28543307 -0.11811024 0.18503937,
  -0.20866142 -0.11811024 0.19685039,-0.20414153 -0.11811024 0.19595133,
  -0.20030976 -0.11811024 0.19339102,-0.19774945 -0.11811024 0.18955925,
  -0.19685039 -0.11811024 0.18503937] }
 coordIndex [
  2,4,3,-1,2,5,4,-1,2,6,5,-1,1,6,2,-1,0,1,2,-1]
  normalPerVertex TRUE
  normal DEF NORM_162 Normal { vector [
  0 -1 0,0 -1 0,
  0 -1 0,0 0 1,
  0 -1 0,0 -1 0,
  0 -1 0] }
}
}
DEF SHAPE_163 Shape {
 appearance USE APP_13
 geometry DEF FACE_163 IndexedFaceSet {
  coord DEF COORD_163 Coordinate { point [
  -0.30314961 0.15748031 0.19685039,-0.28543307 0.15748031 0.19685039,
  -0.30314961 -0.15748031 0.19685039,-0.28543307 -0.15748031 0.19685039,
  -0.28543307 -0.11811024 0.19685039,-0.20866142 -0.11811024 0.19685039,
  -0.20866142 0.11811024 0.19685039,-0.28543307 0.11811024 0.19685039] }
 coordIndex [
  4,2,3,-1,1,0,7,-1,6,4,5,-1,6,7,4,-1,0,2,4,-1,0,4,7,-1]
  normalPerVertex TRUE
  normal DEF NORM_163 Normal { vector [
  0 0 1,0 0 1,
  0 0 1,0 0 1,
  0 0 1,0 0 1,
  0 0 1,0 0 1] }
}
}
DEF SHAPE_164 Shape {
 appearance USE APP_13
 geometry DEF FACE_164 IndexedFaceSet {
  coord DEF COORD_164 Coordinate { point [
  -0.28543307 -0.11811024 0.19685039,-0.28543307 -0.15748031 0.19685039,
  -0.28543307 -0.11811024 0.18503937,-0.28543307 -0.15748031 0.18503937] }
 coordIndex [
  1,2,0,-1,1,3,2,-1]
  normalPerVertex TRUE
  normal DEF NORM_164 Normal { vector [
  1 0 0,1 0 0,
  1 0 0,1 0 0] }
}
}
DEF SHAPE_165 Shape {
 appearance USE APP_13
 geometry DEF FACE_165 IndexedFaceSet {
  coord DEF COORD_165 Coordinate { point [
  -0.30314961 0.15748031 0,-0.28543307 0.15748031 0,
  -0.30314961 -0.15748031 0,-0.28543307 -0.15748031 0,
  -0.28543307 -0.11811024 0,-0.20866142 -0.11811024 0,
  -0.20866142 0.11811024 0,-0.28543307 0.11811024 0] }
 coordIndex [
  4,3,2,-1,1,7,0,-1,6,5,4,-1,6,4,7,-1,0,4,2,-1,0,7,4,-1]
  normalPerVertex TRUE
  normal DEF NORM_165 Normal { vector [
  0 0 -1,0 0 -1,
  0 0 -1,0 0 -1,
  0 0 -1,0 0 -1,
  0 0 -1,0 0 -1] }
}
}
DEF SHAPE_166 Shape {
 appearance USE APP_13
 geometry DEF FACE_166 IndexedFaceSet {
  coord DEF COORD_166 Coordinate { point [
  -0.31496063 -0.15748031 0.011811024,-0.31496063 0.15748031 0.011811024,
  -0.31406157 0.15748031 0.0072911406,-0.31150126 0.15748031 0.0034593687,
  -0.30766949 0.15748031 0.00089906064,-0.30314961 0.15748031 0,
  -0.30314961 -0.15748031 0,-0.31406157 -0.15748031 0.0072911406,
  -0.31150126 -0.15748031 0.0034593687,-0.30766949 -0.15748031 0.00089906064] }
 coordIndex [
  4,5,6,-1,4,6,9,-1,3,9,8,-1,3,4,9,-1,2,8,7,-1,2,3,8,-1,1,7,0,-1,1,2,7,-1]
  normalPerVertex TRUE
  normal DEF NORM_166 Normal { vector [
  -0.98078528 0 -0.19509032,-0.98078528 0 -0.19509032,
  -0.89653751 0 -0.44296783,-0.65877621 0 -0.75233896,
  -0.3207222 0 -0.94717331,-0.19509032 0 -0.98078528,
  -0.19509032 0 -0.98078528,-0.94717331 0 -0.3207222,
  -0.75233896 0 -0.65877621,-0.44296783 0 -0.89653751] }
}
}
DEF SHAPE_167 Shape {
 appearance USE APP_13
 geometry DEF FACE_167 IndexedFaceSet {
  coord DEF COORD_167 Coordinate { point [
  -0.28543307 -0.15748031 0.011811024,-0.28543307 -0.11811024 0.011811024,
  -0.28543307 -0.11811024 0,-0.28543307 -0.15748031 0] }
 coordIndex [
  0,2,1,-1,0,3,2,-1]
  normalPerVertex TRUE
  normal DEF NORM_167 Normal { vector [
  1 0 0,1 0 0,
  1 0 0,1 0 0] }
}
}
DEF SHAPE_168 Shape {
 appearance USE APP_13
 geometry DEF FACE_168 IndexedFaceSet {
  coord DEF COORD_168 Coordinate { point [
  -0.31496063 -0.15748031 0.011811024,-0.31496063 -0.15748031 0.18503937,
  -0.31496063 0.15748031 0.011811024,-0.31496063 0.15748031 0.18503937] }
 coordIndex [
  1,2,0,-1,1,3,2,-1]
  normalPerVertex TRUE
  normal DEF NORM_168 Normal { vector [
  -1 0 0,-1 0 0,
  -1 0 0,-1 0 0] }
}
}
DEF SHAPE_169 Shape {
 appearance USE APP_13
 geometry DEF FACE_169 IndexedFaceSet {
  coord DEF COORD_169 Coordinate { point [
  -0.31496063 -0.15748031 0.18503937,-0.31406157 -0.15748031 0.18955925,
  -0.31150126 -0.15748031 0.19339102,-0.30766949 -0.15748031 0.19595133,
  -0.30314961 -0.15748031 0.19685039,-0.30314961 0.15748031 0.19685039,
  -0.31496063 0.15748031 0.18503937,-0.31406157 0.15748031 0.18955925,
  -0.31150126 0.15748031 0.19339102,-0.30766949 0.15748031 0.19595133] }
 coordIndex [
  7,0,1,-1,7,6,0,-1,8,1,2,-1,8,7,1,-1,9,2,3,-1,9,8,2,-1,5,3,4,-1,5,9,3,-1]
  normalPerVertex TRUE
  normal DEF NORM_169 Normal { vector [
  -0.98078528 0 0.19509032,-0.89653751 0 0.44296783,
  -0.65877621 0 0.75233896,-0.3207222 0 0.94717331,
  -0.19509032 0 0.98078528,-0.19509032 0 0.98078528,
  -0.98078528 0 0.19509032,-0.94717331 0 0.3207222,
  -0.75233896 0 0.65877621,-0.44296783 0 0.89653751] }
}
}
DEF SHAPE_170 Shape {
 appearance USE APP_13
 geometry DEF FACE_170 IndexedFaceSet {
  coord DEF COORD_170 Coordinate { point [
  -0.28543307 -0.11811024 0.011811024,-0.28543307 -0.11811024 0,
  -0.19685039 -0.11811024 0.011811024,-0.19774945 -0.11811024 0.0072911406,
  -0.20030976 -0.11811024 0.0034593687,-0.20414153 -0.11811024 0.00089906064,
  -0.20866142 -0.11811024 0] }
 coordIndex [
  2,4,3,-1,2,5,4,-1,2,6,5,-1,0,1,6,-1,0,6,2,-1]
  normalPerVertex TRUE
  normal DEF NORM_170 Normal { vector [
  0 -1 0,0 -1 0,
  0 -1 0,0 0 1,
  0 -1 0,0 -1 0,
  0 -1 0] }
}
}
DEF SHAPE_171 Shape {
 appearance USE APP_13
 geometry DEF FACE_171 IndexedFaceSet {
  coord DEF COORD_171 Coordinate { point [
  -0.19685039 -0.11811024 0.011811024,-0.19685039 0.11811024 0.011811024,
  -0.19774945 -0.11811024 0.0072911406,-0.20030976 -0.11811024 0.0034593687,
  -0.20414153 -0.11811024 0.00089906064,-0.20866142 -0.11811024 0,
  -0.20866142 0.11811024 0,-0.19774945 0.11811024 0.0072911406,
  -0.20030976 0.11811024 0.0034593687,-0.20414153 0.11811024 0.00089906064] }
 coordIndex [
  7,1,0,-1,7,0,2,-1,8,2,3,-1,8,7,2,-1,9,3,4,-1,9,8,3,-1,6,4,5,-1,6,9,4,-1]
  normalPerVertex TRUE
  normal DEF NORM_171 Normal { vector [
  0.98078528 0 -0.19509032,0.98078528 0 -0.19509032,
  0.89653751 0 -0.44296783,0.65877621 0 -0.75233896,
  0.3207222 0 -0.94717331,0.19509032 0 -0.98078528,
  0.19509032 0 -0.98078528,0.94717331 0 -0.3207222,
  0.75233896 0 -0.65877621,0.44296783 0 -0.89653751] }
}
}
DEF SHAPE_172 Shape {
 appearance USE APP_13
 geometry DEF FACE_172 IndexedFaceSet {
  coord DEF COORD_172 Coordinate { point [
  -0.19685039 0.11811024 0.011811024,-0.28543307 0.11811024 0.011811024,
  -0.28543307 0.11811024 0,-0.20866142 0.11811024 0,
  -0.19774945 0.11811024 0.0072911406,-0.20030976 0.11811024 0.0034593687,
  -0.20414153 0.11811024 0.00089906064] }
 coordIndex [
  3,2,1,-1,4,5,6,-1,4,6,3,-1,0,3,1,-1,0,4,3,-1]
  normalPerVertex TRUE
  normal DEF NORM_172 Normal { vector [
  0 1 0,0 1 0,
  0 1 0,0 1 0,
  0 1 0,0 0 1,
  0 1 0] }
}
}
DEF SHAPE_173 Shape {
 appearance USE APP_13
 geometry DEF FACE_173 IndexedFaceSet {
  coord DEF COORD_173 Coordinate { point [
  -0.28543307 0.11811024 0.011811024,-0.28543307 0.11811024 0,
  -0.28543307 0.15748031 0.011811024,-0.28543307 0.15748031 0] }
 coordIndex [
  0,3,2,-1,0,1,3,-1]
  normalPerVertex TRUE
  normal DEF NORM_173 Normal { vector [
  1 0 0,1 0 0,
  1 0 0,1 0 0] }
}
}
DEF SHAPE_174 Shape {
 appearance USE APP_13
 geometry DEF FACE_174 IndexedFaceSet {
  coord DEF COORD_174 Coordinate { point [
  0.28543307 0.15748031 0.011811024,0.28543307 0.11811024 0.011811024,
  0.28543307 0.11811024 0,0.28543307 0.15748031 0] }
 coordIndex [
  0,2,1,-1,0,3,2,-1]
  normalPerVertex TRUE
  normal DEF NORM_174 Normal { vector [
  -1 0 0,-1 0 0,
  -1 0 0,-1 0 0] }
}
}
DEF SHAPE_175 Shape {
 appearance USE APP_13
 geometry DEF FACE_175 IndexedFaceSet {
  coord DEF COORD_175 Coordinate { point [
  0.28543307 0.11811024 0.011811024,0.28543307 0.11811024 0,
  0.19685039 0.11811024 0.011811024,0.20866142 0.11811024 0,
  0.20414153 0.11811024 0.00089906064,0.20030976 0.11811024 0.0034593687,
  0.19774945 0.11811024 0.0072911406] }
 coordIndex [
  2,3,4,-1,2,4,5,-1,2,5,6,-1,0,1,3,-1,0,3,2,-1]
  normalPerVertex TRUE
  normal DEF NORM_175 Normal { vector [
  0 1 0,0 1 0,
  0 1 0,0 1 0,
  0 1 0,0 1 0,
  0 0 1] }
}
}
DEF SHAPE_176 Shape {
 appearance USE APP_13
 geometry DEF FACE_176 IndexedFaceSet {
  coord DEF COORD_176 Coordinate { point [
  0.20866142 0.11811024 0,0.20414153 0.11811024 0.00089906064,
  0.20030976 0.11811024 0.0034593687,0.19774945 0.11811024 0.0072911406,
  0.19685039 0.11811024 0.011811024,0.20866142 -0.11811024 0,
  0.20414153 -0.11811024 0.00089906064,0.20030976 -0.11811024 0.0034593687,
  0.19774945 -0.11811024 0.0072911406,0.19685039 -0.11811024 0.011811024] }
 coordIndex [
  1,0,5,-1,1,5,6,-1,2,6,7,-1,2,1,6,-1,3,7,8,-1,3,2,7,-1,4,8,9,-1,4,3,8,-1]
  normalPerVertex TRUE
  normal DEF NORM_176 Normal { vector [
  -0.19509032 0 -0.98078528,-0.3207222 0 -0.94717331,
  -0.65877621 0 -0.75233896,-0.89653751 0 -0.44296783,
  -0.98078528 0 -0.19509032,-0.19509032 0 -0.98078528,
  -0.44296783 0 -0.89653751,-0.75233896 0 -0.65877621,
  -0.94717331 0 -0.3207222,-0.98078528 0 -0.19509032] }
}
}
DEF SHAPE_177 Shape {
 appearance USE APP_13
 geometry DEF FACE_177 IndexedFaceSet {
  coord DEF COORD_177 Coordinate { point [
  0.19685039 -0.11811024 0.011811024,0.28543307 -0.11811024 0.011811024,
  0.28543307 -0.11811024 0,0.20866142 -0.11811024 0,
  0.20414153 -0.11811024 0.00089906064,0.20030976 -0.11811024 0.0034593687,
  0.19774945 -0.11811024 0.0072911406] }
 coordIndex [
  3,2,1,-1,0,4,3,-1,0,5,4,-1,0,6,5,-1,0,3,1,-1]
  normalPerVertex TRUE
  normal DEF NORM_177 Normal { vector [
  0 -1 0,0 -1 0,
  0 -1 0,0 -1 0,
  0 -1 0,0 -1 0,
  0 0 1] }
}
}
DEF SHAPE_178 Shape {
 appearance USE APP_13
 geometry DEF FACE_178 IndexedFaceSet {
  coord DEF COORD_178 Coordinate { point [
  0.28543307 -0.11811024 0.011811024,0.28543307 -0.11811024 0,
  0.28543307 -0.15748031 0.011811024,0.28543307 -0.15748031 0] }
 coordIndex [
  0,3,2,-1,0,1,3,-1]
  normalPerVertex TRUE
  normal DEF NORM_178 Normal { vector [
  -1 0 0,-1 0 0,
  -1 0 0,-1 0 0] }
}
}
DEF SHAPE_179 Shape {
 appearance DEF APP_14 Appearance {
  material Material {
   ambientIntensity 0.16928145
   diffuseColor 0.34 0.68000001 0.44499999
   emissiveColor 0 0 0
   shininess 0.1
   specularColor 0.12 0.12 0.12
   transparency 0
} }
 geometry DEF FACE_179 IndexedFaceSet {
  coord DEF COORD_179 Coordinate { point [
  0.10910556 0.12598425 0.0059055118,0.10910556 0.12598425 0.011811024,
  0.10910556 -0.12598425 0.011811024,0.10910556 -0.12598425 0.0059055118] }
 coordIndex [
  3,0,1,-1,3,1,2,-1]
  normalPerVertex TRUE
  normal DEF NORM_179 Normal { vector [
  1 0 0,1 0 0,
  1 0 0,1 0 0] }
}
}
DEF SHAPE_180 Shape {
 appearance USE APP_14
 geometry DEF FACE_180 IndexedFaceSet {
  coord DEF COORD_180 Coordinate { point [
  -0.10910556 0 0.0059055118,-0.10910556 0 0.011811024,
  0.10910556 0.12598425 0.011811024,0.10910556 0.12598425 0.0059055118] }
 coordIndex [
  3,0,1,-1,3,1,2,-1]
  normalPerVertex TRUE
  normal DEF NORM_180 Normal { vector [
  -0.5 0.8660254 0,-0.5 0.8660254 0,
  -0.5 0.8660254 0,-0.5 0.8660254 0] }
}
}
DEF SHAPE_181 Shape {
 appearance USE APP_14
 geometry DEF FACE_181 IndexedFaceSet {
  coord DEF COORD_181 Coordinate { point [
  0.10910556 -0.12598425 0.0059055118,0.10910556 -0.12598425 0.011811024,
  -0.10910556 0 0.011811024,-0.10910556 0 0.0059055118] }
 coordIndex [
  3,0,1,-1,3,1,2,-1]
  normalPerVertex TRUE
  normal DEF NORM_181 Normal { vector [
  -0.5 -0.8660254 0,-0.5 -0.8660254 0,
  -0.5 -0.8660254 0,-0.5 -0.8660254 0] }
}
}
DEF SHAPE_182 Shape {
 appearance USE APP_13
 geometry DEF FACE_182 IndexedFaceSet {
  coord DEF COORD_182 Coordinate { point [
  0.28543307 0.15748031 0,0.30314961 0.15748031 0,
  0.28543307 0.11811024 0,0.20866142 0.11811024 0,
  0.20866142 -0.11811024 0,0.28543307 -0.11811024 0,
  0.28543307 -0.15748031 0,0.30314961 -0.15748031 0] }
 coordIndex [
  5,7,6,-1,2,4,3,-1,2,5,4,-1,1,2,0,-1,7,2,1,-1,7,5,2,-1]
  normalPerVertex TRUE
  normal DEF NORM_182 Normal { vector [
  0 0 -1,0 0 -1,
  0 0 -1,0 0 -1,
  0 0 -1,0 0 -1,
  0 0 -1,0 0 -1] }
}
}
DEF SHAPE_183 Shape {
 appearance USE APP_13
 geometry DEF FACE_183 IndexedFaceSet {
  coord DEF COORD_183 Coordinate { point [
  0.31496063 -0.15748031 0.011811024,0.31406157 -0.15748031 0.0072911406,
  0.31150126 -0.15748031 0.0034593687,0.30766949 -0.15748031 0.00089906064,
  0.30314961 -0.15748031 0,0.30314961 0.15748031 0,
  0.31496063 0.15748031 0.011811024,0.31406157 0.15748031 0.0072911406,
  0.31150126 0.15748031 0.0034593687,0.30766949 0.15748031 0.00089906064] }
 coordIndex [
  7,0,1,-1,7,6,0,-1,8,1,2,-1,8,7,1,-1,9,2,3,-1,9,8,2,-1,5,3,4,-1,5,9,3,-1]
  normalPerVertex TRUE
  normal DEF NORM_183 Normal { vector [
  0.98078528 0 -0.19509032,0.89653751 0 -0.44296783,
  0.65877621 0 -0.75233896,0.3207222 0 -0.94717331,
  0.19509032 0 -0.98078528,0.19509032 0 -0.98078528,
  0.98078528 0 -0.19509032,0.94717331 0 -0.3207222,
  0.75233896 0 -0.65877621,0.44296783 0 -0.89653751] }
}
}
DEF SHAPE_184 Shape {
 appearance USE APP_13
 geometry DEF FACE_184 IndexedFaceSet {
  coord DEF COORD_184 Coordinate { point [
  0.31496063 -0.15748031 0.011811024,0.31496063 -0.15748031 0.18503937,
  0.31496063 0.15748031 0.011811024,0.31496063 0.15748031 0.18503937] }
 coordIndex [
  1,0,2,-1,1,2,3,-1]
  normalPerVertex TRUE
  normal DEF NORM_184 Normal { vector [
  1 0 0,1 0 0,
  1 0 0,1 0 0] }
}
}
DEF SHAPE_185 Shape {
 appearance USE APP_13
 geometry DEF FACE_185 IndexedFaceSet {
  coord DEF COORD_185 Coordinate { point [
  0.31496063 -0.15748031 0.18503937,0.31496063 0.15748031 0.18503937,
  0.31406157 0.15748031 0.18955925,0.31150126 0.15748031 0.19339102,
  0.30766949 0.15748031 0.19595133,0.30314961 0.15748031 0.19685039,
  0.30314961 -0.15748031 0.19685039,0.31406157 -0.15748031 0.18955925,
  0.31150126 -0.15748031 0.19339102,0.30766949 -0.15748031 0.19595133] }
 coordIndex [
  4,5,6,-1,4,6,9,-1,3,9,8,-1,3,4,9,-1,2,8,7,-1,2,3,8,-1,1,7,0,-1,1,2,7,-1]
  normalPerVertex TRUE
  normal DEF NORM_185 Normal { vector [
  0.98078528 0 0.19509032,0.98078528 0 0.19509032,
  0.89653751 0 0.44296783,0.65877621 0 0.75233896,
  0.3207222 0 0.94717331,0.19509032 0 0.98078528,
  0.19509032 0 0.98078528,0.94717331 0 0.3207222,
  0.75233896 0 0.65877621,0.44296783 0 0.89653751] }
}
}
DEF SHAPE_186 Shape {
 appearance USE APP_13
 geometry DEF FACE_186 IndexedFaceSet {
  coord DEF COORD_186 Coordinate { point [
  0.28543307 0.15748031 0.19685039,0.30314961 0.15748031 0.19685039,
  0.28543307 0.11811024 0.19685039,0.20866142 0.11811024 0.19685039,
  0.20866142 -0.11811024 0.19685039,0.28543307 -0.11811024 0.19685039,
  0.28543307 -0.15748031 0.19685039,0.30314961 -0.15748031 0.19685039] }
 coordIndex [
  5,6,7,-1,2,3,4,-1,2,4,5,-1,1,0,2,-1,7,1,2,-1,7,2,5,-1]
  normalPerVertex TRUE
  normal DEF NORM_186 Normal { vector [
  0 0 1,0 0 1,
  0 0 1,0 0 1,
  0 0 1,0 0 1,
  0 0 1,0 0 1] }
}
}
DEF SHAPE_187 Shape {
 appearance USE APP_13
 geometry DEF FACE_187 IndexedFaceSet {
  coord DEF COORD_187 Coordinate { point [
  0.28543307 -0.11811024 0.19685039,0.28543307 -0.11811024 0.18503937,
  0.28543307 -0.15748031 0.19685039,0.28543307 -0.15748031 0.18503937] }
 coordIndex [
  0,3,2,-1,0,1,3,-1]
  normalPerVertex TRUE
  normal DEF NORM_187 Normal { vector [
  -1 0 0,-1 0 0,
  -1 0 0,-1 0 0] }
}
}
DEF SHAPE_188 Shape {
 appearance USE APP_13
 geometry DEF FACE_188 IndexedFaceSet {
  coord DEF COORD_188 Coordinate { point [
  0.28543307 -0.11811024 0.19685039,0.20866142 -0.11811024 0.19685039,
  0.28543307 -0.11811024 0.18503937,0.19685039 -0.11811024 0.18503937,
  0.19774945 -0.11811024 0.18955925,0.20030976 -0.11811024 0.19339102,
  0.20414153 -0.11811024 0.19595133] }
 coordIndex [
  1,2,0,-1,3,2,1,-1,5,4,3,-1,5,1,6,-1,5,3,1,-1]
  normalPerVertex TRUE
  normal DEF NORM_188 Normal { vector [
  0 -1 0,0 -1 0,
  0 -1 0,0 -1 0,
  0 0 1,0 -1 0,
  0 0 1] }
}
}
DEF SHAPE_189 Shape {
 appearance USE APP_13
 geometry DEF FACE_189 IndexedFaceSet {
  coord DEF COORD_189 Coordinate { point [
  0.28543307 0.11811024 0.19685039,0.28543307 0.15748031 0.19685039,
  0.28543307 0.11811024 0.18503937,0.28543307 0.15748031 0.18503937] }
 coordIndex [
  1,2,0,-1,1,3,2,-1]
  normalPerVertex TRUE
  normal DEF NORM_189 Normal { vector [
  -1 0 0,-1 0 0,
  -1 0 0,-1 0 0] }
}
}
DEF SHAPE_190 Shape {
 appearance USE APP_13
 geometry DEF FACE_190 IndexedFaceSet {
  coord DEF COORD_190 Coordinate { point [
  0.28543307 0.11811024 0.19685039,0.28543307 0.11811024 0.18503937,
  0.20866142 0.11811024 0.19685039,0.19685039 0.11811024 0.18503937,
  0.19774945 0.11811024 0.18955925,0.20030976 0.11811024 0.19339102,
  0.20414153 0.11811024 0.19595133] }
 coordIndex [
  2,3,4,-1,2,4,5,-1,2,5,6,-1,1,3,2,-1,0,1,2,-1]
  normalPerVertex TRUE
  normal DEF NORM_190 Normal { vector [
  0 1 0,0 1 0,
  0 1 0,0 1 0,
  0 1 0,0 1 0,
  0 0 1] }
}
}
DEF SHAPE_191 Shape {
 appearance USE APP_13
 geometry DEF FACE_191 IndexedFaceSet {
  coord DEF COORD_191 Coordinate { point [
  -0.30314961 0.15748031 0,-0.28543307 0.15748031 0,
  -0.31496063 0.15748031 0.011811024,-0.31406157 0.15748031 0.0072911406,
  -0.31150126 0.15748031 0.0034593687,-0.30766949 0.15748031 0.00089906064,
  -0.31496063 0.15748031 0.18503937,-0.31406157 0.15748031 0.18955925,
  -0.31150126 0.15748031 0.19339102,-0.30766949 0.15748031 0.19595133,
  -0.30314961 0.15748031 0.19685039,-0.28543307 0.15748031 0.19685039,
  -0.28543307 0.15748031 0.18503937,-0.30314961 0.15748031 0.18503937,
  -0.30314961 0.15748031 0.011811024,-0.28543307 0.15748031 0.011811024] }
 coordIndex [
  14,3,2,-1,14,4,3,-1,14,5,4,-1,14,0,5,-1,15,1,0,-1,15,0,14,-1,13,2,6,-1,13,6,7,-1,
  13,7,8,-1,13,14,2,-1,9,13,8,-1,10,13,9,-1,11,12,13,-1,11,13,10,-1]
  normalPerVertex TRUE
  normal DEF NORM_191 Normal { vector [
  0 1 0,0 1 0,
  0 1 0,0 1 0,
  0 1 0,0 1 0,
  0 1 0,0 1 0,
  0 1 0,0 1 0,
  0 1 0,0 1 0,
  0 1 0,0 1 0,
  0 1 0,0 1 0] }
}
}
DEF SHAPE_192 Shape {
 appearance USE APP_13
 geometry DEF FACE_192 IndexedFaceSet {
  coord DEF COORD_192 Coordinate { point [
  0.28543307 0.15748031 0,0.30314961 0.15748031 0,
  0.28543307 0.15748031 0.011811024,0.30314961 0.15748031 0.011811024,
  0.30314961 0.15748031 0.18503937,0.28543307 0.15748031 0.18503937,
  0.28543307 0.15748031 0.19685039,0.30314961 0.15748031 0.19685039,
  0.31496063 0.15748031 0.18503937,0.31406157 0.15748031 0.18955925,
  0.31150126 0.15748031 0.19339102,0.30766949 0.15748031 0.19595133,
  0.31496063 0.15748031 0.011811024,0.31406157 0.15748031 0.0072911406,
  0.31150126 0.15748031 0.0034593687,0.30766949 0.15748031 0.00089906064] }
 coordIndex [
  3,1,0,-1,3,0,2,-1,3,15,1,-1,14,15,3,-1,13,14,3,-1,12,13,3,-1,7,4,5,-1,7,5,6,-1,
  8,3,4,-1,8,12,3,-1,9,8,4,-1,11,4,7,-1,10,9,4,-1,10,4,11,-1]
  normalPerVertex TRUE
  normal DEF NORM_192 Normal { vector [
  0 1 0,0 1 0,
  0 1 0,0 1 0,
  0 1 0,0 1 0,
  0 1 0,0 1 0,
  0 1 0,0 1 0,
  0 1 0,0 1 0,
  0 1 0,0 1 0,
  0 1 0,0 1 0] }
}
}
DEF SHAPE_193 Shape {
 appearance USE APP_14
 geometry DEF FACE_193 IndexedFaceSet {
  coord DEF COORD_193 Coordinate { point [
  -0.10910556 0 0.0059055118,0.10910556 0.12598425 0.0059055118,
  0.10910556 -0.12598425 0.0059055118] }
 coordIndex [
  0,1,2,-1]
  normalPerVertex TRUE
  normal DEF NORM_193 Normal { vector [
  0 0 -1,0 0 -1,
  0 0 -1] }
}
}
] }
] }
] }
] }
DEF TXFM_25 Transform {
  center 0 0 0
  rotation 0 0 1 0
  scale 1 1 1
  scaleOrientation 0 0 1 0
  translation 4.2519685 0.90551181 0.31496063
 children [
DEF TXFM_26 Transform {
  center 0 0 0
  rotation 0 0 1 0
  scale 1 1 1
  scaleOrientation 0 0 1 0
  translation 0 0 0
 children [
DEF TXFM_27 Transform {
  center 0 0 0
  rotation 0 0 1 0
  scale 1 1 1
  scaleOrientation 0 0 1 0
  translation 0 0 0
 children [
DEF TXFM_28 Transform {
  center 0 0 0
  rotation 0 0 1 0
  scale 1 1 1
  scaleOrientation 0 0 1 0
  translation 0 0 0
 children [
DEF SHAPE_194 Shape {
 appearance DEF APP_15 Appearance {
  material Material {
   ambientIntensity 0.686634
   diffuseColor 0.148 0.145 0.145
   emissiveColor 0 0 0
   shininess 0.1
   specularColor 0.12 0.12 0.12
   transparency 0
} }
 geometry DEF FACE_194 IndexedFaceSet {
  coord DEF COORD_194 Coordinate { point [
  -0.5629567 0.49801378 0.059055118,-0.49801378 0.5629567 0.059055118,
  -0.51181102 0.59055118 0.21555118,-0.59055118 0.51181102 0.21555118] }
 coordIndex [
  2,1,0,-1,2,0,3,-1]
  normalPerVertex TRUE
  normal DEF NORM_194 Normal { vector [
  -0.69505557 0.69505557 -0.18383557,-0.69505557 0.69505557 -0.18383557,
  -0.69505557 0.69505557 -0.18383557,-0.69505557 0.69505557 -0.18383557] }
}
}
DEF SHAPE_195 Shape {
 appearance USE APP_15
 geometry DEF FACE_195 IndexedFaceSet {
  coord DEF COORD_195 Coordinate { point [
  -0.5629567 -0.49801378 0.059055118,-0.5629567 0.49801378 0.059055118,
  -0.49801378 -0.5629567 0.059055118,0.49801378 -0.5629567 0.059055118,
  0.5629567 -0.49801378 0.059055118,0.5629567 0.49801378 0.059055118,
  0.49801378 0.5629567 0.059055118,-0.49801378 0.5629567 0.059055118] }
 coordIndex [
  7,0,1,-1,5,2,0,-1,5,3,2,-1,5,4,3,-1,5,7,6,-1,5,0,7,-1]
  normalPerVertex TRUE
  normal DEF NORM_195 Normal { vector [
  0 0 -1,0 0 -1,
  0 0 -1,0 0 -1,
  0 0 -1,0 0 -1,
  0 0 -1,0 0 -1] }
}
}
DEF SHAPE_196 Shape {
 appearance USE APP_15
 geometry DEF FACE_196 IndexedFaceSet {
  coord DEF COORD_196 Coordinate { point [
  -0.49801378 0.5629567 0.059055118,0.49801378 0.5629567 0.059055118,
  0.51181102 0.59055118 0.21555118,-0.51181102 0.59055118 0.21555118] }
 coordIndex [
  2,1,0,-1,2,0,3,-1]
  normalPerVertex TRUE
  normal DEF NORM_196 Normal { vector [
  0 0.98480775 -0.17364818,0 0.98480775 -0.17364818,
  0 0.98480775 -0.17364818,0 0.98480775 -0.17364818] }
}
}
DEF SHAPE_197 Shape {
 appearance USE APP_15
 geometry DEF FACE_197 IndexedFaceSet {
  coord DEF COORD_197 Coordinate { point [
  -0.59055118 0.51181102 0.21555118,-0.51181102 0.59055118 0.21555118,
  -0.51181102 0.59055118 0.2765748,-0.59055118 0.51181102 0.2765748] }
 coordIndex [
  2,1,0,-1,2,0,3,-1]
  normalPerVertex TRUE
  normal DEF NORM_197 Normal { vector [
  -0.70710678 0.70710678 0,-0.70710678 0.70710678 0,
  -0.70710678 0.70710678 0,-0.70710678 0.70710678 0] }
}
}
DEF SHAPE_198 Shape {
 appearance USE APP_15
 geometry DEF FACE_198 IndexedFaceSet {
  coord DEF COORD_198 Coordinate { point [
  -0.5629567 -0.49801378 0.059055118,-0.5629567 0.49801378 0.059055118,
  -0.59055118 0.51181102 0.21555118,-0.59055118 0.44291339 0.21555118,
  -0.59055118 0.34448819 0.21555118,-0.59055118 0.24606299 0.21555118,
  -0.59055118 0.1476378 0.21555118,-0.59055118 0.049212598 0.21555118,
  -0.59055118 -0.049212598 0.21555118,-0.59055118 -0.1476378 0.21555118,
  -0.59055118 -0.24606299 0.21555118,-0.59055118 -0.34448819 0.21555118,
  -0.59055118 -0.44291339 0.21555118,-0.59055118 -0.51181102 0.21555118] }
 coordIndex [
  12,0,13,-1,11,0,12,-1,10,0,11,-1,9,0,10,-1,8,0,9,-1,1,5,4,-1,1,6,5,-1,1,7,6,-1,
  1,8,7,-1,1,0,8,-1,3,1,4,-1,2,1,3,-1]
  normalPerVertex TRUE
  normal DEF NORM_198 Normal { vector [
  -0.98480775 0 -0.17364818,-0.98480775 0 -0.17364818,
  -0.98480775 0 -0.17364818,-0.98480775 0 -0.17364818,
  -0.98480775 0 -0.17364818,-0.98480775 0 -0.17364818,
  -0.98480775 0 -0.17364818,-0.98480775 0 -0.17364818,
  -0.98480775 0 -0.17364818,-0.98480775 0 -0.17364818,
  -0.98480775 0 -0.17364818,-0.98480775 0 -0.17364818,
  -0.98480775 0 -0.17364818,-0.98480775 0 -0.17364818] }
}
}
DEF SHAPE_199 Shape {
 appearance USE APP_15
 geometry DEF FACE_199 IndexedFaceSet {
  coord DEF COORD_199 Coordinate { point [
  -0.49801378 -0.5629567 0.059055118,-0.5629567 -0.49801378 0.059055118,
  -0.59055118 -0.51181102 0.21555118,-0.51181102 -0.59055118 0.21555118] }
 coordIndex [
  2,1,0,-1,2,0,3,-1]
  normalPerVertex TRUE
  normal DEF NORM_199 Normal { vector [
  -0.69505557 -0.69505557 -0.18383557,-0.69505557 -0.69505557 -0.18383557,
  -0.69505557 -0.69505557 -0.18383557,-0.69505557 -0.69505557 -0.18383557] }
}
}
DEF SHAPE_200 Shape {
 appearance USE APP_15
 geometry DEF FACE_200 IndexedFaceSet {
  coord DEF COORD_200 Coordinate { point [
  0.49801378 0.5629567 0.059055118,0.5629567 0.49801378 0.059055118,
  0.59055118 0.51181102 0.21555118,0.51181102 0.59055118 0.21555118] }
 coordIndex [
  2,1,0,-1,2,0,3,-1]
  normalPerVertex TRUE
  normal DEF NORM_200 Normal { vector [
  0.69505557 0.69505557 -0.18383557,0.69505557 0.69505557 -0.18383557,
  0.69505557 0.69505557 -0.18383557,0.69505557 0.69505557 -0.18383557] }
}
}
DEF SHAPE_201 Shape {
 appearance USE APP_15
 geometry DEF FACE_201 IndexedFaceSet {
  coord DEF COORD_201 Coordinate { point [
  0.49801378 -0.5629567 0.059055118,-0.49801378 -0.5629567 0.059055118,
  -0.51181102 -0.59055118 0.21555118,0.51181102 -0.59055118 0.21555118] }
 coordIndex [
  2,1,0,-1,2,0,3,-1]
  normalPerVertex TRUE
  normal DEF NORM_201 Normal { vector [
  0 -0.98480775 -0.17364818,0 -0.98480775 -0.17364818,
  0 -0.98480775 -0.17364818,0 -0.98480775 -0.17364818] }
}
}
DEF SHAPE_202 Shape {
 appearance USE APP_15
 geometry DEF FACE_202 IndexedFaceSet {
  coord DEF COORD_202 Coordinate { point [
  0.5629567 0.49801378 0.059055118,0.5629567 -0.49801378 0.059055118,
  0.59055118 -0.51181102 0.21555118,0.59055118 -0.44291339 0.21555118,
  0.59055118 -0.34448819 0.21555118,0.59055118 -0.24606299 0.21555118,
  0.59055118 -0.1476378 0.21555118,0.59055118 -0.049212598 0.21555118,
  0.59055118 0.049212598 0.21555118,0.59055118 0.1476378 0.21555118,
  0.59055118 0.24606299 0.21555118,0.59055118 0.34448819 0.21555118,
  0.59055118 0.44291339 0.21555118,0.59055118 0.51181102 0.21555118] }
 coordIndex [
  12,0,13,-1,11,0,12,-1,10,0,11,-1,9,0,10,-1,8,0,9,-1,1,5,4,-1,1,6,5,-1,1,7,6,-1,
  1,8,7,-1,1,0,8,-1,3,1,4,-1,2,1,3,-1]
  normalPerVertex TRUE
  normal DEF NORM_202 Normal { vector [
  0.98480775 0 -0.17364818,0.98480775 0 -0.17364818,
  0.98480775 0 -0.17364818,0.98480775 0 -0.17364818,
  0.98480775 0 -0.17364818,0.98480775 0 -0.17364818,
  0.98480775 0 -0.17364818,0.98480775 0 -0.17364818,
  0.98480775 0 -0.17364818,0.98480775 0 -0.17364818,
  0.98480775 0 -0.17364818,0.98480775 0 -0.17364818,
  0.98480775 0 -0.17364818,0.98480775 0 -0.17364818] }
}
}
DEF SHAPE_203 Shape {
 appearance USE APP_15
 geometry DEF FACE_203 IndexedFaceSet {
  coord DEF COORD_203 Coordinate { point [
  0.5629567 -0.49801378 0.059055118,0.49801378 -0.5629567 0.059055118,
  0.51181102 -0.59055118 0.21555118,0.59055118 -0.51181102 0.21555118] }
 coordIndex [
  2,1,0,-1,2,0,3,-1]
  normalPerVertex TRUE
  normal DEF NORM_203 Normal { vector [
  0.69505557 -0.69505557 -0.18383557,0.69505557 -0.69505557 -0.18383557,
  0.69505557 -0.69505557 -0.18383557,0.69505557 -0.69505557 -0.18383557] }
}
}
DEF SHAPE_204 Shape {
 appearance USE APP_15
 geometry DEF FACE_204 IndexedFaceSet {
  coord DEF COORD_204 Coordinate { point [
  -0.51181102 0.59055118 0.21555118,0.51181102 0.59055118 0.21555118,
  0.51181102 0.59055118 0.2765748,-0.51181102 0.59055118 0.2765748] }
 coordIndex [
  2,1,0,-1,2,0,3,-1]
  normalPerVertex TRUE
  normal DEF NORM_204 Normal { vector [
  0 1 0,0 1 0,
  0 1 0,0 1 0] }
}
}
DEF SHAPE_205 Shape {
 appearance USE APP_15
 geometry DEF FACE_205 IndexedFaceSet {
  coord DEF COORD_205 Coordinate { point [
  -0.59055118 0.44291339 0.2765748,-0.59055118 0.51181102 0.2765748,
  -0.51181102 0.59055118 0.2765748,0.51181102 0.59055118 0.2765748,
  0.59055118 0.51181102 0.2765748,0.59055118 0.44291339 0.2765748,
  0.57086614 0.44291339 0.2765748,0.57086614 0.5019685 0.2765748,
  0.5019685 0.57086614 0.2765748,-0.5019685 0.57086614 0.2765748,
  -0.57086614 0.5019685 0.2765748,-0.57086614 0.44291339 0.2765748] }
 coordIndex [
  10,1,0,-1,11,10,0,-1,9,2,1,-1,9,1,10,-1,3,9,8,-1,3,2,9,-1,4,8,7,-1,4,3,8,-1,
  5,7,6,-1,5,4,7,-1]
  normalPerVertex TRUE
  normal DEF NORM_205 Normal { vector [
  0 0 1,0 0 1,
  0 0 1,0 0 1,
  0 0 1,0 0 1,
  0 0 1,0 0 1,
  0 0 1,0 0 1,
  0 0 1,0 0 1] }
}
}
DEF SHAPE_206 Shape {
 appearance USE APP_15
 geometry DEF FACE_206 IndexedFaceSet {
  coord DEF COORD_206 Coordinate { point [
  -0.59055118 0.44291339 0.21555118,-0.59055118 0.44291339 0.2765748,
  -0.59055118 0.51181102 0.21555118,-0.59055118 0.51181102 0.2765748] }
 coordIndex [
  3,0,1,-1,3,2,0,-1]
  normalPerVertex TRUE
  normal DEF NORM_206 Normal { vector [
  -1 0 0,-1 0 0,
  -1 0 0,-1 0 0] }
}
}
DEF SHAPE_207 Shape {
 appearance USE APP_15
 geometry DEF FACE_207 IndexedFaceSet {
  coord DEF COORD_207 Coordinate { point [
  -0.59055118 -0.51181102 0.21555118,-0.59055118 -0.51181102 0.2765748,
  -0.59055118 -0.44291339 0.21555118,-0.59055118 -0.44291339 0.2765748] }
 coordIndex [
  3,0,1,-1,3,2,0,-1]
  normalPerVertex TRUE
  normal DEF NORM_207 Normal { vector [
  -1 0 0,-1 0 0,
  -1 0 0,-1 0 0] }
}
}
DEF SHAPE_208 Shape {
 appearance DEF APP_16 Appearance {
  material Material {
   ambientIntensity 0.122244
   diffuseColor 0.824 0.81999999 0.78100002
   emissiveColor 0 0 0
   shininess 0.1
   specularColor 0.12 0.12 0.12
   transparency 0
} }
 geometry DEF FACE_208 IndexedFaceSet {
  coord DEF COORD_208 Coordinate { point [
  -0.59055118 -0.44291339 0.21555118,-0.67147153 -0.44291339 0.21555118,
  -0.59055118 -0.34448819 0.21555118,-0.67147153 -0.34448819 0.21555118] }
 coordIndex [
  1,2,0,-1,1,3,2,-1]
  normalPerVertex TRUE
  normal DEF NORM_208 Normal { vector [
  0 0 -1,0 0 -1,
  0 0 -1,0 0 -1] }
}
}
DEF SHAPE_209 Shape {
 appearance USE APP_15
 geometry DEF FACE_209 IndexedFaceSet {
  coord DEF COORD_209 Coordinate { point [
  -0.59055118 -0.34448819 0.21555118,-0.59055118 -0.34448819 0.2765748,
  -0.59055118 -0.24606299 0.21555118,-0.59055118 -0.24606299 0.2765748] }
 coordIndex [
  3,0,1,-1,3,2,0,-1]
  normalPerVertex TRUE
  normal DEF NORM_209 Normal { vector [
  -1 0 0,-1 0 0,
  -1 0 0,-1 0 0] }
}
}
DEF SHAPE_210 Shape {
 appearance USE APP_16
 geometry DEF FACE_210 IndexedFaceSet {
  coord DEF COORD_210 Coordinate { point [
  -0.59055118 -0.24606299 0.21555118,-0.67147153 -0.24606299 0.21555118,
  -0.59055118 -0.1476378 0.21555118,-0.67147153 -0.1476378 0.21555118] }
 coordIndex [
  1,2,0,-1,1,3,2,-1]
  normalPerVertex TRUE
  normal DEF NORM_210 Normal { vector [
  0 0 -1,0 0 -1,
  0 0 -1,0 0 -1] }
}
}
DEF SHAPE_211 Shape {
 appearance USE APP_15
 geometry DEF FACE_211 IndexedFaceSet {
  coord DEF COORD_211 Coordinate { point [
  -0.59055118 -0.1476378 0.21555118,-0.59055118 -0.1476378 0.2765748,
  -0.59055118 -0.049212598 0.21555118,-0.59055118 -0.049212598 0.2765748] }
 coordIndex [
  3,0,1,-1,3,2,0,-1]
  normalPerVertex TRUE
  normal DEF NORM_211 Normal { vector [
  -1 0 0,-1 0 0,
  -1 0 0,-1 0 0] }
}
}
DEF SHAPE_212 Shape {
 appearance USE APP_16
 geometry DEF FACE_212 IndexedFaceSet {
  coord DEF COORD_212 Coordinate { point [
  -0.59055118 -0.049212598 0.21555118,-0.67147153 -0.049212598 0.21555118,
  -0.59055118 0.049212598 0.21555118,-0.67147153 0.049212598 0.21555118] }
 coordIndex [
  1,2,0,-1,1,3,2,-1]
  normalPerVertex TRUE
  normal DEF NORM_212 Normal { vector [
  0 0 -1,0 0 -1,
  0 0 -1,0 0 -1] }
}
}
DEF SHAPE_213 Shape {
 appearance USE APP_15
 geometry DEF FACE_213 IndexedFaceSet {
  coord DEF COORD_213 Coordinate { point [
  -0.59055118 0.049212598 0.21555118,-0.59055118 0.049212598 0.2765748,
  -0.59055118 0.1476378 0.21555118,-0.59055118 0.1476378 0.2765748] }
 coordIndex [
  3,0,1,-1,3,2,0,-1]
  normalPerVertex TRUE
  normal DEF NORM_213 Normal { vector [
  -1 0 0,-1 0 0,
  -1 0 0,-1 0 0] }
}
}
DEF SHAPE_214 Shape {
 appearance USE APP_16
 geometry DEF FACE_214 IndexedFaceSet {
  coord DEF COORD_214 Coordinate { point [
  -0.59055118 0.1476378 0.21555118,-0.67147153 0.1476378 0.21555118,
  -0.59055118 0.24606299 0.21555118,-0.67147153 0.24606299 0.21555118] }
 coordIndex [
  1,2,0,-1,1,3,2,-1]
  normalPerVertex TRUE
  normal DEF NORM_214 Normal { vector [
  0 0 -1,0 0 -1,
  0 0 -1,0 0 -1] }
}
}
DEF SHAPE_215 Shape {
 appearance USE APP_15
 geometry DEF FACE_215 IndexedFaceSet {
  coord DEF COORD_215 Coordinate { point [
  -0.59055118 0.24606299 0.21555118,-0.59055118 0.24606299 0.2765748,
  -0.59055118 0.34448819 0.21555118,-0.59055118 0.34448819 0.2765748] }
 coordIndex [
  3,0,1,-1,3,2,0,-1]
  normalPerVertex TRUE
  normal DEF NORM_215 Normal { vector [
  -1 0 0,-1 0 0,
  -1 0 0,-1 0 0] }
}
}
DEF SHAPE_216 Shape {
 appearance USE APP_16
 geometry DEF FACE_216 IndexedFaceSet {
  coord DEF COORD_216 Coordinate { point [
  -0.59055118 0.34448819 0.21555118,-0.67147153 0.34448819 0.21555118,
  -0.59055118 0.44291339 0.21555118,-0.67147153 0.44291339 0.21555118] }
 coordIndex [
  1,2,0,-1,1,3,2,-1]
  normalPerVertex TRUE
  normal DEF NORM_216 Normal { vector [
  0 0 -1,0 0 -1,
  0 0 -1,0 0 -1] }
}
}
DEF SHAPE_217 Shape {
 appearance USE APP_15
 geometry DEF FACE_217 IndexedFaceSet {
  coord DEF COORD_217 Coordinate { point [
  -0.51181102 -0.59055118 0.21555118,-0.59055118 -0.51181102 0.21555118,
  -0.59055118 -0.51181102 0.2765748,-0.51181102 -0.59055118 0.2765748] }
 coordIndex [
  2,1,0,-1,2,0,3,-1]
  normalPerVertex TRUE
  normal DEF NORM_217 Normal { vector [
  -0.70710678 -0.70710678 0,-0.70710678 -0.70710678 0,
  -0.70710678 -0.70710678 0,-0.70710678 -0.70710678 0] }
}
}
DEF SHAPE_218 Shape {
 appearance USE APP_15
 geometry DEF FACE_218 IndexedFaceSet {
  coord DEF COORD_218 Coordinate { point [
  0.51181102 0.59055118 0.21555118,0.59055118 0.51181102 0.21555118,
  0.59055118 0.51181102 0.2765748,0.51181102 0.59055118 0.2765748] }
 coordIndex [
  2,1,0,-1,2,0,3,-1]
  normalPerVertex TRUE
  normal DEF NORM_218 Normal { vector [
  0.70710678 0.70710678 0,0.70710678 0.70710678 0,
  0.70710678 0.70710678 0,0.70710678 0.70710678 0] }
}
}
DEF SHAPE_219 Shape {
 appearance USE APP_15
 geometry DEF FACE_219 IndexedFaceSet {
  coord DEF COORD_219 Coordinate { point [
  0.51181102 -0.59055118 0.21555118,-0.51181102 -0.59055118 0.21555118,
  -0.51181102 -0.59055118 0.2765748,0.51181102 -0.59055118 0.2765748] }
 coordIndex [
  2,1,0,-1,2,0,3,-1]
  normalPerVertex TRUE
  normal DEF NORM_219 Normal { vector [
  0 -1 0,0 -1 0,
  0 -1 0,0 -1 0] }
}
}
DEF SHAPE_220 Shape {
 appearance USE APP_15
 geometry DEF FACE_220 IndexedFaceSet {
  coord DEF COORD_220 Coordinate { point [
  0.59055118 0.51181102 0.21555118,0.59055118 0.51181102 0.2765748,
  0.59055118 0.44291339 0.21555118,0.59055118 0.44291339 0.2765748] }
 coordIndex [
  3,0,1,-1,3,2,0,-1]
  normalPerVertex TRUE
  normal DEF NORM_220 Normal { vector [
  1 0 0,1 0 0,
  1 0 0,1 0 0] }
}
}
DEF SHAPE_221 Shape {
 appearance USE APP_16
 geometry DEF FACE_221 IndexedFaceSet {
  coord DEF COORD_221 Coordinate { point [
  0.59055118 0.44291339 0.21555118,0.67147153 0.44291339 0.21555118,
  0.59055118 0.34448819 0.21555118,0.67147153 0.34448819 0.21555118] }
 coordIndex [
  1,2,0,-1,1,3,2,-1]
  normalPerVertex TRUE
  normal DEF NORM_221 Normal { vector [
  0 0 -1,0 0 -1,
  0 0 -1,0 0 -1] }
}
}
DEF SHAPE_222 Shape {
 appearance USE APP_15
 geometry DEF FACE_222 IndexedFaceSet {
  coord DEF COORD_222 Coordinate { point [
  0.59055118 0.34448819 0.21555118,0.59055118 0.34448819 0.2765748,
  0.59055118 0.24606299 0.21555118,0.59055118 0.24606299 0.2765748] }
 coordIndex [
  3,0,1,-1,3,2,0,-1]
  normalPerVertex TRUE
  normal DEF NORM_222 Normal { vector [
  1 0 0,1 0 0,
  1 0 0,1 0 0] }
}
}
DEF SHAPE_223 Shape {
 appearance USE APP_16
 geometry DEF FACE_223 IndexedFaceSet {
  coord DEF COORD_223 Coordinate { point [
  0.59055118 0.24606299 0.21555118,0.67147153 0.24606299 0.21555118,
  0.59055118 0.1476378 0.21555118,0.67147153 0.1476378 0.21555118] }
 coordIndex [
  1,2,0,-1,1,3,2,-1]
  normalPerVertex TRUE
  normal DEF NORM_223 Normal { vector [
  0 0 -1,0 0 -1,
  0 0 -1,0 0 -1] }
}
}
DEF SHAPE_224 Shape {
 appearance USE APP_15
 geometry DEF FACE_224 IndexedFaceSet {
  coord DEF COORD_224 Coordinate { point [
  0.59055118 0.1476378 0.21555118,0.59055118 0.1476378 0.2765748,
  0.59055118 0.049212598 0.21555118,0.59055118 0.049212598 0.2765748] }
 coordIndex [
  3,0,1,-1,3,2,0,-1]
  normalPerVertex TRUE
  normal DEF NORM_224 Normal { vector [
  1 0 0,1 0 0,
  1 0 0,1 0 0] }
}
}
DEF SHAPE_225 Shape {
 appearance USE APP_16
 geometry DEF FACE_225 IndexedFaceSet {
  coord DEF COORD_225 Coordinate { point [
  0.59055118 0.049212598 0.21555118,0.67147153 0.049212598 0.21555118,
  0.59055118 -0.049212598 0.21555118,0.67147153 -0.049212598 0.21555118] }
 coordIndex [
  1,2,0,-1,1,3,2,-1]
  normalPerVertex TRUE
  normal DEF NORM_225 Normal { vector [
  0 0 -1,0 0 -1,
  0 0 -1,0 0 -1] }
}
}
DEF SHAPE_226 Shape {
 appearance USE APP_15
 geometry DEF FACE_226 IndexedFaceSet {
  coord DEF COORD_226 Coordinate { point [
  0.59055118 -0.049212598 0.21555118,0.59055118 -0.049212598 0.2765748,
  0.59055118 -0.1476378 0.21555118,0.59055118 -0.1476378 0.2765748] }
 coordIndex [
  3,0,1,-1,3,2,0,-1]
  normalPerVertex TRUE
  normal DEF NORM_226 Normal { vector [
  1 0 0,1 0 0,
  1 0 0,1 0 0] }
}
}
DEF SHAPE_227 Shape {
 appearance USE APP_16
 geometry DEF FACE_227 IndexedFaceSet {
  coord DEF COORD_227 Coordinate { point [
  0.59055118 -0.1476378 0.21555118,0.67147153 -0.1476378 0.21555118,
  0.59055118 -0.24606299 0.21555118,0.67147153 -0.24606299 0.21555118] }
 coordIndex [
  1,2,0,-1,1,3,2,-1]
  normalPerVertex TRUE
  normal DEF NORM_227 Normal { vector [
  0 0 -1,0 0 -1,
  0 0 -1,0 0 -1] }
}
}
DEF SHAPE_228 Shape {
 appearance USE APP_15
 geometry DEF FACE_228 IndexedFaceSet {
  coord DEF COORD_228 Coordinate { point [
  0.59055118 -0.24606299 0.21555118,0.59055118 -0.24606299 0.2765748,
  0.59055118 -0.34448819 0.21555118,0.59055118 -0.34448819 0.2765748] }
 coordIndex [
  3,0,1,-1,3,2,0,-1]
  normalPerVertex TRUE
  normal DEF NORM_228 Normal { vector [
  1 0 0,1 0 0,
  1 0 0,1 0 0] }
}
}
DEF SHAPE_229 Shape {
 appearance USE APP_16
 geometry DEF FACE_229 IndexedFaceSet {
  coord DEF COORD_229 Coordinate { point [
  0.59055118 -0.34448819 0.21555118,0.67147153 -0.34448819 0.21555118,
  0.59055118 -0.44291339 0.21555118,0.67147153 -0.44291339 0.21555118] }
 coordIndex [
  1,2,0,-1,1,3,2,-1]
  normalPerVertex TRUE
  normal DEF NORM_229 Normal { vector [
  0 0 -1,0 0 -1,
  0 0 -1,0 0 -1] }
}
}
DEF SHAPE_230 Shape {
 appearance USE APP_15
 geometry DEF FACE_230 IndexedFaceSet {
  coord DEF COORD_230 Coordinate { point [
  0.59055118 -0.44291339 0.21555118,0.59055118 -0.44291339 0.2765748,
  0.59055118 -0.51181102 0.21555118,0.59055118 -0.51181102 0.2765748] }
 coordIndex [
  3,0,1,-1,3,2,0,-1]
  normalPerVertex TRUE
  normal DEF NORM_230 Normal { vector [
  1 0 0,1 0 0,
  1 0 0,1 0 0] }
}
}
DEF SHAPE_231 Shape {
 appearance USE APP_15
 geometry DEF FACE_231 IndexedFaceSet {
  coord DEF COORD_231 Coordinate { point [
  0.59055118 -0.51181102 0.21555118,0.51181102 -0.59055118 0.21555118,
  0.51181102 -0.59055118 0.2765748,0.59055118 -0.51181102 0.2765748] }
 coordIndex [
  2,1,0,-1,2,0,3,-1]
  normalPerVertex TRUE
  normal DEF NORM_231 Normal { vector [
  0.70710678 -0.70710678 0,0.70710678 -0.70710678 0,
  0.70710678 -0.70710678 0,0.70710678 -0.70710678 0] }
}
}
DEF SHAPE_232 Shape {
 appearance USE APP_16
 geometry DEF FACE_232 IndexedFaceSet {
  coord DEF COORD_232 Coordinate { point [
  -0.67147153 0.34448819 0.2765748,-0.59055118 0.34448819 0.2765748,
  -0.67147153 0.44291339 0.2765748,-0.59055118 0.44291339 0.2765748,
  -0.57086614 0.44291339 0.2765748,-0.57086614 0.34448819 0.2765748] }
 coordIndex [
  1,2,0,-1,1,3,2,-1,5,4,3,-1,5,3,1,-1]
  normalPerVertex TRUE
  normal DEF NORM_232 Normal { vector [
  0 0 1,0 0 1,
  0 0 1,0 0 1,
  0 0 1,0 0 1] }
}
}
DEF SHAPE_233 Shape {
 appearance USE APP_15
 geometry DEF FACE_233 IndexedFaceSet {
  coord DEF COORD_233 Coordinate { point [
  -0.57086614 -0.5019685 0.2765748,-0.57086614 -0.44291339 0.2765748,
  -0.57086614 -0.34448819 0.2765748,-0.57086614 -0.24606299 0.2765748,
  -0.57086614 -0.1476378 0.2765748,-0.57086614 -0.049212598 0.2765748,
  -0.57086614 0.049212598 0.2765748,-0.57086614 0.1476378 0.2765748,
  -0.57086614 0.24606299 0.2765748,-0.57086614 0.34448819 0.2765748,
  -0.57086614 0.44291339 0.2765748,-0.57086614 0.5019685 0.2765748,
  -0.54327166 0.48817126 0.43307087,-0.54327166 -0.48817126 0.43307087] }
 coordIndex [
  13,1,0,-1,13,2,1,-1,3,2,13,-1,4,3,13,-1,5,4,13,-1,12,7,6,-1,12,8,7,-1,12,9,8,-1,
  12,10,9,-1,12,11,10,-1,12,5,13,-1,12,6,5,-1]
  normalPerVertex TRUE
  normal DEF NORM_233 Normal { vector [
  -0.98480775 0 0.17364818,-0.98480775 0 0.17364818,
  -0.98480775 0 0.17364818,-0.98480775 0 0.17364818,
  -0.98480775 0 0.17364818,-0.98480775 0 0.17364818,
  -0.98480775 0 0.17364818,-0.98480775 0 0.17364818,
  -0.98480775 0 0.17364818,-0.98480775 0 0.17364818,
  -0.98480775 0 0.17364818,-0.98480775 0 0.17364818,
  -0.98480775 0 0.17364818,-0.98480775 0 0.17364818] }
}
}
DEF SHAPE_234 Shape {
 appearance USE APP_15
 geometry DEF FACE_234 IndexedFaceSet {
  coord DEF COORD_234 Coordinate { point [
  -0.57086614 0.5019685 0.2765748,-0.5019685 0.57086614 0.2765748,
  -0.48817126 0.54327166 0.43307087,-0.54327166 0.48817126 0.43307087] }
 coordIndex [
  2,1,0,-1,2,0,3,-1]
  normalPerVertex TRUE
  normal DEF NORM_234 Normal { vector [
  -0.69505557 0.69505557 0.18383557,-0.69505557 0.69505557 0.18383557,
  -0.69505557 0.69505557 0.18383557,-0.69505557 0.69505557 0.18383557] }
}
}
DEF SHAPE_235 Shape {
 appearance USE APP_15
 geometry DEF FACE_235 IndexedFaceSet {
  coord DEF COORD_235 Coordinate { point [
  -0.5019685 0.57086614 0.2765748,0.5019685 0.57086614 0.2765748,
  0.48817126 0.54327166 0.43307087,-0.48817126 0.54327166 0.43307087] }
 coordIndex [
  2,1,0,-1,2,0,3,-1]
  normalPerVertex TRUE
  normal DEF NORM_235 Normal { vector [
  0 0.98480775 0.17364818,0 0.98480775 0.17364818,
  0 0.98480775 0.17364818,0 0.98480775 0.17364818] }
}
}
DEF SHAPE_236 Shape {
 appearance USE APP_15
 geometry DEF FACE_236 IndexedFaceSet {
  coord DEF COORD_236 Coordinate { point [
  0.5019685 0.57086614 0.2765748,0.57086614 0.5019685 0.2765748,
  0.54327166 0.48817126 0.43307087,0.48817126 0.54327166 0.43307087] }
 coordIndex [
  2,1,0,-1,2,0,3,-1]
  normalPerVertex TRUE
  normal DEF NORM_236 Normal { vector [
  0.69505557 0.69505557 0.18383557,0.69505557 0.69505557 0.18383557,
  0.69505557 0.69505557 0.18383557,0.69505557 0.69505557 0.18383557] }
}
}
DEF SHAPE_237 Shape {
 appearance USE APP_15
 geometry DEF FACE_237 IndexedFaceSet {
  coord DEF COORD_237 Coordinate { point [
  0.57086614 0.5019685 0.2765748,0.57086614 0.44291339 0.2765748,
  0.57086614 0.34448819 0.2765748,0.57086614 0.24606299 0.2765748,
  0.57086614 0.1476378 0.2765748,0.57086614 0.049212598 0.2765748,
  0.57086614 -0.049212598 0.2765748,0.57086614 -0.1476378 0.2765748,
  0.57086614 -0.24606299 0.2765748,0.57086614 -0.34448819 0.2765748,
  0.57086614 -0.44291339 0.2765748,0.57086614 -0.5019685 0.2765748,
  0.54327166 -0.48817126 0.43307087,0.54327166 0.48817126 0.43307087] }
 coordIndex [
  13,1,0,-1,13,2,1,-1,3,2,13,-1,4,3,13,-1,5,4,13,-1,12,7,6,-1,12,8,7,-1,12,9,8,-1,
  12,10,9,-1,12,11,10,-1,12,5,13,-1,12,6,5,-1]
  normalPerVertex TRUE
  normal DEF NORM_237 Normal { vector [
  0.98480775 0 0.17364818,0.98480775 0 0.17364818,
  0.98480775 0 0.17364818,0.98480775 0 0.17364818,
  0.98480775 0 0.17364818,0.98480775 0 0.17364818,
  0.98480775 0 0.17364818,0.98480775 0 0.17364818,
  0.98480775 0 0.17364818,0.98480775 0 0.17364818,
  0.98480775 0 0.17364818,0.98480775 0 0.17364818,
  0.98480775 0 0.17364818,0.98480775 0 0.17364818] }
}
}
DEF SHAPE_238 Shape {
 appearance USE APP_16
 geometry DEF FACE_238 IndexedFaceSet {
  coord DEF COORD_238 Coordinate { point [
  0.67147153 0.44291339 0.2765748,0.59055118 0.44291339 0.2765748,
  0.67147153 0.34448819 0.2765748,0.59055118 0.34448819 0.2765748,
  0.57086614 0.34448819 0.2765748,0.57086614 0.44291339 0.2765748] }
 coordIndex [
  1,2,0,-1,1,3,2,-1,5,4,3,-1,5,3,1,-1]
  normalPerVertex TRUE
  normal DEF NORM_238 Normal { vector [
  0 0 1,0 0 1,
  0 0 1,0 0 1,
  0 0 1,0 0 1] }
}
}
DEF SHAPE_239 Shape {
 appearance USE APP_16
 geometry DEF FACE_239 IndexedFaceSet {
  coord DEF COORD_239 Coordinate { point [
  -0.59055118 0.44291339 0.21555118,-0.59055118 0.44291339 0.2765748,
  -0.67147153 0.44291339 0.21555118,-0.68202629 0.44291339 0.21431751,
  -0.69201204 0.44291339 0.21068299,-0.70089045 0.44291339 0.20484357,
  -0.70818288 0.44291339 0.19711405,-0.71349618 0.44291339 0.18791113,
  -0.71654393 0.44291339 0.17773095,-0.72996886 0.44291339 0.088247217,
  -0.73708027 0.44291339 0.06449345,-0.74947799 0.44291339 0.043019973,
  -0.76649365 0.44291339 0.024984427,-0.78720993 0.44291339 0.011359113,
  -0.81051002 0.44291339 0.0028785744,-0.8351378 0.44291339 0,
  -0.96456693 0.44291339 0,-0.96456693 0.44291339 0.061023622,
  -0.8351378 0.44291339 0.061023622,-0.82458303 0.44291339 0.062257297,
  -0.81459728 0.44291339 0.065891813,-0.80571887 0.44291339 0.071731234,
  -0.79842645 0.44291339 0.079460753,-0.79311314 0.44291339 0.088663672,
  -0.79006539 0.44291339 0.098843858,-0.77664047 0.44291339 0.18832759,
  -0.76952906 0.44291339 0.21208135,-0.75713134 0.44291339 0.23355483,
  -0.74011568 0.44291339 0.25159038,-0.71939939 0.44291339 0.26521569,
  -0.69609931 0.44291339 0.27369623,-0.67147153 0.44291339 0.2765748] }
 coordIndex [
  18,15,16,-1,18,16,17,-1,19,14,15,-1,19,15,18,-1,20,13,14,-1,20,14,19,-1,21,12,13,-1,21,13,20,-1,
  22,12,21,-1,11,12,22,-1,23,11,22,-1,10,23,24,-1,10,11,23,-1,9,10,24,-1,8,24,25,-1,8,9,24,-1,
  7,25,26,-1,7,8,25,-1,27,7,26,-1,6,7,27,-1,28,5,6,-1,28,6,27,-1,29,4,5,-1,29,5,28,-1,
  30,3,4,-1,30,4,29,-1,31,2,3,-1,31,3,30,-1,0,2,31,-1,1,0,31,-1]
  normalPerVertex TRUE
  normal DEF NORM_239 Normal { vector [
  0 1 0,0 1 0,
  0 1 0,0 1 0,
  0 1 0,0 1 0,
  0 1 0,0 1 0,
  0 1 0,0 1 0,
  0 1 0,0 1 0,
  0 1 0,0 1 0,
  0 1 0,0 1 0,
  0 1 0,0 1 0,
  0 1 0,0 1 0,
  0 1 0,0 1 0,
  0 1 0,0 1 0,
  0 1 0,0 1 0,
  0 1 0,0 1 0,
  0 1 0,0 1 0,
  0 1 0,0 1 0] }
}
}
DEF SHAPE_240 Shape {
 appearance USE APP_15
 geometry DEF FACE_240 IndexedFaceSet {
  coord DEF COORD_240 Coordinate { point [
  -0.59055118 -0.51181102 0.2765748,-0.59055118 -0.44291339 0.2765748,
  -0.57086614 -0.44291339 0.2765748,-0.57086614 -0.5019685 0.2765748,
  -0.5019685 -0.57086614 0.2765748,0.5019685 -0.57086614 0.2765748,
  0.57086614 -0.5019685 0.2765748,0.57086614 -0.44291339 0.2765748,
  0.59055118 -0.44291339 0.2765748,0.59055118 -0.51181102 0.2765748,
  0.51181102 -0.59055118 0.2765748,-0.51181102 -0.59055118 0.2765748] }
 coordIndex [
  3,1,0,-1,3,2,1,-1,4,0,11,-1,4,3,0,-1,5,4,11,-1,10,5,11,-1,8,7,6,-1,9,6,5,-1,
  9,5,10,-1,9,8,6,-1]
  normalPerVertex TRUE
  normal DEF NORM_240 Normal { vector [
  0 0 1,0 0 1,
  0 0 1,0 0 1,
  0 0 1,0 0 1,
  0 0 1,0 0 1,
  0 0 1,0 0 1,
  0 0 1,0 0 1] }
}
}
DEF SHAPE_241 Shape {
 appearance USE APP_16
 geometry DEF FACE_241 IndexedFaceSet {
  coord DEF COORD_241 Coordinate { point [
  -0.59055118 -0.44291339 0.21555118,-0.59055118 -0.44291339 0.2765748,
  -0.67147153 -0.44291339 0.21555118,-0.68202629 -0.44291339 0.21431751,
  -0.69201204 -0.44291339 0.21068299,-0.70089045 -0.44291339 0.20484357,
  -0.70818288 -0.44291339 0.19711405,-0.71349618 -0.44291339 0.18791113,
  -0.71654393 -0.44291339 0.17773095,-0.72996886 -0.44291339 0.088247217,
  -0.73708027 -0.44291339 0.06449345,-0.74947799 -0.44291339 0.043019973,
  -0.76649365 -0.44291339 0.024984427,-0.78720993 -0.44291339 0.011359113,
  -0.81051002 -0.44291339 0.0028785744,-0.8351378 -0.44291339 0,
  -0.96456693 -0.44291339 0,-0.96456693 -0.44291339 0.061023622,
  -0.8351378 -0.44291339 0.061023622,-0.82458303 -0.44291339 0.062257297,
  -0.81459728 -0.44291339 0.065891813,-0.80571887 -0.44291339 0.071731234,
  -0.79842645 -0.44291339 0.079460753,-0.79311314 -0.44291339 0.088663672,
  -0.79006539 -0.44291339 0.098843858,-0.77664047 -0.44291339 0.18832759,
  -0.76952906 -0.44291339 0.21208135,-0.75713134 -0.44291339 0.23355483,
  -0.74011568 -0.44291339 0.25159038,-0.71939939 -0.44291339 0.26521569,
  -0.69609931 -0.44291339 0.27369623,-0.67147153 -0.44291339 0.2765748] }
 coordIndex [
  18,16,15,-1,18,17,16,-1,19,15,14,-1,19,18,15,-1,20,14,13,-1,20,19,14,-1,21,13,12,-1,21,20,13,-1,
  22,21,12,-1,11,22,12,-1,23,22,11,-1,10,24,23,-1,10,23,11,-1,9,24,10,-1,8,25,24,-1,8,24,9,-1,
  7,26,25,-1,7,25,8,-1,27,26,7,-1,6,27,7,-1,28,6,5,-1,28,27,6,-1,29,5,4,-1,29,28,5,-1,
  30,4,3,-1,30,29,4,-1,31,3,2,-1,31,30,3,-1,0,31,2,-1,1,31,0,-1]
  normalPerVertex TRUE
  normal DEF NORM_241 Normal { vector [
  0 -1 0,0 -1 0,
  0 -1 0,0 -1 0,
  0 -1 0,0 -1 0,
  0 -1 0,0 -1 0,
  0 -1 0,0 -1 0,
  0 -1 0,0 -1 0,
  0 -1 0,0 -1 0,
  0 -1 0,0 -1 0,
  0 -1 0,0 -1 0,
  0 -1 0,0 -1 0,
  0 -1 0,0 -1 0,
  0 -1 0,0 -1 0,
  0 -1 0,0 -1 0,
  0 -1 0,0 -1 0,
  0 -1 0,0 -1 0,
  0 -1 0,0 -1 0] }
}
}
DEF SHAPE_242 Shape {
 appearance USE APP_16
 geometry DEF FACE_242 IndexedFaceSet {
  coord DEF COORD_242 Coordinate { point [
  -0.67147153 -0.44291339 0.21555118,-0.67147153 -0.34448819 0.21555118,
  -0.68202629 -0.34448819 0.21431751,-0.69201204 -0.34448819 0.21068299,
  -0.70089045 -0.34448819 0.20484357,-0.70818288 -0.34448819 0.19711405,
  -0.71349618 -0.34448819 0.18791113,-0.71654393 -0.34448819 0.17773095,
  -0.71654393 -0.44291339 0.17773095,-0.68202629 -0.44291339 0.21431751,
  -0.69201204 -0.44291339 0.21068299,-0.70089045 -0.44291339 0.20484357,
  -0.70818288 -0.44291339 0.19711405,-0.71349618 -0.44291339 0.18791113] }
 coordIndex [
  9,1,0,-1,9,2,1,-1,10,3,2,-1,10,2,9,-1,11,4,3,-1,11,3,10,-1,12,5,4,-1,12,4,11,-1,
  13,6,5,-1,13,5,12,-1,8,7,6,-1,8,6,13,-1]
  normalPerVertex TRUE
  normal DEF NORM_242 Normal { vector [
  0.11609291 0 -0.99323836,0.11609291 0 -0.99323836,
  0.26832317 0 -0.96332895,0.48324943 0 -0.87548272,
  0.67212359 0 -0.74043898,0.82476339 0 -0.56547798,
  0.93293998 0 -0.36003192,0.95798951 0 -0.28680323,
  0.95798951 0 -0.28680323,0.1925589 0 -0.98128542,
  0.41366844 0 -0.9104276,0.61247701 0 -0.7904884,
  0.77826678 0 -0.62793377,0.90209999 0 -0.43152706] }
}
}
DEF SHAPE_243 Shape {
 appearance USE APP_16
 geometry DEF FACE_243 IndexedFaceSet {
  coord DEF COORD_243 Coordinate { point [
  -0.59055118 -0.34448819 0.21555118,-0.59055118 -0.34448819 0.2765748,
  -0.67147153 -0.34448819 0.21555118,-0.68202629 -0.34448819 0.21431751,
  -0.69201204 -0.34448819 0.21068299,-0.70089045 -0.34448819 0.20484357,
  -0.70818288 -0.34448819 0.19711405,-0.71349618 -0.34448819 0.18791113,
  -0.71654393 -0.34448819 0.17773095,-0.72996886 -0.34448819 0.088247217,
  -0.73708027 -0.34448819 0.06449345,-0.74947799 -0.34448819 0.043019973,
  -0.76649365 -0.34448819 0.024984427,-0.78720993 -0.34448819 0.011359113,
  -0.81051002 -0.34448819 0.0028785744,-0.8351378 -0.34448819 0,
  -0.96456693 -0.34448819 0,-0.96456693 -0.34448819 0.061023622,
  -0.8351378 -0.34448819 0.061023622,-0.82458303 -0.34448819 0.062257297,
  -0.81459728 -0.34448819 0.065891813,-0.80571887 -0.34448819 0.071731234,
  -0.79842645 -0.34448819 0.079460753,-0.79311314 -0.34448819 0.088663672,
  -0.79006539 -0.34448819 0.098843858,-0.77664047 -0.34448819 0.18832759,
  -0.76952906 -0.34448819 0.21208135,-0.75713134 -0.34448819 0.23355483,
  -0.74011568 -0.34448819 0.25159038,-0.71939939 -0.34448819 0.26521569,
  -0.69609931 -0.34448819 0.27369623,-0.67147153 -0.34448819 0.2765748] }
 coordIndex [
  18,15,16,-1,18,16,17,-1,19,14,15,-1,19,15,18,-1,20,13,14,-1,20,14,19,-1,21,12,13,-1,21,13,20,-1,
  22,12,21,-1,11,12,22,-1,23,11,22,-1,10,23,24,-1,10,11,23,-1,9,10,24,-1,8,24,25,-1,8,9,24,-1,
  7,25,26,-1,7,8,25,-1,27,7,26,-1,6,7,27,-1,28,5,6,-1,28,6,27,-1,29,4,5,-1,29,5,28,-1,
  30,3,4,-1,30,4,29,-1,31,2,3,-1,31,3,30,-1,0,2,31,-1,1,0,31,-1]
  normalPerVertex TRUE
  normal DEF NORM_243 Normal { vector [
  0 1 0,0 1 0,
  0 1 0,0 1 0,
  0 1 0,0 1 0,
  0 1 0,0 1 0,
  0 1 0,0 1 0,
  0 1 0,0 1 0,
  0 1 0,0 1 0,
  0 1 0,0 1 0,
  0 1 0,0 1 0,
  0 1 0,0 1 0,
  0 1 0,0 1 0,
  0 1 0,0 1 0,
  0 1 0,0 1 0,
  0 1 0,0 1 0,
  0 1 0,0 1 0,
  0 1 0,0 1 0] }
}
}
DEF SHAPE_244 Shape {
 appearance USE APP_15
 geometry DEF FACE_244 IndexedFaceSet {
  coord DEF COORD_244 Coordinate { point [
  -0.59055118 -0.34448819 0.2765748,-0.59055118 -0.24606299 0.2765748,
  -0.57086614 -0.24606299 0.2765748,-0.57086614 -0.34448819 0.2765748] }
 coordIndex [
  3,1,0,-1,3,2,1,-1]
  normalPerVertex TRUE
  normal DEF NORM_244 Normal { vector [
  0 0 1,0 0 1,
  0 0 1,0 0 1] }
}
}
DEF SHAPE_245 Shape {
 appearance USE APP_16
 geometry DEF FACE_245 IndexedFaceSet {
  coord DEF COORD_245 Coordinate { point [
  -0.59055118 -0.24606299 0.21555118,-0.59055118 -0.24606299 0.2765748,
  -0.67147153 -0.24606299 0.21555118,-0.68202629 -0.24606299 0.21431751,
  -0.69201204 -0.24606299 0.21068299,-0.70089045 -0.24606299 0.20484357,
  -0.70818288 -0.24606299 0.19711405,-0.71349618 -0.24606299 0.18791113,
  -0.71654393 -0.24606299 0.17773095,-0.72996886 -0.24606299 0.088247217,
  -0.73708027 -0.24606299 0.06449345,-0.74947799 -0.24606299 0.043019973,
  -0.76649365 -0.24606299 0.024984427,-0.78720993 -0.24606299 0.011359113,
  -0.81051002 -0.24606299 0.0028785744,-0.8351378 -0.24606299 0,
  -0.96456693 -0.24606299 0,-0.96456693 -0.24606299 0.061023622,
  -0.8351378 -0.24606299 0.061023622,-0.82458303 -0.24606299 0.062257297,
  -0.81459728 -0.24606299 0.065891813,-0.80571887 -0.24606299 0.071731234,
  -0.79842645 -0.24606299 0.079460753,-0.79311314 -0.24606299 0.088663672,
  -0.79006539 -0.24606299 0.098843858,-0.77664047 -0.24606299 0.18832759,
  -0.76952906 -0.24606299 0.21208135,-0.75713134 -0.24606299 0.23355483,
  -0.74011568 -0.24606299 0.25159038,-0.71939939 -0.24606299 0.26521569,
  -0.69609931 -0.24606299 0.27369623,-0.67147153 -0.24606299 0.2765748] }
 coordIndex [
  18,16,15,-1,18,17,16,-1,19,15,14,-1,19,18,15,-1,20,14,13,-1,20,19,14,-1,21,13,12,-1,21,20,13,-1,
  22,21,12,-1,11,22,12,-1,23,22,11,-1,10,24,23,-1,10,23,11,-1,9,24,10,-1,8,25,24,-1,8,24,9,-1,
  7,26,25,-1,7,25,8,-1,27,26,7,-1,6,27,7,-1,28,6,5,-1,28,27,6,-1,29,5,4,-1,29,28,5,-1,
  30,4,3,-1,30,29,4,-1,31,3,2,-1,31,30,3,-1,0,31,2,-1,1,31,0,-1]
  normalPerVertex TRUE
  normal DEF NORM_245 Normal { vector [
  0 -1 0,0 -1 0,
  0 -1 0,0 -1 0,
  0 -1 0,0 -1 0,
  0 -1 0,0 -1 0,
  0 -1 0,0 -1 0,
  0 -1 0,0 -1 0,
  0 -1 0,0 -1 0,
  0 -1 0,0 -1 0,
  0 -1 0,0 -1 0,
  0 -1 0,0 -1 0,
  0 -1 0,0 -1 0,
  0 -1 0,0 -1 0,
  0 -1 0,0 -1 0,
  0 -1 0,0 -1 0,
  0 -1 0,0 -1 0,
  0 -1 0,0 -1 0] }
}
}
DEF SHAPE_246 Shape {
 appearance USE APP_16
 geometry DEF FACE_246 IndexedFaceSet {
  coord DEF COORD_246 Coordinate { point [
  -0.67147153 -0.24606299 0.21555118,-0.67147153 -0.1476378 0.21555118,
  -0.68202629 -0.1476378 0.21431751,-0.69201204 -0.1476378 0.21068299,
  -0.70089045 -0.1476378 0.20484357,-0.70818288 -0.1476378 0.19711405,
  -0.71349618 -0.1476378 0.18791113,-0.71654393 -0.1476378 0.17773095,
  -0.71654393 -0.24606299 0.17773095,-0.68202629 -0.24606299 0.21431751,
  -0.69201204 -0.24606299 0.21068299,-0.70089045 -0.24606299 0.20484357,
  -0.70818288 -0.24606299 0.19711405,-0.71349618 -0.24606299 0.18791113] }
 coordIndex [
  9,1,0,-1,9,2,1,-1,10,3,2,-1,10,2,9,-1,11,4,3,-1,11,3,10,-1,12,5,4,-1,12,4,11,-1,
  13,6,5,-1,13,5,12,-1,8,7,6,-1,8,6,13,-1]
  normalPerVertex TRUE
  normal DEF NORM_246 Normal { vector [
  0.11609291 0 -0.99323836,0.11609291 0 -0.99323836,
  0.26832317 0 -0.96332895,0.48324943 0 -0.87548272,
  0.67212359 0 -0.74043898,0.82476339 0 -0.56547798,
  0.93293998 0 -0.36003192,0.95798951 0 -0.28680323,
  0.95798951 0 -0.28680323,0.1925589 0 -0.98128542,
  0.41366844 0 -0.9104276,0.61247701 0 -0.7904884,
  0.77826678 0 -0.62793377,0.90209999 0 -0.43152706] }
}
}
DEF SHAPE_247 Shape {
 appearance USE APP_16
 geometry DEF FACE_247 IndexedFaceSet {
  coord DEF COORD_247 Coordinate { point [
  -0.59055118 -0.1476378 0.21555118,-0.59055118 -0.1476378 0.2765748,
  -0.67147153 -0.1476378 0.21555118,-0.68202629 -0.1476378 0.21431751,
  -0.69201204 -0.1476378 0.21068299,-0.70089045 -0.1476378 0.20484357,
  -0.70818288 -0.1476378 0.19711405,-0.71349618 -0.1476378 0.18791113,
  -0.71654393 -0.1476378 0.17773095,-0.72996886 -0.1476378 0.088247217,
  -0.73708027 -0.1476378 0.06449345,-0.74947799 -0.1476378 0.043019973,
  -0.76649365 -0.1476378 0.024984427,-0.78720993 -0.1476378 0.011359113,
  -0.81051002 -0.1476378 0.0028785744,-0.8351378 -0.1476378 0,
  -0.96456693 -0.1476378 0,-0.96456693 -0.1476378 0.061023622,
  -0.8351378 -0.1476378 0.061023622,-0.82458303 -0.1476378 0.062257297,
  -0.81459728 -0.1476378 0.065891813,-0.80571887 -0.1476378 0.071731234,
  -0.79842645 -0.1476378 0.079460753,-0.79311314 -0.1476378 0.088663672,
  -0.79006539 -0.1476378 0.098843858,-0.77664047 -0.1476378 0.18832759,
  -0.76952906 -0.1476378 0.21208135,-0.75713134 -0.1476378 0.23355483,
  -0.74011568 -0.1476378 0.25159038,-0.71939939 -0.1476378 0.26521569,
  -0.69609931 -0.1476378 0.27369623,-0.67147153 -0.1476378 0.2765748] }
 coordIndex [
  18,15,16,-1,18,16,17,-1,19,14,15,-1,19,15,18,-1,20,13,14,-1,20,14,19,-1,21,12,13,-1,21,13,20,-1,
  22,12,21,-1,11,12,22,-1,23,11,22,-1,10,23,24,-1,10,11,23,-1,9,10,24,-1,8,24,25,-1,8,9,24,-1,
  7,25,26,-1,7,8,25,-1,27,7,26,-1,6,7,27,-1,28,5,6,-1,28,6,27,-1,29,4,5,-1,29,5,28,-1,
  30,3,4,-1,30,4,29,-1,31,2,3,-1,31,3,30,-1,0,2,31,-1,1,0,31,-1]
  normalPerVertex TRUE
  normal DEF NORM_247 Normal { vector [
  0 1 0,0 1 0,
  0 1 0,0 1 0,
  0 1 0,0 1 0,
  0 1 0,0 1 0,
  0 1 0,0 1 0,
  0 1 0,0 1 0,
  0 1 0,0 1 0,
  0 1 0,0 1 0,
  0 1 0,0 1 0,
  0 1 0,0 1 0,
  0 1 0,0 1 0,
  0 1 0,0 1 0,
  0 1 0,0 1 0,
  0 1 0,0 1 0,
  0 1 0,0 1 0,
  0 1 0,0 1 0] }
}
}
DEF SHAPE_248 Shape {
 appearance USE APP_15
 geometry DEF FACE_248 IndexedFaceSet {
  coord DEF COORD_248 Coordinate { point [
  -0.59055118 -0.1476378 0.2765748,-0.59055118 -0.049212598 0.2765748,
  -0.57086614 -0.049212598 0.2765748,-0.57086614 -0.1476378 0.2765748] }
 coordIndex [
  3,1,0,-1,3,2,1,-1]
  normalPerVertex TRUE
  normal DEF NORM_248 Normal { vector [
  0 0 1,0 0 1,
  0 0 1,0 0 1] }
}
}
DEF SHAPE_249 Shape {
 appearance USE APP_16
 geometry DEF FACE_249 IndexedFaceSet {
  coord DEF COORD_249 Coordinate { point [
  -0.59055118 -0.049212598 0.21555118,-0.59055118 -0.049212598 0.2765748,
  -0.67147153 -0.049212598 0.21555118,-0.68202629 -0.049212598 0.21431751,
  -0.69201204 -0.049212598 0.21068299,-0.70089045 -0.049212598 0.20484357,
  -0.70818288 -0.049212598 0.19711405,-0.71349618 -0.049212598 0.18791113,
  -0.71654393 -0.049212598 0.17773095,-0.72996886 -0.049212598 0.088247217,
  -0.73708027 -0.049212598 0.06449345,-0.74947799 -0.049212598 0.043019973,
  -0.76649365 -0.049212598 0.024984427,-0.78720993 -0.049212598 0.011359113,
  -0.81051002 -0.049212598 0.0028785744,-0.8351378 -0.049212598 0,
  -0.96456693 -0.049212598 0,-0.96456693 -0.049212598 0.061023622,
  -0.8351378 -0.049212598 0.061023622,-0.82458303 -0.049212598 0.062257297,
  -0.81459728 -0.049212598 0.065891813,-0.80571887 -0.049212598 0.071731234,
  -0.79842645 -0.049212598 0.079460753,-0.79311314 -0.049212598 0.088663672,
  -0.79006539 -0.049212598 0.098843858,-0.77664047 -0.049212598 0.18832759,
  -0.76952906 -0.049212598 0.21208135,-0.75713134 -0.049212598 0.23355483,
  -0.74011568 -0.049212598 0.25159038,-0.71939939 -0.049212598 0.26521569,
  -0.69609931 -0.049212598 0.27369623,-0.67147153 -0.049212598 0.2765748] }
 coordIndex [
  18,16,15,-1,18,17,16,-1,19,15,14,-1,19,18,15,-1,20,14,13,-1,20,19,14,-1,21,13,12,-1,21,20,13,-1,
  22,21,12,-1,11,22,12,-1,23,22,11,-1,10,24,23,-1,10,23,11,-1,9,24,10,-1,8,25,24,-1,8,24,9,-1,
  7,26,25,-1,7,25,8,-1,27,26,7,-1,6,27,7,-1,28,6,5,-1,28,27,6,-1,29,5,4,-1,29,28,5,-1,
  30,4,3,-1,30,29,4,-1,31,3,2,-1,31,30,3,-1,0,31,2,-1,1,31,0,-1]
  normalPerVertex TRUE
  normal DEF NORM_249 Normal { vector [
  0 -1 0,0 -1 0,
  0 -1 0,0 -1 0,
  0 -1 0,0 -1 0,
  0 -1 0,0 -1 0,
  0 -1 0,0 -1 0,
  0 -1 0,0 -1 0,
  0 -1 0,0 -1 0,
  0 -1 0,0 -1 0,
  0 -1 0,0 -1 0,
  0 -1 0,0 -1 0,
  0 -1 0,0 -1 0,
  0 -1 0,0 -1 0,
  0 -1 0,0 -1 0,
  0 -1 0,0 -1 0,
  0 -1 0,0 -1 0,
  0 -1 0,0 -1 0] }
}
}
DEF SHAPE_250 Shape {
 appearance USE APP_16
 geometry DEF FACE_250 IndexedFaceSet {
  coord DEF COORD_250 Coordinate { point [
  -0.67147153 -0.049212598 0.21555118,-0.67147153 0.049212598 0.21555118,
  -0.68202629 0.049212598 0.21431751,-0.69201204 0.049212598 0.21068299,
  -0.70089045 0.049212598 0.20484357,-0.70818288 0.049212598 0.19711405,
  -0.71349618 0.049212598 0.18791113,-0.71654393 0.049212598 0.17773095,
  -0.71654393 -0.049212598 0.17773095,-0.68202629 -0.049212598 0.21431751,
  -0.69201204 -0.049212598 0.21068299,-0.70089045 -0.049212598 0.20484357,
  -0.70818288 -0.049212598 0.19711405,-0.71349618 -0.049212598 0.18791113] }
 coordIndex [
  9,1,0,-1,9,2,1,-1,10,3,2,-1,10,2,9,-1,11,4,3,-1,11,3,10,-1,12,5,4,-1,12,4,11,-1,
  13,6,5,-1,13,5,12,-1,8,7,6,-1,8,6,13,-1]
  normalPerVertex TRUE
  normal DEF NORM_250 Normal { vector [
  0.11609291 0 -0.99323836,0.11609291 0 -0.99323836,
  0.26832317 0 -0.96332895,0.48324943 0 -0.87548272,
  0.67212359 0 -0.74043898,0.82476339 0 -0.56547798,
  0.93293998 0 -0.36003192,0.95798951 0 -0.28680323,
  0.95798951 0 -0.28680323,0.1925589 0 -0.98128542,
  0.41366844 0 -0.9104276,0.61247701 0 -0.7904884,
  0.77826678 0 -0.62793377,0.90209999 0 -0.43152706] }
}
}
DEF SHAPE_251 Shape {
 appearance USE APP_16
 geometry DEF FACE_251 IndexedFaceSet {
  coord DEF COORD_251 Coordinate { point [
  -0.59055118 0.049212598 0.21555118,-0.59055118 0.049212598 0.2765748,
  -0.67147153 0.049212598 0.21555118,-0.68202629 0.049212598 0.21431751,
  -0.69201204 0.049212598 0.21068299,-0.70089045 0.049212598 0.20484357,
  -0.70818288 0.049212598 0.19711405,-0.71349618 0.049212598 0.18791113,
  -0.71654393 0.049212598 0.17773095,-0.72996886 0.049212598 0.088247217,
  -0.73708027 0.049212598 0.06449345,-0.74947799 0.049212598 0.043019973,
  -0.76649365 0.049212598 0.024984427,-0.78720993 0.049212598 0.011359113,
  -0.81051002 0.049212598 0.0028785744,-0.8351378 0.049212598 0,
  -0.96456693 0.049212598 0,-0.96456693 0.049212598 0.061023622,
  -0.8351378 0.049212598 0.061023622,-0.82458303 0.049212598 0.062257297,
  -0.81459728 0.049212598 0.065891813,-0.80571887 0.049212598 0.071731234,
  -0.79842645 0.049212598 0.079460753,-0.79311314 0.049212598 0.088663672,
  -0.79006539 0.049212598 0.098843858,-0.77664047 0.049212598 0.18832759,
  -0.76952906 0.049212598 0.21208135,-0.75713134 0.049212598 0.23355483,
  -0.74011568 0.049212598 0.25159038,-0.71939939 0.049212598 0.26521569,
  -0.69609931 0.049212598 0.27369623,-0.67147153 0.049212598 0.2765748] }
 coordIndex [
  18,15,16,-1,18,16,17,-1,19,14,15,-1,19,15,18,-1,20,13,14,-1,20,14,19,-1,21,12,13,-1,21,13,20,-1,
  22,12,21,-1,11,12,22,-1,23,11,22,-1,10,23,24,-1,10,11,23,-1,9,10,24,-1,8,24,25,-1,8,9,24,-1,
  7,25,26,-1,7,8,25,-1,27,7,26,-1,6,7,27,-1,28,5,6,-1,28,6,27,-1,29,4,5,-1,29,5,28,-1,
  30,3,4,-1,30,4,29,-1,31,2,3,-1,31,3,30,-1,0,2,31,-1,1,0,31,-1]
  normalPerVertex TRUE
  normal DEF NORM_251 Normal { vector [
  0 1 0,0 1 0,
  0 1 0,0 1 0,
  0 1 0,0 1 0,
  0 1 0,0 1 0,
  0 1 0,0 1 0,
  0 1 0,0 1 0,
  0 1 0,0 1 0,
  0 1 0,0 1 0,
  0 1 0,0 1 0,
  0 1 0,0 1 0,
  0 1 0,0 1 0,
  0 1 0,0 1 0,
  0 1 0,0 1 0,
  0 1 0,0 1 0,
  0 1 0,0 1 0,
  0 1 0,0 1 0] }
}
}
DEF SHAPE_252 Shape {
 appearance USE APP_15
 geometry DEF FACE_252 IndexedFaceSet {
  coord DEF COORD_252 Coordinate { point [
  -0.59055118 0.049212598 0.2765748,-0.59055118 0.1476378 0.2765748,
  -0.57086614 0.1476378 0.2765748,-0.57086614 0.049212598 0.2765748] }
 coordIndex [
  2,1,0,-1,2,0,3,-1]
  normalPerVertex TRUE
  normal DEF NORM_252 Normal { vector [
  0 0 1,0 0 1,
  0 0 1,0 0 1] }
}
}
DEF SHAPE_253 Shape {
 appearance USE APP_16
 geometry DEF FACE_253 IndexedFaceSet {
  coord DEF COORD_253 Coordinate { point [
  -0.59055118 0.1476378 0.21555118,-0.59055118 0.1476378 0.2765748,
  -0.67147153 0.1476378 0.21555118,-0.68202629 0.1476378 0.21431751,
  -0.69201204 0.1476378 0.21068299,-0.70089045 0.1476378 0.20484357,
  -0.70818288 0.1476378 0.19711405,-0.71349618 0.1476378 0.18791113,
  -0.71654393 0.1476378 0.17773095,-0.72996886 0.1476378 0.088247217,
  -0.73708027 0.1476378 0.06449345,-0.74947799 0.1476378 0.043019973,
  -0.76649365 0.1476378 0.024984427,-0.78720993 0.1476378 0.011359113,
  -0.81051002 0.1476378 0.0028785744,-0.8351378 0.1476378 0,
  -0.96456693 0.1476378 0,-0.96456693 0.1476378 0.061023622,
  -0.8351378 0.1476378 0.061023622,-0.82458303 0.1476378 0.062257297,
  -0.81459728 0.1476378 0.065891813,-0.80571887 0.1476378 0.071731234,
  -0.79842645 0.1476378 0.079460753,-0.79311314 0.1476378 0.088663672,
  -0.79006539 0.1476378 0.098843858,-0.77664047 0.1476378 0.18832759,
  -0.76952906 0.1476378 0.21208135,-0.75713134 0.1476378 0.23355483,
  -0.74011568 0.1476378 0.25159038,-0.71939939 0.1476378 0.26521569,
  -0.69609931 0.1476378 0.27369623,-0.67147153 0.1476378 0.2765748] }
 coordIndex [
  18,16,15,-1,18,17,16,-1,19,15,14,-1,19,18,15,-1,20,14,13,-1,20,19,14,-1,21,13,12,-1,21,20,13,-1,
  22,21,12,-1,11,22,12,-1,23,22,11,-1,10,24,23,-1,10,23,11,-1,9,24,10,-1,8,25,24,-1,8,24,9,-1,
  7,26,25,-1,7,25,8,-1,27,26,7,-1,6,27,7,-1,28,6,5,-1,28,27,6,-1,29,5,4,-1,29,28,5,-1,
  30,4,3,-1,30,29,4,-1,31,3,2,-1,31,30,3,-1,0,31,2,-1,1,31,0,-1]
  normalPerVertex TRUE
  normal DEF NORM_253 Normal { vector [
  0 -1 0,0 -1 0,
  0 -1 0,0 -1 0,
  0 -1 0,0 -1 0,
  0 -1 0,0 -1 0,
  0 -1 0,0 -1 0,
  0 -1 0,0 -1 0,
  0 -1 0,0 -1 0,
  0 -1 0,0 -1 0,
  0 -1 0,0 -1 0,
  0 -1 0,0 -1 0,
  0 -1 0,0 -1 0,
  0 -1 0,0 -1 0,
  0 -1 0,0 -1 0,
  0 -1 0,0 -1 0,
  0 -1 0,0 -1 0,
  0 -1 0,0 -1 0] }
}
}
DEF SHAPE_254 Shape {
 appearance USE APP_16
 geometry DEF FACE_254 IndexedFaceSet {
  coord DEF COORD_254 Coordinate { point [
  -0.67147153 0.1476378 0.21555118,-0.67147153 0.24606299 0.21555118,
  -0.68202629 0.24606299 0.21431751,-0.69201204 0.24606299 0.21068299,
  -0.70089045 0.24606299 0.20484357,-0.70818288 0.24606299 0.19711405,
  -0.71349618 0.24606299 0.18791113,-0.71654393 0.24606299 0.17773095,
  -0.71654393 0.1476378 0.17773095,-0.68202629 0.1476378 0.21431751,
  -0.69201204 0.1476378 0.21068299,-0.70089045 0.1476378 0.20484357,
  -0.70818288 0.1476378 0.19711405,-0.71349618 0.1476378 0.18791113] }
 coordIndex [
  9,1,0,-1,9,2,1,-1,10,3,2,-1,10,2,9,-1,11,4,3,-1,11,3,10,-1,12,5,4,-1,12,4,11,-1,
  13,6,5,-1,13,5,12,-1,8,7,6,-1,8,6,13,-1]
  normalPerVertex TRUE
  normal DEF NORM_254 Normal { vector [
  0.11609291 0 -0.99323836,0.11609291 0 -0.99323836,
  0.26832317 0 -0.96332895,0.48324943 0 -0.87548272,
  0.67212359 0 -0.74043898,0.82476339 0 -0.56547798,
  0.93293998 0 -0.36003192,0.95798951 0 -0.28680323,
  0.95798951 0 -0.28680323,0.1925589 0 -0.98128542,
  0.41366844 0 -0.9104276,0.61247701 0 -0.7904884,
  0.77826678 0 -0.62793377,0.90209999 0 -0.43152706] }
}
}
DEF SHAPE_255 Shape {
 appearance USE APP_16
 geometry DEF FACE_255 IndexedFaceSet {
  coord DEF COORD_255 Coordinate { point [
  -0.59055118 0.24606299 0.21555118,-0.59055118 0.24606299 0.2765748,
  -0.67147153 0.24606299 0.21555118,-0.68202629 0.24606299 0.21431751,
  -0.69201204 0.24606299 0.21068299,-0.70089045 0.24606299 0.20484357,
  -0.70818288 0.24606299 0.19711405,-0.71349618 0.24606299 0.18791113,
  -0.71654393 0.24606299 0.17773095,-0.72996886 0.24606299 0.088247217,
  -0.73708027 0.24606299 0.06449345,-0.74947799 0.24606299 0.043019973,
  -0.76649365 0.24606299 0.024984427,-0.78720993 0.24606299 0.011359113,
  -0.81051002 0.24606299 0.0028785744,-0.8351378 0.24606299 0,
  -0.96456693 0.24606299 0,-0.96456693 0.24606299 0.061023622,
  -0.8351378 0.24606299 0.061023622,-0.82458303 0.24606299 0.062257297,
  -0.81459728 0.24606299 0.065891813,-0.80571887 0.24606299 0.071731234,
  -0.79842645 0.24606299 0.079460753,-0.79311314 0.24606299 0.088663672,
  -0.79006539 0.24606299 0.098843858,-0.77664047 0.24606299 0.18832759,
  -0.76952906 0.24606299 0.21208135,-0.75713134 0.24606299 0.23355483,
  -0.74011568 0.24606299 0.25159038,-0.71939939 0.24606299 0.26521569,
  -0.69609931 0.24606299 0.27369623,-0.67147153 0.24606299 0.2765748] }
 coordIndex [
  18,15,16,-1,18,16,17,-1,19,14,15,-1,19,15,18,-1,20,13,14,-1,20,14,19,-1,21,12,13,-1,21,13,20,-1,
  22,12,21,-1,11,12,22,-1,23,11,22,-1,10,23,24,-1,10,11,23,-1,9,10,24,-1,8,24,25,-1,8,9,24,-1,
  7,25,26,-1,7,8,25,-1,27,7,26,-1,6,7,27,-1,28,5,6,-1,28,6,27,-1,29,4,5,-1,29,5,28,-1,
  30,3,4,-1,30,4,29,-1,31,2,3,-1,31,3,30,-1,0,2,31,-1,1,0,31,-1]
  normalPerVertex TRUE
  normal DEF NORM_255 Normal { vector [
  0 1 0,0 1 0,
  0 1 0,0 1 0,
  0 1 0,0 1 0,
  0 1 0,0 1 0,
  0 1 0,0 1 0,
  0 1 0,0 1 0,
  0 1 0,0 1 0,
  0 1 0,0 1 0,
  0 1 0,0 1 0,
  0 1 0,0 1 0,
  0 1 0,0 1 0,
  0 1 0,0 1 0,
  0 1 0,0 1 0,
  0 1 0,0 1 0,
  0 1 0,0 1 0,
  0 1 0,0 1 0] }
}
}
DEF SHAPE_256 Shape {
 appearance USE APP_15
 geometry DEF FACE_256 IndexedFaceSet {
  coord DEF COORD_256 Coordinate { point [
  -0.59055118 0.24606299 0.2765748,-0.59055118 0.34448819 0.2765748,
  -0.57086614 0.34448819 0.2765748,-0.57086614 0.24606299 0.2765748] }
 coordIndex [
  2,1,0,-1,2,0,3,-1]
  normalPerVertex TRUE
  normal DEF NORM_256 Normal { vector [
  0 0 1,0 0 1,
  0 0 1,0 0 1] }
}
}
DEF SHAPE_257 Shape {
 appearance USE APP_16
 geometry DEF FACE_257 IndexedFaceSet {
  coord DEF COORD_257 Coordinate { point [
  -0.59055118 0.34448819 0.21555118,-0.59055118 0.34448819 0.2765748,
  -0.67147153 0.34448819 0.21555118,-0.68202629 0.34448819 0.21431751,
  -0.69201204 0.34448819 0.21068299,-0.70089045 0.34448819 0.20484357,
  -0.70818288 0.34448819 0.19711405,-0.71349618 0.34448819 0.18791113,
  -0.71654393 0.34448819 0.17773095,-0.72996886 0.34448819 0.088247217,
  -0.73708027 0.34448819 0.06449345,-0.74947799 0.34448819 0.043019973,
  -0.76649365 0.34448819 0.024984427,-0.78720993 0.34448819 0.011359113,
  -0.81051002 0.34448819 0.0028785744,-0.8351378 0.34448819 0,
  -0.96456693 0.34448819 0,-0.96456693 0.34448819 0.061023622,
  -0.8351378 0.34448819 0.061023622,-0.82458303 0.34448819 0.062257297,
  -0.81459728 0.34448819 0.065891813,-0.80571887 0.34448819 0.071731234,
  -0.79842645 0.34448819 0.079460753,-0.79311314 0.34448819 0.088663672,
  -0.79006539 0.34448819 0.098843858,-0.77664047 0.34448819 0.18832759,
  -0.76952906 0.34448819 0.21208135,-0.75713134 0.34448819 0.23355483,
  -0.74011568 0.34448819 0.25159038,-0.71939939 0.34448819 0.26521569,
  -0.69609931 0.34448819 0.27369623,-0.67147153 0.34448819 0.2765748] }
 coordIndex [
  18,16,15,-1,18,17,16,-1,19,15,14,-1,19,18,15,-1,20,14,13,-1,20,19,14,-1,21,13,12,-1,21,20,13,-1,
  22,21,12,-1,11,22,12,-1,23,22,11,-1,10,24,23,-1,10,23,11,-1,9,24,10,-1,8,25,24,-1,8,24,9,-1,
  7,26,25,-1,7,25,8,-1,27,26,7,-1,6,27,7,-1,28,6,5,-1,28,27,6,-1,29,5,4,-1,29,28,5,-1,
  30,4,3,-1,30,29,4,-1,31,3,2,-1,31,30,3,-1,0,31,2,-1,1,31,0,-1]
  normalPerVertex TRUE
  normal DEF NORM_257 Normal { vector [
  0 -1 0,0 -1 0,
  0 -1 0,0 -1 0,
  0 -1 0,0 -1 0,
  0 -1 0,0 -1 0,
  0 -1 0,0 -1 0,
  0 -1 0,0 -1 0,
  0 -1 0,0 -1 0,
  0 -1 0,0 -1 0,
  0 -1 0,0 -1 0,
  0 -1 0,0 -1 0,
  0 -1 0,0 -1 0,
  0 -1 0,0 -1 0,
  0 -1 0,0 -1 0,
  0 -1 0,0 -1 0,
  0 -1 0,0 -1 0,
  0 -1 0,0 -1 0] }
}
}
DEF SHAPE_258 Shape {
 appearance USE APP_16
 geometry DEF FACE_258 IndexedFaceSet {
  coord DEF COORD_258 Coordinate { point [
  -0.67147153 0.34448819 0.21555118,-0.67147153 0.44291339 0.21555118,
  -0.68202629 0.44291339 0.21431751,-0.69201204 0.44291339 0.21068299,
  -0.70089045 0.44291339 0.20484357,-0.70818288 0.44291339 0.19711405,
  -0.71349618 0.44291339 0.18791113,-0.71654393 0.44291339 0.17773095,
  -0.71654393 0.34448819 0.17773095,-0.68202629 0.34448819 0.21431751,
  -0.69201204 0.34448819 0.21068299,-0.70089045 0.34448819 0.20484357,
  -0.70818288 0.34448819 0.19711405,-0.71349618 0.34448819 0.18791113] }
 coordIndex [
  9,1,0,-1,9,2,1,-1,10,3,2,-1,10,2,9,-1,11,4,3,-1,11,3,10,-1,12,5,4,-1,12,4,11,-1,
  13,6,5,-1,13,5,12,-1,8,7,6,-1,8,6,13,-1]
  normalPerVertex TRUE
  normal DEF NORM_258 Normal { vector [
  0.11609291 0 -0.99323836,0.11609291 0 -0.99323836,
  0.26832317 0 -0.96332895,0.48324943 0 -0.87548272,
  0.67212359 0 -0.74043898,0.82476339 0 -0.56547798,
  0.93293998 0 -0.36003192,0.95798951 0 -0.28680323,
  0.95798951 0 -0.28680323,0.1925589 0 -0.98128542,
  0.41366844 0 -0.9104276,0.61247701 0 -0.7904884,
  0.77826678 0 -0.62793377,0.90209999 0 -0.43152706] }
}
}
DEF SHAPE_259 Shape {
 appearance USE APP_16
 geometry DEF FACE_259 IndexedFaceSet {
  coord DEF COORD_259 Coordinate { point [
  0.59055118 0.44291339 0.21555118,0.59055118 0.44291339 0.2765748,
  0.67147153 0.44291339 0.21555118,0.68202629 0.44291339 0.21431751,
  0.69201204 0.44291339 0.21068299,0.70089045 0.44291339 0.20484357,
  0.70818288 0.44291339 0.19711405,0.71349618 0.44291339 0.18791113,
  0.71654393 0.44291339 0.17773095,0.72996886 0.44291339 0.088247217,
  0.73708027 0.44291339 0.06449345,0.74947799 0.44291339 0.043019973,
  0.76649365 0.44291339 0.024984427,0.78720993 0.44291339 0.011359113,
  0.81051002 0.44291339 0.0028785744,0.8351378 0.44291339 0,
  0.96456693 0.44291339 0,0.96456693 0.44291339 0.061023622,
  0.8351378 0.44291339 0.061023622,0.82458303 0.44291339 0.062257297,
  0.81459728 0.44291339 0.065891813,0.80571887 0.44291339 0.071731234,
  0.79842645 0.44291339 0.079460753,0.79311314 0.44291339 0.088663672,
  0.79006539 0.44291339 0.098843858,0.77664047 0.44291339 0.18832759,
  0.76952906 0.44291339 0.21208135,0.75713134 0.44291339 0.23355483,
  0.74011568 0.44291339 0.25159038,0.71939939 0.44291339 0.26521569,
  0.69609931 0.44291339 0.27369623,0.67147153 0.44291339 0.2765748] }
 coordIndex [
  18,16,15,-1,18,17,16,-1,19,15,14,-1,19,18,15,-1,20,14,13,-1,20,19,14,-1,21,13,12,-1,21,20,13,-1,
  22,21,12,-1,11,22,12,-1,23,22,11,-1,10,24,23,-1,10,23,11,-1,9,24,10,-1,8,25,24,-1,8,24,9,-1,
  7,26,25,-1,7,25,8,-1,27,26,7,-1,6,27,7,-1,28,6,5,-1,28,27,6,-1,29,5,4,-1,29,28,5,-1,
  30,4,3,-1,30,29,4,-1,31,3,2,-1,31,30,3,-1,0,31,2,-1,1,31,0,-1]
  normalPerVertex TRUE
  normal DEF NORM_259 Normal { vector [
  0 1 0,0 1 0,
  0 1 0,0 1 0,
  0 1 0,0 1 0,
  0 1 0,0 1 0,
  0 1 0,0 1 0,
  0 1 0,0 1 0,
  0 1 0,0 1 0,
  0 1 0,0 1 0,
  0 1 0,0 1 0,
  0 1 0,0 1 0,
  0 1 0,0 1 0,
  0 1 0,0 1 0,
  0 1 0,0 1 0,
  0 1 0,0 1 0,
  0 1 0,0 1 0,
  0 1 0,0 1 0] }
}
}
DEF SHAPE_260 Shape {
 appearance USE APP_16
 geometry DEF FACE_260 IndexedFaceSet {
  coord DEF COORD_260 Coordinate { point [
  0.67147153 0.44291339 0.21555118,0.67147153 0.34448819 0.21555118,
  0.68202629 0.34448819 0.21431751,0.69201204 0.34448819 0.21068299,
  0.70089045 0.34448819 0.20484357,0.70818288 0.34448819 0.19711405,
  0.71349618 0.34448819 0.18791113,0.71654393 0.34448819 0.17773095,
  0.71654393 0.44291339 0.17773095,0.68202629 0.44291339 0.21431751,
  0.69201204 0.44291339 0.21068299,0.70089045 0.44291339 0.20484357,
  0.70818288 0.44291339 0.19711405,0.71349618 0.44291339 0.18791113] }
 coordIndex [
  9,1,0,-1,9,2,1,-1,10,3,2,-1,10,2,9,-1,11,4,3,-1,11,3,10,-1,12,5,4,-1,12,4,11,-1,
  13,6,5,-1,13,5,12,-1,8,7,6,-1,8,6,13,-1]
  normalPerVertex TRUE
  normal DEF NORM_260 Normal { vector [
  -0.11609291 0 -0.99323836,-0.11609291 0 -0.99323836,
  -0.26832317 0 -0.96332895,-0.48324943 0 -0.87548272,
  -0.67212359 0 -0.74043898,-0.82476339 0 -0.56547798,
  -0.93293998 0 -0.36003192,-0.95798951 0 -0.28680323,
  -0.95798951 0 -0.28680323,-0.1925589 0 -0.98128542,
  -0.41366844 0 -0.9104276,-0.61247701 0 -0.7904884,
  -0.77826678 0 -0.62793377,-0.90209999 0 -0.43152706] }
}
}
DEF SHAPE_261 Shape {
 appearance USE APP_16
 geometry DEF FACE_261 IndexedFaceSet {
  coord DEF COORD_261 Coordinate { point [
  0.59055118 0.34448819 0.21555118,0.59055118 0.34448819 0.2765748,
  0.67147153 0.34448819 0.21555118,0.68202629 0.34448819 0.21431751,
  0.69201204 0.34448819 0.21068299,0.70089045 0.34448819 0.20484357,
  0.70818288 0.34448819 0.19711405,0.71349618 0.34448819 0.18791113,
  0.71654393 0.34448819 0.17773095,0.72996886 0.34448819 0.088247217,
  0.73708027 0.34448819 0.06449345,0.74947799 0.34448819 0.043019973,
  0.76649365 0.34448819 0.024984427,0.78720993 0.34448819 0.011359113,
  0.81051002 0.34448819 0.0028785744,0.8351378 0.34448819 0,
  0.96456693 0.34448819 0,0.96456693 0.34448819 0.061023622,
  0.8351378 0.34448819 0.061023622,0.82458303 0.34448819 0.062257297,
  0.81459728 0.34448819 0.065891813,0.80571887 0.34448819 0.071731234,
  0.79842645 0.34448819 0.079460753,0.79311314 0.34448819 0.088663672,
  0.79006539 0.34448819 0.098843858,0.77664047 0.34448819 0.18832759,
  0.76952906 0.34448819 0.21208135,0.75713134 0.34448819 0.23355483,
  0.74011568 0.34448819 0.25159038,0.71939939 0.34448819 0.26521569,
  0.69609931 0.34448819 0.27369623,0.67147153 0.34448819 0.2765748] }
 coordIndex [
  18,15,16,-1,18,16,17,-1,19,14,15,-1,19,15,18,-1,20,13,14,-1,20,14,19,-1,21,12,13,-1,21,13,20,-1,
  22,12,21,-1,11,12,22,-1,23,11,22,-1,10,23,24,-1,10,11,23,-1,9,10,24,-1,8,24,25,-1,8,9,24,-1,
  7,25,26,-1,7,8,25,-1,27,7,26,-1,6,7,27,-1,28,5,6,-1,28,6,27,-1,29,4,5,-1,29,5,28,-1,
  30,3,4,-1,30,4,29,-1,31,2,3,-1,31,3,30,-1,0,2,31,-1,1,0,31,-1]
  normalPerVertex TRUE
  normal DEF NORM_261 Normal { vector [
  0 -1 0,0 -1 0,
  0 -1 0,0 -1 0,
  0 -1 0,0 -1 0,
  0 -1 0,0 -1 0,
  0 -1 0,0 -1 0,
  0 -1 0,0 -1 0,
  0 -1 0,0 -1 0,
  0 -1 0,0 -1 0,
  0 -1 0,0 -1 0,
  0 -1 0,0 -1 0,
  0 -1 0,0 -1 0,
  0 -1 0,0 -1 0,
  0 -1 0,0 -1 0,
  0 -1 0,0 -1 0,
  0 -1 0,0 -1 0,
  0 -1 0,0 -1 0] }
}
}
DEF SHAPE_262 Shape {
 appearance USE APP_15
 geometry DEF FACE_262 IndexedFaceSet {
  coord DEF COORD_262 Coordinate { point [
  0.59055118 0.34448819 0.2765748,0.57086614 0.34448819 0.2765748,
  0.59055118 0.24606299 0.2765748,0.57086614 0.24606299 0.2765748] }
 coordIndex [
  0,1,3,-1,2,0,3,-1]
  normalPerVertex TRUE
  normal DEF NORM_262 Normal { vector [
  0 0 1,0 0 1,
  0 0 1,0 0 1] }
}
}
DEF SHAPE_263 Shape {
 appearance USE APP_16
 geometry DEF FACE_263 IndexedFaceSet {
  coord DEF COORD_263 Coordinate { point [
  0.59055118 0.24606299 0.21555118,0.59055118 0.24606299 0.2765748,
  0.67147153 0.24606299 0.21555118,0.68202629 0.24606299 0.21431751,
  0.69201204 0.24606299 0.21068299,0.70089045 0.24606299 0.20484357,
  0.70818288 0.24606299 0.19711405,0.71349618 0.24606299 0.18791113,
  0.71654393 0.24606299 0.17773095,0.72996886 0.24606299 0.088247217,
  0.73708027 0.24606299 0.06449345,0.74947799 0.24606299 0.043019973,
  0.76649365 0.24606299 0.024984427,0.78720993 0.24606299 0.011359113,
  0.81051002 0.24606299 0.0028785744,0.8351378 0.24606299 0,
  0.96456693 0.24606299 0,0.96456693 0.24606299 0.061023622,
  0.8351378 0.24606299 0.061023622,0.82458303 0.24606299 0.062257297,
  0.81459728 0.24606299 0.065891813,0.80571887 0.24606299 0.071731234,
  0.79842645 0.24606299 0.079460753,0.79311314 0.24606299 0.088663672,
  0.79006539 0.24606299 0.098843858,0.77664047 0.24606299 0.18832759,
  0.76952906 0.24606299 0.21208135,0.75713134 0.24606299 0.23355483,
  0.74011568 0.24606299 0.25159038,0.71939939 0.24606299 0.26521569,
  0.69609931 0.24606299 0.27369623,0.67147153 0.24606299 0.2765748] }
 coordIndex [
  18,16,15,-1,18,17,16,-1,19,15,14,-1,19,18,15,-1,20,14,13,-1,20,19,14,-1,21,13,12,-1,21,20,13,-1,
  22,21,12,-1,11,22,12,-1,23,22,11,-1,10,24,23,-1,10,23,11,-1,9,24,10,-1,8,25,24,-1,8,24,9,-1,
  7,26,25,-1,7,25,8,-1,27,26,7,-1,6,27,7,-1,28,6,5,-1,28,27,6,-1,29,5,4,-1,29,28,5,-1,
  30,4,3,-1,30,29,4,-1,31,3,2,-1,31,30,3,-1,0,31,2,-1,1,31,0,-1]
  normalPerVertex TRUE
  normal DEF NORM_263 Normal { vector [
  0 1 0,0 1 0,
  0 1 0,0 1 0,
  0 1 0,0 1 0,
  0 1 0,0 1 0,
  0 1 0,0 1 0,
  0 1 0,0 1 0,
  0 1 0,0 1 0,
  0 1 0,0 1 0,
  0 1 0,0 1 0,
  0 1 0,0 1 0,
  0 1 0,0 1 0,
  0 1 0,0 1 0,
  0 1 0,0 1 0,
  0 1 0,0 1 0,
  0 1 0,0 1 0,
  0 1 0,0 1 0] }
}
}
DEF SHAPE_264 Shape {
 appearance USE APP_16
 geometry DEF FACE_264 IndexedFaceSet {
  coord DEF COORD_264 Coordinate { point [
  0.67147153 0.24606299 0.21555118,0.67147153 0.1476378 0.21555118,
  0.68202629 0.1476378 0.21431751,0.69201204 0.1476378 0.21068299,
  0.70089045 0.1476378 0.20484357,0.70818288 0.1476378 0.19711405,
  0.71349618 0.1476378 0.18791113,0.71654393 0.1476378 0.17773095,
  0.71654393 0.24606299 0.17773095,0.68202629 0.24606299 0.21431751,
  0.69201204 0.24606299 0.21068299,0.70089045 0.24606299 0.20484357,
  0.70818288 0.24606299 0.19711405,0.71349618 0.24606299 0.18791113] }
 coordIndex [
  9,1,0,-1,9,2,1,-1,10,3,2,-1,10,2,9,-1,11,4,3,-1,11,3,10,-1,12,5,4,-1,12,4,11,-1,
  13,6,5,-1,13,5,12,-1,8,7,6,-1,8,6,13,-1]
  normalPerVertex TRUE
  normal DEF NORM_264 Normal { vector [
  -0.11609291 0 -0.99323836,-0.11609291 0 -0.99323836,
  -0.26832317 0 -0.96332895,-0.48324943 0 -0.87548272,
  -0.67212359 0 -0.74043898,-0.82476339 0 -0.56547798,
  -0.93293998 0 -0.36003192,-0.95798951 0 -0.28680323,
  -0.95798951 0 -0.28680323,-0.1925589 0 -0.98128542,
  -0.41366844 0 -0.9104276,-0.61247701 0 -0.7904884,
  -0.77826678 0 -0.62793377,-0.90209999 0 -0.43152706] }
}
}
DEF SHAPE_265 Shape {
 appearance USE APP_16
 geometry DEF FACE_265 IndexedFaceSet {
  coord DEF COORD_265 Coordinate { point [
  0.59055118 0.1476378 0.21555118,0.59055118 0.1476378 0.2765748,
  0.67147153 0.1476378 0.21555118,0.68202629 0.1476378 0.21431751,
  0.69201204 0.1476378 0.21068299,0.70089045 0.1476378 0.20484357,
  0.70818288 0.1476378 0.19711405,0.71349618 0.1476378 0.18791113,
  0.71654393 0.1476378 0.17773095,0.72996886 0.1476378 0.088247217,
  0.73708027 0.1476378 0.06449345,0.74947799 0.1476378 0.043019973,
  0.76649365 0.1476378 0.024984427,0.78720993 0.1476378 0.011359113,
  0.81051002 0.1476378 0.0028785744,0.8351378 0.1476378 0,
  0.96456693 0.1476378 0,0.96456693 0.1476378 0.061023622,
  0.8351378 0.1476378 0.061023622,0.82458303 0.1476378 0.062257297,
  0.81459728 0.1476378 0.065891813,0.80571887 0.1476378 0.071731234,
  0.79842645 0.1476378 0.079460753,0.79311314 0.1476378 0.088663672,
  0.79006539 0.1476378 0.098843858,0.77664047 0.1476378 0.18832759,
  0.76952906 0.1476378 0.21208135,0.75713134 0.1476378 0.23355483,
  0.74011568 0.1476378 0.25159038,0.71939939 0.1476378 0.26521569,
  0.69609931 0.1476378 0.27369623,0.67147153 0.1476378 0.2765748] }
 coordIndex [
  18,15,16,-1,18,16,17,-1,19,14,15,-1,19,15,18,-1,20,13,14,-1,20,14,19,-1,21,12,13,-1,21,13,20,-1,
  22,12,21,-1,11,12,22,-1,23,11,22,-1,10,23,24,-1,10,11,23,-1,9,10,24,-1,8,24,25,-1,8,9,24,-1,
  7,25,26,-1,7,8,25,-1,27,7,26,-1,6,7,27,-1,28,5,6,-1,28,6,27,-1,29,4,5,-1,29,5,28,-1,
  30,3,4,-1,30,4,29,-1,31,2,3,-1,31,3,30,-1,0,2,31,-1,1,0,31,-1]
  normalPerVertex TRUE
  normal DEF NORM_265 Normal { vector [
  0 -1 0,0 -1 0,
  0 -1 0,0 -1 0,
  0 -1 0,0 -1 0,
  0 -1 0,0 -1 0,
  0 -1 0,0 -1 0,
  0 -1 0,0 -1 0,
  0 -1 0,0 -1 0,
  0 -1 0,0 -1 0,
  0 -1 0,0 -1 0,
  0 -1 0,0 -1 0,
  0 -1 0,0 -1 0,
  0 -1 0,0 -1 0,
  0 -1 0,0 -1 0,
  0 -1 0,0 -1 0,
  0 -1 0,0 -1 0,
  0 -1 0,0 -1 0] }
}
}
DEF SHAPE_266 Shape {
 appearance USE APP_15
 geometry DEF FACE_266 IndexedFaceSet {
  coord DEF COORD_266 Coordinate { point [
  0.59055118 0.1476378 0.2765748,0.57086614 0.1476378 0.2765748,
  0.59055118 0.049212598 0.2765748,0.57086614 0.049212598 0.2765748] }
 coordIndex [
  0,1,3,-1,2,0,3,-1]
  normalPerVertex TRUE
  normal DEF NORM_266 Normal { vector [
  0 0 1,0 0 1,
  0 0 1,0 0 1] }
}
}
DEF SHAPE_267 Shape {
 appearance USE APP_16
 geometry DEF FACE_267 IndexedFaceSet {
  coord DEF COORD_267 Coordinate { point [
  0.59055118 0.049212598 0.21555118,0.59055118 0.049212598 0.2765748,
  0.67147153 0.049212598 0.21555118,0.68202629 0.049212598 0.21431751,
  0.69201204 0.049212598 0.21068299,0.70089045 0.049212598 0.20484357,
  0.70818288 0.049212598 0.19711405,0.71349618 0.049212598 0.18791113,
  0.71654393 0.049212598 0.17773095,0.72996886 0.049212598 0.088247217,
  0.73708027 0.049212598 0.06449345,0.74947799 0.049212598 0.043019973,
  0.76649365 0.049212598 0.024984427,0.78720993 0.049212598 0.011359113,
  0.81051002 0.049212598 0.0028785744,0.8351378 0.049212598 0,
  0.96456693 0.049212598 0,0.96456693 0.049212598 0.061023622,
  0.8351378 0.049212598 0.061023622,0.82458303 0.049212598 0.062257297,
  0.81459728 0.049212598 0.065891813,0.80571887 0.049212598 0.071731234,
  0.79842645 0.049212598 0.079460753,0.79311314 0.049212598 0.088663672,
  0.79006539 0.049212598 0.098843858,0.77664047 0.049212598 0.18832759,
  0.76952906 0.049212598 0.21208135,0.75713134 0.049212598 0.23355483,
  0.74011568 0.049212598 0.25159038,0.71939939 0.049212598 0.26521569,
  0.69609931 0.049212598 0.27369623,0.67147153 0.049212598 0.2765748] }
 coordIndex [
  18,16,15,-1,18,17,16,-1,19,15,14,-1,19,18,15,-1,20,14,13,-1,20,19,14,-1,21,13,12,-1,21,20,13,-1,
  22,21,12,-1,11,22,12,-1,23,22,11,-1,10,24,23,-1,10,23,11,-1,9,24,10,-1,8,25,24,-1,8,24,9,-1,
  7,26,25,-1,7,25,8,-1,27,26,7,-1,6,27,7,-1,28,6,5,-1,28,27,6,-1,29,5,4,-1,29,28,5,-1,
  30,4,3,-1,30,29,4,-1,31,3,2,-1,31,30,3,-1,0,31,2,-1,1,31,0,-1]
  normalPerVertex TRUE
  normal DEF NORM_267 Normal { vector [
  0 1 0,0 1 0,
  0 1 0,0 1 0,
  0 1 0,0 1 0,
  0 1 0,0 1 0,
  0 1 0,0 1 0,
  0 1 0,0 1 0,
  0 1 0,0 1 0,
  0 1 0,0 1 0,
  0 1 0,0 1 0,
  0 1 0,0 1 0,
  0 1 0,0 1 0,
  0 1 0,0 1 0,
  0 1 0,0 1 0,
  0 1 0,0 1 0,
  0 1 0,0 1 0,
  0 1 0,0 1 0] }
}
}
DEF SHAPE_268 Shape {
 appearance USE APP_16
 geometry DEF FACE_268 IndexedFaceSet {
  coord DEF COORD_268 Coordinate { point [
  0.67147153 0.049212598 0.21555118,0.67147153 -0.049212598 0.21555118,
  0.68202629 -0.049212598 0.21431751,0.69201204 -0.049212598 0.21068299,
  0.70089045 -0.049212598 0.20484357,0.70818288 -0.049212598 0.19711405,
  0.71349618 -0.049212598 0.18791113,0.71654393 -0.049212598 0.17773095,
  0.71654393 0.049212598 0.17773095,0.68202629 0.049212598 0.21431751,
  0.69201204 0.049212598 0.21068299,0.70089045 0.049212598 0.20484357,
  0.70818288 0.049212598 0.19711405,0.71349618 0.049212598 0.18791113] }
 coordIndex [
  9,1,0,-1,9,2,1,-1,10,3,2,-1,10,2,9,-1,11,4,3,-1,11,3,10,-1,12,5,4,-1,12,4,11,-1,
  13,6,5,-1,13,5,12,-1,8,7,6,-1,8,6,13,-1]
  normalPerVertex TRUE
  normal DEF NORM_268 Normal { vector [
  -0.11609291 0 -0.99323836,-0.11609291 0 -0.99323836,
  -0.26832317 0 -0.96332895,-0.48324943 0 -0.87548272,
  -0.67212359 0 -0.74043898,-0.82476339 0 -0.56547798,
  -0.93293998 0 -0.36003192,-0.95798951 0 -0.28680323,
  -0.95798951 0 -0.28680323,-0.1925589 0 -0.98128542,
  -0.41366844 0 -0.9104276,-0.61247701 0 -0.7904884,
  -0.77826678 0 -0.62793377,-0.90209999 0 -0.43152706] }
}
}
DEF SHAPE_269 Shape {
 appearance USE APP_16
 geometry DEF FACE_269 IndexedFaceSet {
  coord DEF COORD_269 Coordinate { point [
  0.59055118 -0.049212598 0.21555118,0.59055118 -0.049212598 0.2765748,
  0.67147153 -0.049212598 0.21555118,0.68202629 -0.049212598 0.21431751,
  0.69201204 -0.049212598 0.21068299,0.70089045 -0.049212598 0.20484357,
  0.70818288 -0.049212598 0.19711405,0.71349618 -0.049212598 0.18791113,
  0.71654393 -0.049212598 0.17773095,0.72996886 -0.049212598 0.088247217,
  0.73708027 -0.049212598 0.06449345,0.74947799 -0.049212598 0.043019973,
  0.76649365 -0.049212598 0.024984427,0.78720993 -0.049212598 0.011359113,
  0.81051002 -0.049212598 0.0028785744,0.8351378 -0.049212598 0,
  0.96456693 -0.049212598 0,0.96456693 -0.049212598 0.061023622,
  0.8351378 -0.049212598 0.061023622,0.82458303 -0.049212598 0.062257297,
  0.81459728 -0.049212598 0.065891813,0.80571887 -0.049212598 0.071731234,
  0.79842645 -0.049212598 0.079460753,0.79311314 -0.049212598 0.088663672,
  0.79006539 -0.049212598 0.098843858,0.77664047 -0.049212598 0.18832759,
  0.76952906 -0.049212598 0.21208135,0.75713134 -0.049212598 0.23355483,
  0.74011568 -0.049212598 0.25159038,0.71939939 -0.049212598 0.26521569,
  0.69609931 -0.049212598 0.27369623,0.67147153 -0.049212598 0.2765748] }
 coordIndex [
  18,15,16,-1,18,16,17,-1,19,14,15,-1,19,15,18,-1,20,13,14,-1,20,14,19,-1,21,12,13,-1,21,13,20,-1,
  22,12,21,-1,11,12,22,-1,23,11,22,-1,10,23,24,-1,10,11,23,-1,9,10,24,-1,8,24,25,-1,8,9,24,-1,
  7,25,26,-1,7,8,25,-1,27,7,26,-1,6,7,27,-1,28,5,6,-1,28,6,27,-1,29,4,5,-1,29,5,28,-1,
  30,3,4,-1,30,4,29,-1,31,2,3,-1,31,3,30,-1,0,2,31,-1,1,0,31,-1]
  normalPerVertex TRUE
  normal DEF NORM_269 Normal { vector [
  0 -1 0,0 -1 0,
  0 -1 0,0 -1 0,
  0 -1 0,0 -1 0,
  0 -1 0,0 -1 0,
  0 -1 0,0 -1 0,
  0 -1 0,0 -1 0,
  0 -1 0,0 -1 0,
  0 -1 0,0 -1 0,
  0 -1 0,0 -1 0,
  0 -1 0,0 -1 0,
  0 -1 0,0 -1 0,
  0 -1 0,0 -1 0,
  0 -1 0,0 -1 0,
  0 -1 0,0 -1 0,
  0 -1 0,0 -1 0,
  0 -1 0,0 -1 0] }
}
}
DEF SHAPE_270 Shape {
 appearance USE APP_15
 geometry DEF FACE_270 IndexedFaceSet {
  coord DEF COORD_270 Coordinate { point [
  0.59055118 -0.049212598 0.2765748,0.57086614 -0.049212598 0.2765748,
  0.59055118 -0.1476378 0.2765748,0.57086614 -0.1476378 0.2765748] }
 coordIndex [
  0,1,3,-1,2,0,3,-1]
  normalPerVertex TRUE
  normal DEF NORM_270 Normal { vector [
  0 0 1,0 0 1,
  0 0 1,0 0 1] }
}
}
DEF SHAPE_271 Shape {
 appearance USE APP_16
 geometry DEF FACE_271 IndexedFaceSet {
  coord DEF COORD_271 Coordinate { point [
  0.59055118 -0.1476378 0.21555118,0.59055118 -0.1476378 0.2765748,
  0.67147153 -0.1476378 0.21555118,0.68202629 -0.1476378 0.21431751,
  0.69201204 -0.1476378 0.21068299,0.70089045 -0.1476378 0.20484357,
  0.70818288 -0.1476378 0.19711405,0.71349618 -0.1476378 0.18791113,
  0.71654393 -0.1476378 0.17773095,0.72996886 -0.1476378 0.088247217,
  0.73708027 -0.1476378 0.06449345,0.74947799 -0.1476378 0.043019973,
  0.76649365 -0.1476378 0.024984427,0.78720993 -0.1476378 0.011359113,
  0.81051002 -0.1476378 0.0028785744,0.8351378 -0.1476378 0,
  0.96456693 -0.1476378 0,0.96456693 -0.1476378 0.061023622,
  0.8351378 -0.1476378 0.061023622,0.82458303 -0.1476378 0.062257297,
  0.81459728 -0.1476378 0.065891813,0.80571887 -0.1476378 0.071731234,
  0.79842645 -0.1476378 0.079460753,0.79311314 -0.1476378 0.088663672,
  0.79006539 -0.1476378 0.098843858,0.77664047 -0.1476378 0.18832759,
  0.76952906 -0.1476378 0.21208135,0.75713134 -0.1476378 0.23355483,
  0.74011568 -0.1476378 0.25159038,0.71939939 -0.1476378 0.26521569,
  0.69609931 -0.1476378 0.27369623,0.67147153 -0.1476378 0.2765748] }
 coordIndex [
  18,16,15,-1,18,17,16,-1,19,15,14,-1,19,18,15,-1,20,14,13,-1,20,19,14,-1,21,13,12,-1,21,20,13,-1,
  22,21,12,-1,11,22,12,-1,23,22,11,-1,10,24,23,-1,10,23,11,-1,9,24,10,-1,8,25,24,-1,8,24,9,-1,
  7,26,25,-1,7,25,8,-1,27,26,7,-1,6,27,7,-1,28,6,5,-1,28,27,6,-1,29,5,4,-1,29,28,5,-1,
  30,4,3,-1,30,29,4,-1,31,3,2,-1,31,30,3,-1,0,31,2,-1,1,31,0,-1]
  normalPerVertex TRUE
  normal DEF NORM_271 Normal { vector [
  0 1 0,0 1 0,
  0 1 0,0 1 0,
  0 1 0,0 1 0,
  0 1 0,0 1 0,
  0 1 0,0 1 0,
  0 1 0,0 1 0,
  0 1 0,0 1 0,
  0 1 0,0 1 0,
  0 1 0,0 1 0,
  0 1 0,0 1 0,
  0 1 0,0 1 0,
  0 1 0,0 1 0,
  0 1 0,0 1 0,
  0 1 0,0 1 0,
  0 1 0,0 1 0,
  0 1 0,0 1 0] }
}
}
DEF SHAPE_272 Shape {
 appearance USE APP_16
 geometry DEF FACE_272 IndexedFaceSet {
  coord DEF COORD_272 Coordinate { point [
  0.67147153 -0.1476378 0.21555118,0.67147153 -0.24606299 0.21555118,
  0.68202629 -0.24606299 0.21431751,0.69201204 -0.24606299 0.21068299,
  0.70089045 -0.24606299 0.20484357,0.70818288 -0.24606299 0.19711405,
  0.71349618 -0.24606299 0.18791113,0.71654393 -0.24606299 0.17773095,
  0.71654393 -0.1476378 0.17773095,0.68202629 -0.1476378 0.21431751,
  0.69201204 -0.1476378 0.21068299,0.70089045 -0.1476378 0.20484357,
  0.70818288 -0.1476378 0.19711405,0.71349618 -0.1476378 0.18791113] }
 coordIndex [
  9,1,0,-1,9,2,1,-1,10,3,2,-1,10,2,9,-1,11,4,3,-1,11,3,10,-1,12,5,4,-1,12,4,11,-1,
  13,6,5,-1,13,5,12,-1,8,7,6,-1,8,6,13,-1]
  normalPerVertex TRUE
  normal DEF NORM_272 Normal { vector [
  -0.11609291 0 -0.99323836,-0.11609291 0 -0.99323836,
  -0.26832317 0 -0.96332895,-0.48324943 0 -0.87548272,
  -0.67212359 0 -0.74043898,-0.82476339 0 -0.56547798,
  -0.93293998 0 -0.36003192,-0.95798951 0 -0.28680323,
  -0.95798951 0 -0.28680323,-0.1925589 0 -0.98128542,
  -0.41366844 0 -0.9104276,-0.61247701 0 -0.7904884,
  -0.77826678 0 -0.62793377,-0.90209999 0 -0.43152706] }
}
}
DEF SHAPE_273 Shape {
 appearance USE APP_16
 geometry DEF FACE_273 IndexedFaceSet {
  coord DEF COORD_273 Coordinate { point [
  0.59055118 -0.24606299 0.21555118,0.59055118 -0.24606299 0.2765748,
  0.67147153 -0.24606299 0.21555118,0.68202629 -0.24606299 0.21431751,
  0.69201204 -0.24606299 0.21068299,0.70089045 -0.24606299 0.20484357,
  0.70818288 -0.24606299 0.19711405,0.71349618 -0.24606299 0.18791113,
  0.71654393 -0.24606299 0.17773095,0.72996886 -0.24606299 0.088247217,
  0.73708027 -0.24606299 0.06449345,0.74947799 -0.24606299 0.043019973,
  0.76649365 -0.24606299 0.024984427,0.78720993 -0.24606299 0.011359113,
  0.81051002 -0.24606299 0.0028785744,0.8351378 -0.24606299 0,
  0.96456693 -0.24606299 0,0.96456693 -0.24606299 0.061023622,
  0.8351378 -0.24606299 0.061023622,0.82458303 -0.24606299 0.062257297,
  0.81459728 -0.24606299 0.065891813,0.80571887 -0.24606299 0.071731234,
  0.79842645 -0.24606299 0.079460753,0.79311314 -0.24606299 0.088663672,
  0.79006539 -0.24606299 0.098843858,0.77664047 -0.24606299 0.18832759,
  0.76952906 -0.24606299 0.21208135,0.75713134 -0.24606299 0.23355483,
  0.74011568 -0.24606299 0.25159038,0.71939939 -0.24606299 0.26521569,
  0.69609931 -0.24606299 0.27369623,0.67147153 -0.24606299 0.2765748] }
 coordIndex [
  18,15,16,-1,18,16,17,-1,19,14,15,-1,19,15,18,-1,20,13,14,-1,20,14,19,-1,21,12,13,-1,21,13,20,-1,
  22,12,21,-1,11,12,22,-1,23,11,22,-1,10,23,24,-1,10,11,23,-1,9,10,24,-1,8,24,25,-1,8,9,24,-1,
  7,25,26,-1,7,8,25,-1,27,7,26,-1,6,7,27,-1,28,5,6,-1,28,6,27,-1,29,4,5,-1,29,5,28,-1,
  30,3,4,-1,30,4,29,-1,31,2,3,-1,31,3,30,-1,0,2,31,-1,1,0,31,-1]
  normalPerVertex TRUE
  normal DEF NORM_273 Normal { vector [
  0 -1 0,0 -1 0,
  0 -1 0,0 -1 0,
  0 -1 0,0 -1 0,
  0 -1 0,0 -1 0,
  0 -1 0,0 -1 0,
  0 -1 0,0 -1 0,
  0 -1 0,0 -1 0,
  0 -1 0,0 -1 0,
  0 -1 0,0 -1 0,
  0 -1 0,0 -1 0,
  0 -1 0,0 -1 0,
  0 -1 0,0 -1 0,
  0 -1 0,0 -1 0,
  0 -1 0,0 -1 0,
  0 -1 0,0 -1 0,
  0 -1 0,0 -1 0] }
}
}
DEF SHAPE_274 Shape {
 appearance USE APP_15
 geometry DEF FACE_274 IndexedFaceSet {
  coord DEF COORD_274 Coordinate { point [
  0.59055118 -0.24606299 0.2765748,0.57086614 -0.24606299 0.2765748,
  0.59055118 -0.34448819 0.2765748,0.57086614 -0.34448819 0.2765748] }
 coordIndex [
  0,1,3,-1,2,0,3,-1]
  normalPerVertex TRUE
  normal DEF NORM_274 Normal { vector [
  0 0 1,0 0 1,
  0 0 1,0 0 1] }
}
}
DEF SHAPE_275 Shape {
 appearance USE APP_16
 geometry DEF FACE_275 IndexedFaceSet {
  coord DEF COORD_275 Coordinate { point [
  0.59055118 -0.34448819 0.21555118,0.59055118 -0.34448819 0.2765748,
  0.67147153 -0.34448819 0.21555118,0.68202629 -0.34448819 0.21431751,
  0.69201204 -0.34448819 0.21068299,0.70089045 -0.34448819 0.20484357,
  0.70818288 -0.34448819 0.19711405,0.71349618 -0.34448819 0.18791113,
  0.71654393 -0.34448819 0.17773095,0.72996886 -0.34448819 0.088247217,
  0.73708027 -0.34448819 0.06449345,0.74947799 -0.34448819 0.043019973,
  0.76649365 -0.34448819 0.024984427,0.78720993 -0.34448819 0.011359113,
  0.81051002 -0.34448819 0.0028785744,0.8351378 -0.34448819 0,
  0.96456693 -0.34448819 0,0.96456693 -0.34448819 0.061023622,
  0.8351378 -0.34448819 0.061023622,0.82458303 -0.34448819 0.062257297,
  0.81459728 -0.34448819 0.065891813,0.80571887 -0.34448819 0.071731234,
  0.79842645 -0.34448819 0.079460753,0.79311314 -0.34448819 0.088663672,
  0.79006539 -0.34448819 0.098843858,0.77664047 -0.34448819 0.18832759,
  0.76952906 -0.34448819 0.21208135,0.75713134 -0.34448819 0.23355483,
  0.74011568 -0.34448819 0.25159038,0.71939939 -0.34448819 0.26521569,
  0.69609931 -0.34448819 0.27369623,0.67147153 -0.34448819 0.2765748] }
 coordIndex [
  18,16,15,-1,18,17,16,-1,19,15,14,-1,19,18,15,-1,20,14,13,-1,20,19,14,-1,21,13,12,-1,21,20,13,-1,
  22,21,12,-1,11,22,12,-1,23,22,11,-1,10,24,23,-1,10,23,11,-1,9,24,10,-1,8,25,24,-1,8,24,9,-1,
  7,26,25,-1,7,25,8,-1,27,26,7,-1,6,27,7,-1,28,6,5,-1,28,27,6,-1,29,5,4,-1,29,28,5,-1,
  30,4,3,-1,30,29,4,-1,31,3,2,-1,31,30,3,-1,0,31,2,-1,1,31,0,-1]
  normalPerVertex TRUE
  normal DEF NORM_275 Normal { vector [
  0 1 0,0 1 0,
  0 1 0,0 1 0,
  0 1 0,0 1 0,
  0 1 0,0 1 0,
  0 1 0,0 1 0,
  0 1 0,0 1 0,
  0 1 0,0 1 0,
  0 1 0,0 1 0,
  0 1 0,0 1 0,
  0 1 0,0 1 0,
  0 1 0,0 1 0,
  0 1 0,0 1 0,
  0 1 0,0 1 0,
  0 1 0,0 1 0,
  0 1 0,0 1 0,
  0 1 0,0 1 0] }
}
}
DEF SHAPE_276 Shape {
 appearance USE APP_16
 geometry DEF FACE_276 IndexedFaceSet {
  coord DEF COORD_276 Coordinate { point [
  0.67147153 -0.34448819 0.21555118,0.67147153 -0.44291339 0.21555118,
  0.68202629 -0.44291339 0.21431751,0.69201204 -0.44291339 0.21068299,
  0.70089045 -0.44291339 0.20484357,0.70818288 -0.44291339 0.19711405,
  0.71349618 -0.44291339 0.18791113,0.71654393 -0.44291339 0.17773095,
  0.71654393 -0.34448819 0.17773095,0.68202629 -0.34448819 0.21431751,
  0.69201204 -0.34448819 0.21068299,0.70089045 -0.34448819 0.20484357,
  0.70818288 -0.34448819 0.19711405,0.71349618 -0.34448819 0.18791113] }
 coordIndex [
  9,1,0,-1,9,2,1,-1,10,3,2,-1,10,2,9,-1,11,4,3,-1,11,3,10,-1,12,5,4,-1,12,4,11,-1,
  13,6,5,-1,13,5,12,-1,8,7,6,-1,8,6,13,-1]
  normalPerVertex TRUE
  normal DEF NORM_276 Normal { vector [
  -0.11609291 0 -0.99323836,-0.11609291 0 -0.99323836,
  -0.26832317 0 -0.96332895,-0.48324943 0 -0.87548272,
  -0.67212359 0 -0.74043898,-0.82476339 0 -0.56547798,
  -0.93293998 0 -0.36003192,-0.95798951 0 -0.28680323,
  -0.95798951 0 -0.28680323,-0.1925589 0 -0.98128542,
  -0.41366844 0 -0.9104276,-0.61247701 0 -0.7904884,
  -0.77826678 0 -0.62793377,-0.90209999 0 -0.43152706] }
}
}
DEF SHAPE_277 Shape {
 appearance USE APP_16
 geometry DEF FACE_277 IndexedFaceSet {
  coord DEF COORD_277 Coordinate { point [
  0.59055118 -0.44291339 0.21555118,0.59055118 -0.44291339 0.2765748,
  0.67147153 -0.44291339 0.21555118,0.68202629 -0.44291339 0.21431751,
  0.69201204 -0.44291339 0.21068299,0.70089045 -0.44291339 0.20484357,
  0.70818288 -0.44291339 0.19711405,0.71349618 -0.44291339 0.18791113,
  0.71654393 -0.44291339 0.17773095,0.72996886 -0.44291339 0.088247217,
  0.73708027 -0.44291339 0.06449345,0.74947799 -0.44291339 0.043019973,
  0.76649365 -0.44291339 0.024984427,0.78720993 -0.44291339 0.011359113,
  0.81051002 -0.44291339 0.0028785744,0.8351378 -0.44291339 0,
  0.96456693 -0.44291339 0,0.96456693 -0.44291339 0.061023622,
  0.8351378 -0.44291339 0.061023622,0.82458303 -0.44291339 0.062257297,
  0.81459728 -0.44291339 0.065891813,0.80571887 -0.44291339 0.071731234,
  0.79842645 -0.44291339 0.079460753,0.79311314 -0.44291339 0.088663672,
  0.79006539 -0.44291339 0.098843858,0.77664047 -0.44291339 0.18832759,
  0.76952906 -0.44291339 0.21208135,0.75713134 -0.44291339 0.23355483,
  0.74011568 -0.44291339 0.25159038,0.71939939 -0.44291339 0.26521569,
  0.69609931 -0.44291339 0.27369623,0.67147153 -0.44291339 0.2765748] }
 coordIndex [
  18,15,16,-1,18,16,17,-1,19,14,15,-1,19,15,18,-1,20,13,14,-1,20,14,19,-1,21,12,13,-1,21,13,20,-1,
  22,12,21,-1,11,12,22,-1,23,11,22,-1,10,23,24,-1,10,11,23,-1,9,10,24,-1,8,24,25,-1,8,9,24,-1,
  7,25,26,-1,7,8,25,-1,27,7,26,-1,6,7,27,-1,28,5,6,-1,28,6,27,-1,29,4,5,-1,29,5,28,-1,
  30,3,4,-1,30,4,29,-1,31,2,3,-1,31,3,30,-1,0,2,31,-1,1,0,31,-1]
  normalPerVertex TRUE
  normal DEF NORM_277 Normal { vector [
  0 -1 0,0 -1 0,
  0 -1 0,0 -1 0,
  0 -1 0,0 -1 0,
  0 -1 0,0 -1 0,
  0 -1 0,0 -1 0,
  0 -1 0,0 -1 0,
  0 -1 0,0 -1 0,
  0 -1 0,0 -1 0,
  0 -1 0,0 -1 0,
  0 -1 0,0 -1 0,
  0 -1 0,0 -1 0,
  0 -1 0,0 -1 0,
  0 -1 0,0 -1 0,
  0 -1 0,0 -1 0,
  0 -1 0,0 -1 0,
  0 -1 0,0 -1 0] }
}
}
DEF SHAPE_278 Shape {
 appearance USE APP_16
 geometry DEF FACE_278 IndexedFaceSet {
  coord DEF COORD_278 Coordinate { point [
  -0.77664047 0.34448819 0.18832759,-0.76952906 0.34448819 0.21208135,
  -0.75713134 0.34448819 0.23355483,-0.74011568 0.34448819 0.25159038,
  -0.71939939 0.34448819 0.26521569,-0.69609931 0.34448819 0.27369623,
  -0.67147153 0.34448819 0.2765748,-0.67147153 0.44291339 0.2765748,
  -0.77664047 0.44291339 0.18832759,-0.76952906 0.44291339 0.21208135,
  -0.75713134 0.44291339 0.23355483,-0.74011568 0.44291339 0.25159038,
  -0.71939939 0.44291339 0.26521569,-0.69609931 0.44291339 0.27369623] }
 coordIndex [
  5,6,7,-1,5,7,13,-1,4,13,12,-1,4,5,13,-1,3,12,11,-1,3,4,12,-1,2,11,10,-1,2,3,11,-1,
  1,10,9,-1,1,2,10,-1,0,9,8,-1,0,1,9,-1]
  normalPerVertex TRUE
  normal DEF NORM_278 Normal { vector [
  -0.95798951 0 0.28680323,-0.90209999 0 0.43152706,
  -0.77826678 0 0.62793377,-0.61247701 0 0.7904884,
  -0.41366844 0 0.9104276,-0.1925589 0 0.98128542,
  -0.11609291 0 0.99323836,-0.11609291 0 0.99323836,
  -0.95798951 0 0.28680323,-0.93293998 0 0.36003192,
  -0.82476339 0 0.56547798,-0.67212359 0 0.74043898,
  -0.48324943 0 0.87548272,-0.26832317 0 0.96332895] }
}
}
DEF SHAPE_279 Shape {
 appearance USE APP_16
 geometry DEF FACE_279 IndexedFaceSet {
  coord DEF COORD_279 Coordinate { point [
  -0.67147153 -0.44291339 0.2765748,-0.59055118 -0.44291339 0.2765748,
  -0.67147153 -0.34448819 0.2765748,-0.59055118 -0.34448819 0.2765748,
  -0.57086614 -0.34448819 0.2765748,-0.57086614 -0.44291339 0.2765748] }
 coordIndex [
  1,2,0,-1,1,3,2,-1,5,4,3,-1,5,3,1,-1]
  normalPerVertex TRUE
  normal DEF NORM_279 Normal { vector [
  0 0 1,0 0 1,
  0 0 1,0 0 1,
  0 0 1,0 0 1] }
}
}
DEF SHAPE_280 Shape {
 appearance USE APP_16
 geometry DEF FACE_280 IndexedFaceSet {
  coord DEF COORD_280 Coordinate { point [
  -0.67147153 -0.24606299 0.2765748,-0.59055118 -0.24606299 0.2765748,
  -0.67147153 -0.1476378 0.2765748,-0.59055118 -0.1476378 0.2765748,
  -0.57086614 -0.1476378 0.2765748,-0.57086614 -0.24606299 0.2765748] }
 coordIndex [
  1,2,0,-1,1,3,2,-1,5,4,3,-1,5,3,1,-1]
  normalPerVertex TRUE
  normal DEF NORM_280 Normal { vector [
  0 0 1,0 0 1,
  0 0 1,0 0 1,
  0 0 1,0 0 1] }
}
}
DEF SHAPE_281 Shape {
 appearance USE APP_16
 geometry DEF FACE_281 IndexedFaceSet {
  coord DEF COORD_281 Coordinate { point [
  -0.67147153 -0.049212598 0.2765748,-0.59055118 -0.049212598 0.2765748,
  -0.67147153 0.049212598 0.2765748,-0.59055118 0.049212598 0.2765748,
  -0.57086614 0.049212598 0.2765748,-0.57086614 -0.049212598 0.2765748] }
 coordIndex [
  1,2,0,-1,1,3,2,-1,5,4,3,-1,5,3,1,-1]
  normalPerVertex TRUE
  normal DEF NORM_281 Normal { vector [
  0 0 1,0 0 1,
  0 0 1,0 0 1,
  0 0 1,0 0 1] }
}
}
DEF SHAPE_282 Shape {
 appearance USE APP_16
 geometry DEF FACE_282 IndexedFaceSet {
  coord DEF COORD_282 Coordinate { point [
  -0.67147153 0.1476378 0.2765748,-0.59055118 0.1476378 0.2765748,
  -0.67147153 0.24606299 0.2765748,-0.59055118 0.24606299 0.2765748,
  -0.57086614 0.24606299 0.2765748,-0.57086614 0.1476378 0.2765748] }
 coordIndex [
  1,2,0,-1,1,3,2,-1,5,4,3,-1,5,3,1,-1]
  normalPerVertex TRUE
  normal DEF NORM_282 Normal { vector [
  0 0 1,0 0 1,
  0 0 1,0 0 1,
  0 0 1,0 0 1] }
}
}
DEF SHAPE_283 Shape {
 appearance USE APP_15
 geometry DEF FACE_283 IndexedFaceSet {
  coord DEF COORD_283 Coordinate { point [
  -0.54327166 0.48817126 0.43307087,-0.48817126 0.54327166 0.43307087,
  -0.54327166 -0.48817126 0.43307087,-0.48817126 -0.54327166 0.43307087,
  0.48817126 -0.54327166 0.43307087,0.54327166 -0.48817126 0.43307087,
  0.54327166 0.48817126 0.43307087,0.48817126 0.54327166 0.43307087,
  -0.37438465 0.43068032 0.43307087,-0.37630288 0.44525071 0.43307087,
  -0.38192684 0.45882816 0.43307087,-0.39087327 0.47048737 0.43307087,
  -0.40253249 0.4794338 0.43307087,-0.41610993 0.48505776 0.43307087,
  -0.43068032 0.48697599 0.43307087,-0.44525071 0.48505776 0.43307087,
  -0.45882816 0.4794338 0.43307087,-0.47048737 0.47048737 0.43307087,
  -0.4794338 0.45882816 0.43307087,-0.48505776 0.44525071 0.43307087,
  -0.48697599 0.43068032 0.43307087,-0.48505776 0.41610993 0.43307087,
  -0.4794338 0.40253249 0.43307087,-0.47048737 0.39087327 0.43307087,
  -0.45882816 0.38192684 0.43307087,-0.44525071 0.37630288 0.43307087,
  -0.43068032 0.37438465 0.43307087,-0.41610993 0.37630288 0.43307087,
  -0.40253249 0.38192684 0.43307087,-0.39087327 0.39087327 0.43307087,
  -0.38192684 0.40253249 0.43307087,-0.37630288 0.41610993 0.43307087] }
 coordIndex [
  21,20,0,-1,19,0,20,-1,22,0,2,-1,22,21,0,-1,18,0,19,-1,23,22,2,-1,17,1,0,-1,17,0,18,-1,
  24,23,2,-1,16,1,17,-1,25,24,2,-1,15,1,16,-1,26,25,2,-1,14,1,15,-1,27,26,2,-1,13,1,14,-1,
  28,2,3,-1,28,27,2,-1,12,1,13,-1,29,28,3,-1,4,29,3,-1,7,9,8,-1,7,10,9,-1,7,11,10,-1,
  7,12,11,-1,7,31,30,-1,7,8,31,-1,7,1,12,-1,5,29,4,-1,6,30,29,-1,6,7,30,-1,6,29,5,-1]
  normalPerVertex TRUE
  normal DEF NORM_283 Normal { vector [
  0 0 1,0 0 1,
  0 0 1,0 0 1,
  0 0 1,0 0 1,
  0 0 1,0 0 1,
  0 0 1,0 0 1,
  0 0 1,0 0 1,
  0 0 1,0 0 1,
  0 0 1,0 0 1,
  0 0 1,0 0 1,
  0 0 1,0 0 1,
  0 0 1,0 0 1,
  0 0 1,0 0 1,
  0 0 1,0 0 1,
  0 0 1,0 0 1,
  0 0 1,0 0 1,
  0 0 1,0 0 1] }
}
}
DEF SHAPE_284 Shape {
 appearance USE APP_15
 geometry DEF FACE_284 IndexedFaceSet {
  coord DEF COORD_284 Coordinate { point [
  -0.5019685 -0.57086614 0.2765748,-0.57086614 -0.5019685 0.2765748,
  -0.54327166 -0.48817126 0.43307087,-0.48817126 -0.54327166 0.43307087] }
 coordIndex [
  2,1,0,-1,2,0,3,-1]
  normalPerVertex TRUE
  normal DEF NORM_284 Normal { vector [
  -0.69505557 -0.69505557 0.18383557,-0.69505557 -0.69505557 0.18383557,
  -0.69505557 -0.69505557 0.18383557,-0.69505557 -0.69505557 0.18383557] }
}
}
DEF SHAPE_285 Shape {
 appearance USE APP_16
 geometry DEF FACE_285 IndexedFaceSet {
  coord DEF COORD_285 Coordinate { point [
  0.67147153 0.24606299 0.2765748,0.59055118 0.24606299 0.2765748,
  0.67147153 0.1476378 0.2765748,0.59055118 0.1476378 0.2765748,
  0.57086614 0.1476378 0.2765748,0.57086614 0.24606299 0.2765748] }
 coordIndex [
  1,2,0,-1,1,3,2,-1,5,4,3,-1,5,3,1,-1]
  normalPerVertex TRUE
  normal DEF NORM_285 Normal { vector [
  0 0 1,0 0 1,
  0 0 1,0 0 1,
  0 0 1,0 0 1] }
}
}
DEF SHAPE_286 Shape {
 appearance USE APP_16
 geometry DEF FACE_286 IndexedFaceSet {
  coord DEF COORD_286 Coordinate { point [
  0.67147153 0.049212598 0.2765748,0.59055118 0.049212598 0.2765748,
  0.67147153 -0.049212598 0.2765748,0.59055118 -0.049212598 0.2765748,
  0.57086614 -0.049212598 0.2765748,0.57086614 0.049212598 0.2765748] }
 coordIndex [
  1,2,0,-1,1,3,2,-1,5,4,3,-1,5,3,1,-1]
  normalPerVertex TRUE
  normal DEF NORM_286 Normal { vector [
  0 0 1,0 0 1,
  0 0 1,0 0 1,
  0 0 1,0 0 1] }
}
}
DEF SHAPE_287 Shape {
 appearance USE APP_16
 geometry DEF FACE_287 IndexedFaceSet {
  coord DEF COORD_287 Coordinate { point [
  0.67147153 -0.1476378 0.2765748,0.59055118 -0.1476378 0.2765748,
  0.67147153 -0.24606299 0.2765748,0.59055118 -0.24606299 0.2765748,
  0.57086614 -0.24606299 0.2765748,0.57086614 -0.1476378 0.2765748] }
 coordIndex [
  1,2,0,-1,1,3,2,-1,5,4,3,-1,5,3,1,-1]
  normalPerVertex TRUE
  normal DEF NORM_287 Normal { vector [
  0 0 1,0 0 1,
  0 0 1,0 0 1,
  0 0 1,0 0 1] }
}
}
DEF SHAPE_288 Shape {
 appearance USE APP_16
 geometry DEF FACE_288 IndexedFaceSet {
  coord DEF COORD_288 Coordinate { point [
  0.67147153 -0.34448819 0.2765748,0.59055118 -0.34448819 0.2765748,
  0.67147153 -0.44291339 0.2765748,0.59055118 -0.44291339 0.2765748,
  0.57086614 -0.44291339 0.2765748,0.57086614 -0.34448819 0.2765748] }
 coordIndex [
  1,2,0,-1,1,3,2,-1,5,4,3,-1,5,3,1,-1]
  normalPerVertex TRUE
  normal DEF NORM_288 Normal { vector [
  0 0 1,0 0 1,
  0 0 1,0 0 1,
  0 0 1,0 0 1] }
}
}
DEF SHAPE_289 Shape {
 appearance USE APP_15
 geometry DEF FACE_289 IndexedFaceSet {
  coord DEF COORD_289 Coordinate { point [
  0.57086614 -0.5019685 0.2765748,0.5019685 -0.57086614 0.2765748,
  0.48817126 -0.54327166 0.43307087,0.54327166 -0.48817126 0.43307087] }
 coordIndex [
  2,1,0,-1,2,0,3,-1]
  normalPerVertex TRUE
  normal DEF NORM_289 Normal { vector [
  0.69505557 -0.69505557 0.18383557,0.69505557 -0.69505557 0.18383557,
  0.69505557 -0.69505557 0.18383557,0.69505557 -0.69505557 0.18383557] }
}
}
DEF SHAPE_290 Shape {
 appearance USE APP_16
 geometry DEF FACE_290 IndexedFaceSet {
  coord DEF COORD_290 Coordinate { point [
  0.77664047 0.44291339 0.18832759,0.76952906 0.44291339 0.21208135,
  0.75713134 0.44291339 0.23355483,0.74011568 0.44291339 0.25159038,
  0.71939939 0.44291339 0.26521569,0.69609931 0.44291339 0.27369623,
  0.67147153 0.44291339 0.2765748,0.67147153 0.34448819 0.2765748,
  0.77664047 0.34448819 0.18832759,0.76952906 0.34448819 0.21208135,
  0.75713134 0.34448819 0.23355483,0.74011568 0.34448819 0.25159038,
  0.71939939 0.34448819 0.26521569,0.69609931 0.34448819 0.27369623] }
 coordIndex [
  5,6,7,-1,5,7,13,-1,4,13,12,-1,4,5,13,-1,3,12,11,-1,3,4,12,-1,2,11,10,-1,2,3,11,-1,
  1,10,9,-1,1,2,10,-1,0,9,8,-1,0,1,9,-1]
  normalPerVertex TRUE
  normal DEF NORM_290 Normal { vector [
  0.95798951 0 0.28680323,0.90209999 0 0.43152706,
  0.77826678 0 0.62793377,0.61247701 0 0.7904884,
  0.41366844 0 0.9104276,0.1925589 0 0.98128542,
  0.11609291 0 0.99323836,0.11609291 0 0.99323836,
  0.95798951 0 0.28680323,0.93293998 0 0.36003192,
  0.82476339 0 0.56547798,0.67212359 0 0.74043898,
  0.48324943 0 0.87548272,0.26832317 0 0.96332895] }
}
}
DEF SHAPE_291 Shape {
 appearance USE APP_16
 geometry DEF FACE_291 IndexedFaceSet {
  coord DEF COORD_291 Coordinate { point [
  -0.79006539 0.34448819 0.098843858,-0.79006539 0.44291339 0.098843858,
  -0.77664047 0.44291339 0.18832759,-0.77664047 0.34448819 0.18832759] }
 coordIndex [
  3,1,0,-1,3,2,1,-1]
  normalPerVertex TRUE
  normal DEF NORM_291 Normal { vector [
  -0.98893251 0 0.14836604,-0.98893251 0 0.14836604,
  -0.98893251 0 0.14836604,-0.98893251 0 0.14836604] }
}
}
DEF SHAPE_292 Shape {
 appearance USE APP_16
 geometry DEF FACE_292 IndexedFaceSet {
  coord DEF COORD_292 Coordinate { point [
  -0.8351378 0.34448819 0.061023622,-0.8351378 0.44291339 0.061023622,
  -0.82458303 0.44291339 0.062257297,-0.81459728 0.44291339 0.065891813,
  -0.80571887 0.44291339 0.071731234,-0.79842645 0.44291339 0.079460753,
  -0.79311314 0.44291339 0.088663672,-0.79006539 0.44291339 0.098843858,
  -0.79006539 0.34448819 0.098843858,-0.82458303 0.34448819 0.062257297,
  -0.81459728 0.34448819 0.065891813,-0.80571887 0.34448819 0.071731234,
  -0.79842645 0.34448819 0.079460753,-0.79311314 0.34448819 0.088663672] }
 coordIndex [
  9,1,0,-1,9,2,1,-1,10,3,2,-1,10,2,9,-1,11,4,3,-1,11,3,10,-1,12,5,4,-1,12,4,11,-1,
  13,6,5,-1,13,5,12,-1,8,7,6,-1,8,6,13,-1]
  normalPerVertex TRUE
  normal DEF NORM_292 Normal { vector [
  -0.11609291 0 0.99323836,-0.11609291 0 0.99323836,
  -0.26832317 0 0.96332895,-0.48324943 0 0.87548272,
  -0.67212359 0 0.74043898,-0.82476339 0 0.56547798,
  -0.93293998 0 0.36003192,-0.95798951 0 0.28680323,
  -0.95798951 0 0.28680323,-0.1925589 0 0.98128542,
  -0.41366844 0 0.9104276,-0.61247701 0 0.7904884,
  -0.77826678 0 0.62793377,-0.90209999 0 0.43152706] }
}
}
DEF SHAPE_293 Shape {
 appearance USE APP_16
 geometry DEF FACE_293 IndexedFaceSet {
  coord DEF COORD_293 Coordinate { point [
  -0.96456693 0.34448819 0.061023622,-0.96456693 0.44291339 0.061023622,
  -0.8351378 0.44291339 0.061023622,-0.8351378 0.34448819 0.061023622] }
 coordIndex [
  3,1,0,-1,3,2,1,-1]
  normalPerVertex TRUE
  normal DEF NORM_293 Normal { vector [
  0 0 1,0 0 1,
  0 0 1,0 0 1] }
}
}
DEF SHAPE_294 Shape {
 appearance USE APP_16
 geometry DEF FACE_294 IndexedFaceSet {
  coord DEF COORD_294 Coordinate { point [
  -0.96456693 0.34448819 0,-0.96456693 0.44291339 0,
  -0.96456693 0.44291339 0.061023622,-0.96456693 0.34448819 0.061023622] }
 coordIndex [
  3,1,0,-1,3,2,1,-1]
  normalPerVertex TRUE
  normal DEF NORM_294 Normal { vector [
  -1 0 0,-1 0 0,
  -1 0 0,-1 0 0] }
}
}
DEF SHAPE_295 Shape {
 appearance USE APP_16
 geometry DEF FACE_295 IndexedFaceSet {
  coord DEF COORD_295 Coordinate { point [
  -0.8351378 0.34448819 0,-0.8351378 0.44291339 0,
  -0.96456693 0.44291339 0,-0.96456693 0.34448819 0] }
 coordIndex [
  3,1,0,-1,3,2,1,-1]
  normalPerVertex TRUE
  normal DEF NORM_295 Normal { vector [
  0 0 -1,0 0 -1,
  0 0 -1,0 0 -1] }
}
}
DEF SHAPE_296 Shape {
 appearance USE APP_16
 geometry DEF FACE_296 IndexedFaceSet {
  coord DEF COORD_296 Coordinate { point [
  -0.72996886 0.34448819 0.088247217,-0.73708027 0.34448819 0.06449345,
  -0.74947799 0.34448819 0.043019973,-0.76649365 0.34448819 0.024984427,
  -0.78720993 0.34448819 0.011359113,-0.81051002 0.34448819 0.0028785744,
  -0.8351378 0.34448819 0,-0.8351378 0.44291339 0,
  -0.72996886 0.44291339 0.088247217,-0.73708027 0.44291339 0.06449345,
  -0.74947799 0.44291339 0.043019973,-0.76649365 0.44291339 0.024984427,
  -0.78720993 0.44291339 0.011359113,-0.81051002 0.44291339 0.0028785744] }
 coordIndex [
  5,6,7,-1,5,7,13,-1,4,13,12,-1,4,5,13,-1,3,12,11,-1,3,4,12,-1,2,11,10,-1,2,3,11,-1,
  1,10,9,-1,1,2,10,-1,0,9,8,-1,0,1,9,-1]
  normalPerVertex TRUE
  normal DEF NORM_296 Normal { vector [
  0.95798951 0 -0.28680323,0.90209999 0 -0.43152706,
  0.77826678 0 -0.62793377,0.61247701 0 -0.7904884,
  0.41366844 0 -0.9104276,0.1925589 0 -0.98128542,
  0.11609291 0 -0.99323836,0.11609291 0 -0.99323836,
  0.95798951 0 -0.28680323,0.93293998 0 -0.36003192,
  0.82476339 0 -0.56547798,0.67212359 0 -0.74043898,
  0.48324943 0 -0.87548272,0.26832317 0 -0.96332895] }
}
}
DEF SHAPE_297 Shape {
 appearance USE APP_16
 geometry DEF FACE_297 IndexedFaceSet {
  coord DEF COORD_297 Coordinate { point [
  -0.71654393 0.34448819 0.17773095,-0.71654393 0.44291339 0.17773095,
  -0.72996886 0.44291339 0.088247217,-0.72996886 0.34448819 0.088247217] }
 coordIndex [
  3,1,0,-1,3,2,1,-1]
  normalPerVertex TRUE
  normal DEF NORM_297 Normal { vector [
  0.98893251 0 -0.14836604,0.98893251 0 -0.14836604,
  0.98893251 0 -0.14836604,0.98893251 0 -0.14836604] }
}
}
DEF SHAPE_298 Shape {
 appearance USE APP_15
 geometry DEF FACE_298 IndexedFaceSet {
  coord DEF COORD_298 Coordinate { point [
  0.5019685 -0.57086614 0.2765748,-0.5019685 -0.57086614 0.2765748,
  -0.48817126 -0.54327166 0.43307087,0.48817126 -0.54327166 0.43307087] }
 coordIndex [
  2,1,0,-1,2,0,3,-1]
  normalPerVertex TRUE
  normal DEF NORM_298 Normal { vector [
  0 -0.98480775 0.17364818,0 -0.98480775 0.17364818,
  0 -0.98480775 0.17364818,0 -0.98480775 0.17364818] }
}
}
DEF SHAPE_299 Shape {
 appearance USE APP_16
 geometry DEF FACE_299 IndexedFaceSet {
  coord DEF COORD_299 Coordinate { point [
  -0.77664047 -0.44291339 0.18832759,-0.76952906 -0.44291339 0.21208135,
  -0.75713134 -0.44291339 0.23355483,-0.74011568 -0.44291339 0.25159038,
  -0.71939939 -0.44291339 0.26521569,-0.69609931 -0.44291339 0.27369623,
  -0.67147153 -0.44291339 0.2765748,-0.67147153 -0.34448819 0.2765748,
  -0.77664047 -0.34448819 0.18832759,-0.76952906 -0.34448819 0.21208135,
  -0.75713134 -0.34448819 0.23355483,-0.74011568 -0.34448819 0.25159038,
  -0.71939939 -0.34448819 0.26521569,-0.69609931 -0.34448819 0.27369623] }
 coordIndex [
  5,6,7,-1,5,7,13,-1,4,13,12,-1,4,5,13,-1,3,12,11,-1,3,4,12,-1,2,11,10,-1,2,3,11,-1,
  1,10,9,-1,1,2,10,-1,0,9,8,-1,0,1,9,-1]
  normalPerVertex TRUE
  normal DEF NORM_299 Normal { vector [
  -0.95798951 0 0.28680323,-0.90209999 0 0.43152706,
  -0.77826678 0 0.62793377,-0.61247701 0 0.7904884,
  -0.41366844 0 0.9104276,-0.1925589 0 0.98128542,
  -0.11609291 0 0.99323836,-0.11609291 0 0.99323836,
  -0.95798951 0 0.28680323,-0.93293998 0 0.36003192,
  -0.82476339 0 0.56547798,-0.67212359 0 0.74043898,
  -0.48324943 0 0.87548272,-0.26832317 0 0.96332895] }
}
}
DEF SHAPE_300 Shape {
 appearance USE APP_16
 geometry DEF FACE_300 IndexedFaceSet {
  coord DEF COORD_300 Coordinate { point [
  -0.79006539 -0.44291339 0.098843858,-0.79006539 -0.34448819 0.098843858,
  -0.77664047 -0.34448819 0.18832759,-0.77664047 -0.44291339 0.18832759] }
 coordIndex [
  3,1,0,-1,3,2,1,-1]
  normalPerVertex TRUE
  normal DEF NORM_300 Normal { vector [
  -0.98893251 0 0.14836604,-0.98893251 0 0.14836604,
  -0.98893251 0 0.14836604,-0.98893251 0 0.14836604] }
}
}
DEF SHAPE_301 Shape {
 appearance USE APP_16
 geometry DEF FACE_301 IndexedFaceSet {
  coord DEF COORD_301 Coordinate { point [
  -0.8351378 -0.44291339 0.061023622,-0.8351378 -0.34448819 0.061023622,
  -0.82458303 -0.34448819 0.062257297,-0.81459728 -0.34448819 0.065891813,
  -0.80571887 -0.34448819 0.071731234,-0.79842645 -0.34448819 0.079460753,
  -0.79311314 -0.34448819 0.088663672,-0.79006539 -0.34448819 0.098843858,
  -0.79006539 -0.44291339 0.098843858,-0.82458303 -0.44291339 0.062257297,
  -0.81459728 -0.44291339 0.065891813,-0.80571887 -0.44291339 0.071731234,
  -0.79842645 -0.44291339 0.079460753,-0.79311314 -0.44291339 0.088663672] }
 coordIndex [
  9,1,0,-1,9,2,1,-1,10,3,2,-1,10,2,9,-1,11,4,3,-1,11,3,10,-1,12,5,4,-1,12,4,11,-1,
  13,6,5,-1,13,5,12,-1,8,7,6,-1,8,6,13,-1]
  normalPerVertex TRUE
  normal DEF NORM_301 Normal { vector [
  -0.11609291 0 0.99323836,-0.11609291 0 0.99323836,
  -0.26832317 0 0.96332895,-0.48324943 0 0.87548272,
  -0.67212359 0 0.74043898,-0.82476339 0 0.56547798,
  -0.93293998 0 0.36003192,-0.95798951 0 0.28680323,
  -0.95798951 0 0.28680323,-0.1925589 0 0.98128542,
  -0.41366844 0 0.9104276,-0.61247701 0 0.7904884,
  -0.77826678 0 0.62793377,-0.90209999 0 0.43152706] }
}
}
DEF SHAPE_302 Shape {
 appearance USE APP_16
 geometry DEF FACE_302 IndexedFaceSet {
  coord DEF COORD_302 Coordinate { point [
  -0.96456693 -0.44291339 0.061023622,-0.96456693 -0.34448819 0.061023622,
  -0.8351378 -0.34448819 0.061023622,-0.8351378 -0.44291339 0.061023622] }
 coordIndex [
  3,1,0,-1,3,2,1,-1]
  normalPerVertex TRUE
  normal DEF NORM_302 Normal { vector [
  0 0 1,0 0 1,
  0 0 1,0 0 1] }
}
}
DEF SHAPE_303 Shape {
 appearance USE APP_16
 geometry DEF FACE_303 IndexedFaceSet {
  coord DEF COORD_303 Coordinate { point [
  -0.96456693 -0.44291339 0,-0.96456693 -0.34448819 0,
  -0.96456693 -0.34448819 0.061023622,-0.96456693 -0.44291339 0.061023622] }
 coordIndex [
  3,1,0,-1,3,2,1,-1]
  normalPerVertex TRUE
  normal DEF NORM_303 Normal { vector [
  -1 0 0,-1 0 0,
  -1 0 0,-1 0 0] }
}
}
DEF SHAPE_304 Shape {
 appearance USE APP_16
 geometry DEF FACE_304 IndexedFaceSet {
  coord DEF COORD_304 Coordinate { point [
  -0.8351378 -0.44291339 0,-0.8351378 -0.34448819 0,
  -0.96456693 -0.34448819 0,-0.96456693 -0.44291339 0] }
 coordIndex [
  3,1,0,-1,3,2,1,-1]
  normalPerVertex TRUE
  normal DEF NORM_304 Normal { vector [
  0 0 -1,0 0 -1,
  0 0 -1,0 0 -1] }
}
}
DEF SHAPE_305 Shape {
 appearance USE APP_16
 geometry DEF FACE_305 IndexedFaceSet {
  coord DEF COORD_305 Coordinate { point [
  -0.72996886 -0.44291339 0.088247217,-0.73708027 -0.44291339 0.06449345,
  -0.74947799 -0.44291339 0.043019973,-0.76649365 -0.44291339 0.024984427,
  -0.78720993 -0.44291339 0.011359113,-0.81051002 -0.44291339 0.0028785744,
  -0.8351378 -0.44291339 0,-0.8351378 -0.34448819 0,
  -0.72996886 -0.34448819 0.088247217,-0.73708027 -0.34448819 0.06449345,
  -0.74947799 -0.34448819 0.043019973,-0.76649365 -0.34448819 0.024984427,
  -0.78720993 -0.34448819 0.011359113,-0.81051002 -0.34448819 0.0028785744] }
 coordIndex [
  5,6,7,-1,5,7,13,-1,4,13,12,-1,4,5,13,-1,3,12,11,-1,3,4,12,-1,2,11,10,-1,2,3,11,-1,
  1,10,9,-1,1,2,10,-1,0,9,8,-1,0,1,9,-1]
  normalPerVertex TRUE
  normal DEF NORM_305 Normal { vector [
  0.95798951 0 -0.28680323,0.90209999 0 -0.43152706,
  0.77826678 0 -0.62793377,0.61247701 0 -0.7904884,
  0.41366844 0 -0.9104276,0.1925589 0 -0.98128542,
  0.11609291 0 -0.99323836,0.11609291 0 -0.99323836,
  0.95798951 0 -0.28680323,0.93293998 0 -0.36003192,
  0.82476339 0 -0.56547798,0.67212359 0 -0.74043898,
  0.48324943 0 -0.87548272,0.26832317 0 -0.96332895] }
}
}
DEF SHAPE_306 Shape {
 appearance USE APP_16
 geometry DEF FACE_306 IndexedFaceSet {
  coord DEF COORD_306 Coordinate { point [
  -0.71654393 -0.44291339 0.17773095,-0.71654393 -0.34448819 0.17773095,
  -0.72996886 -0.34448819 0.088247217,-0.72996886 -0.44291339 0.088247217] }
 coordIndex [
  3,1,0,-1,3,2,1,-1]
  normalPerVertex TRUE
  normal DEF NORM_306 Normal { vector [
  0.98893251 0 -0.14836604,0.98893251 0 -0.14836604,
  0.98893251 0 -0.14836604,0.98893251 0 -0.14836604] }
}
}
DEF SHAPE_307 Shape {
 appearance USE APP_16
 geometry DEF FACE_307 IndexedFaceSet {
  coord DEF COORD_307 Coordinate { point [
  -0.77664047 -0.24606299 0.18832759,-0.76952906 -0.24606299 0.21208135,
  -0.75713134 -0.24606299 0.23355483,-0.74011568 -0.24606299 0.25159038,
  -0.71939939 -0.24606299 0.26521569,-0.69609931 -0.24606299 0.27369623,
  -0.67147153 -0.24606299 0.2765748,-0.67147153 -0.1476378 0.2765748,
  -0.77664047 -0.1476378 0.18832759,-0.76952906 -0.1476378 0.21208135,
  -0.75713134 -0.1476378 0.23355483,-0.74011568 -0.1476378 0.25159038,
  -0.71939939 -0.1476378 0.26521569,-0.69609931 -0.1476378 0.27369623] }
 coordIndex [
  5,6,7,-1,5,7,13,-1,4,13,12,-1,4,5,13,-1,3,12,11,-1,3,4,12,-1,2,11,10,-1,2,3,11,-1,
  1,10,9,-1,1,2,10,-1,0,9,8,-1,0,1,9,-1]
  normalPerVertex TRUE
  normal DEF NORM_307 Normal { vector [
  -0.95798951 0 0.28680323,-0.90209999 0 0.43152706,
  -0.77826678 0 0.62793377,-0.61247701 0 0.7904884,
  -0.41366844 0 0.9104276,-0.1925589 0 0.98128542,
  -0.11609291 0 0.99323836,-0.11609291 0 0.99323836,
  -0.95798951 0 0.28680323,-0.93293998 0 0.36003192,
  -0.82476339 0 0.56547798,-0.67212359 0 0.74043898,
  -0.48324943 0 0.87548272,-0.26832317 0 0.96332895] }
}
}
DEF SHAPE_308 Shape {
 appearance USE APP_16
 geometry DEF FACE_308 IndexedFaceSet {
  coord DEF COORD_308 Coordinate { point [
  -0.79006539 -0.24606299 0.098843858,-0.79006539 -0.1476378 0.098843858,
  -0.77664047 -0.1476378 0.18832759,-0.77664047 -0.24606299 0.18832759] }
 coordIndex [
  3,1,0,-1,3,2,1,-1]
  normalPerVertex TRUE
  normal DEF NORM_308 Normal { vector [
  -0.98893251 0 0.14836604,-0.98893251 0 0.14836604,
  -0.98893251 0 0.14836604,-0.98893251 0 0.14836604] }
}
}
DEF SHAPE_309 Shape {
 appearance USE APP_16
 geometry DEF FACE_309 IndexedFaceSet {
  coord DEF COORD_309 Coordinate { point [
  -0.8351378 -0.24606299 0.061023622,-0.8351378 -0.1476378 0.061023622,
  -0.82458303 -0.1476378 0.062257297,-0.81459728 -0.1476378 0.065891813,
  -0.80571887 -0.1476378 0.071731234,-0.79842645 -0.1476378 0.079460753,
  -0.79311314 -0.1476378 0.088663672,-0.79006539 -0.1476378 0.098843858,
  -0.79006539 -0.24606299 0.098843858,-0.82458303 -0.24606299 0.062257297,
  -0.81459728 -0.24606299 0.065891813,-0.80571887 -0.24606299 0.071731234,
  -0.79842645 -0.24606299 0.079460753,-0.79311314 -0.24606299 0.088663672] }
 coordIndex [
  9,1,0,-1,9,2,1,-1,10,3,2,-1,10,2,9,-1,11,4,3,-1,11,3,10,-1,12,5,4,-1,12,4,11,-1,
  13,6,5,-1,13,5,12,-1,8,7,6,-1,8,6,13,-1]
  normalPerVertex TRUE
  normal DEF NORM_309 Normal { vector [
  -0.11609291 0 0.99323836,-0.11609291 0 0.99323836,
  -0.26832317 0 0.96332895,-0.48324943 0 0.87548272,
  -0.67212359 0 0.74043898,-0.82476339 0 0.56547798,
  -0.93293998 0 0.36003192,-0.95798951 0 0.28680323,
  -0.95798951 0 0.28680323,-0.1925589 0 0.98128542,
  -0.41366844 0 0.9104276,-0.61247701 0 0.7904884,
  -0.77826678 0 0.62793377,-0.90209999 0 0.43152706] }
}
}
DEF SHAPE_310 Shape {
 appearance USE APP_16
 geometry DEF FACE_310 IndexedFaceSet {
  coord DEF COORD_310 Coordinate { point [
  -0.96456693 -0.24606299 0.061023622,-0.96456693 -0.1476378 0.061023622,
  -0.8351378 -0.1476378 0.061023622,-0.8351378 -0.24606299 0.061023622] }
 coordIndex [
  3,1,0,-1,3,2,1,-1]
  normalPerVertex TRUE
  normal DEF NORM_310 Normal { vector [
  0 0 1,0 0 1,
  0 0 1,0 0 1] }
}
}
DEF SHAPE_311 Shape {
 appearance USE APP_16
 geometry DEF FACE_311 IndexedFaceSet {
  coord DEF COORD_311 Coordinate { point [
  -0.96456693 -0.24606299 0,-0.96456693 -0.1476378 0,
  -0.96456693 -0.1476378 0.061023622,-0.96456693 -0.24606299 0.061023622] }
 coordIndex [
  3,1,0,-1,3,2,1,-1]
  normalPerVertex TRUE
  normal DEF NORM_311 Normal { vector [
  -1 0 0,-1 0 0,
  -1 0 0,-1 0 0] }
}
}
DEF SHAPE_312 Shape {
 appearance USE APP_16
 geometry DEF FACE_312 IndexedFaceSet {
  coord DEF COORD_312 Coordinate { point [
  -0.8351378 -0.24606299 0,-0.8351378 -0.1476378 0,
  -0.96456693 -0.1476378 0,-0.96456693 -0.24606299 0] }
 coordIndex [
  3,1,0,-1,3,2,1,-1]
  normalPerVertex TRUE
  normal DEF NORM_312 Normal { vector [
  0 0 -1,0 0 -1,
  0 0 -1,0 0 -1] }
}
}
DEF SHAPE_313 Shape {
 appearance USE APP_16
 geometry DEF FACE_313 IndexedFaceSet {
  coord DEF COORD_313 Coordinate { point [
  -0.72996886 -0.24606299 0.088247217,-0.73708027 -0.24606299 0.06449345,
  -0.74947799 -0.24606299 0.043019973,-0.76649365 -0.24606299 0.024984427,
  -0.78720993 -0.24606299 0.011359113,-0.81051002 -0.24606299 0.0028785744,
  -0.8351378 -0.24606299 0,-0.8351378 -0.1476378 0,
  -0.72996886 -0.1476378 0.088247217,-0.73708027 -0.1476378 0.06449345,
  -0.74947799 -0.1476378 0.043019973,-0.76649365 -0.1476378 0.024984427,
  -0.78720993 -0.1476378 0.011359113,-0.81051002 -0.1476378 0.0028785744] }
 coordIndex [
  5,6,7,-1,5,7,13,-1,4,13,12,-1,4,5,13,-1,3,12,11,-1,3,4,12,-1,2,11,10,-1,2,3,11,-1,
  1,10,9,-1,1,2,10,-1,0,9,8,-1,0,1,9,-1]
  normalPerVertex TRUE
  normal DEF NORM_313 Normal { vector [
  0.95798951 0 -0.28680323,0.90209999 0 -0.43152706,
  0.77826678 0 -0.62793377,0.61247701 0 -0.7904884,
  0.41366844 0 -0.9104276,0.1925589 0 -0.98128542,
  0.11609291 0 -0.99323836,0.11609291 0 -0.99323836,
  0.95798951 0 -0.28680323,0.93293998 0 -0.36003192,
  0.82476339 0 -0.56547798,0.67212359 0 -0.74043898,
  0.48324943 0 -0.87548272,0.26832317 0 -0.96332895] }
}
}
DEF SHAPE_314 Shape {
 appearance USE APP_16
 geometry DEF FACE_314 IndexedFaceSet {
  coord DEF COORD_314 Coordinate { point [
  -0.71654393 -0.24606299 0.17773095,-0.71654393 -0.1476378 0.17773095,
  -0.72996886 -0.1476378 0.088247217,-0.72996886 -0.24606299 0.088247217] }
 coordIndex [
  3,1,0,-1,3,2,1,-1]
  normalPerVertex TRUE
  normal DEF NORM_314 Normal { vector [
  0.98893251 0 -0.14836604,0.98893251 0 -0.14836604,
  0.98893251 0 -0.14836604,0.98893251 0 -0.14836604] }
}
}
DEF SHAPE_315 Shape {
 appearance USE APP_16
 geometry DEF FACE_315 IndexedFaceSet {
  coord DEF COORD_315 Coordinate { point [
  -0.77664047 -0.049212598 0.18832759,-0.76952906 -0.049212598 0.21208135,
  -0.75713134 -0.049212598 0.23355483,-0.74011568 -0.049212598 0.25159038,
  -0.71939939 -0.049212598 0.26521569,-0.69609931 -0.049212598 0.27369623,
  -0.67147153 -0.049212598 0.2765748,-0.67147153 0.049212598 0.2765748,
  -0.77664047 0.049212598 0.18832759,-0.76952906 0.049212598 0.21208135,
  -0.75713134 0.049212598 0.23355483,-0.74011568 0.049212598 0.25159038,
  -0.71939939 0.049212598 0.26521569,-0.69609931 0.049212598 0.27369623] }
 coordIndex [
  5,6,7,-1,5,7,13,-1,4,13,12,-1,4,5,13,-1,3,12,11,-1,3,4,12,-1,2,11,10,-1,2,3,11,-1,
  1,10,9,-1,1,2,10,-1,0,9,8,-1,0,1,9,-1]
  normalPerVertex TRUE
  normal DEF NORM_315 Normal { vector [
  -0.95798951 0 0.28680323,-0.90209999 0 0.43152706,
  -0.77826678 0 0.62793377,-0.61247701 0 0.7904884,
  -0.41366844 0 0.9104276,-0.1925589 0 0.98128542,
  -0.11609291 0 0.99323836,-0.11609291 0 0.99323836,
  -0.95798951 0 0.28680323,-0.93293998 0 0.36003192,
  -0.82476339 0 0.56547798,-0.67212359 0 0.74043898,
  -0.48324943 0 0.87548272,-0.26832317 0 0.96332895] }
}
}
DEF SHAPE_316 Shape {
 appearance USE APP_16
 geometry DEF FACE_316 IndexedFaceSet {
  coord DEF COORD_316 Coordinate { point [
  -0.79006539 -0.049212598 0.098843858,-0.79006539 0.049212598 0.098843858,
  -0.77664047 0.049212598 0.18832759,-0.77664047 -0.049212598 0.18832759] }
 coordIndex [
  3,1,0,-1,3,2,1,-1]
  normalPerVertex TRUE
  normal DEF NORM_316 Normal { vector [
  -0.98893251 0 0.14836604,-0.98893251 0 0.14836604,
  -0.98893251 0 0.14836604,-0.98893251 0 0.14836604] }
}
}
DEF SHAPE_317 Shape {
 appearance USE APP_16
 geometry DEF FACE_317 IndexedFaceSet {
  coord DEF COORD_317 Coordinate { point [
  -0.8351378 -0.049212598 0.061023622,-0.8351378 0.049212598 0.061023622,
  -0.82458303 0.049212598 0.062257297,-0.81459728 0.049212598 0.065891813,
  -0.80571887 0.049212598 0.071731234,-0.79842645 0.049212598 0.079460753,
  -0.79311314 0.049212598 0.088663672,-0.79006539 0.049212598 0.098843858,
  -0.79006539 -0.049212598 0.098843858,-0.82458303 -0.049212598 0.062257297,
  -0.81459728 -0.049212598 0.065891813,-0.80571887 -0.049212598 0.071731234,
  -0.79842645 -0.049212598 0.079460753,-0.79311314 -0.049212598 0.088663672] }
 coordIndex [
  9,1,0,-1,9,2,1,-1,10,3,2,-1,10,2,9,-1,11,4,3,-1,11,3,10,-1,12,5,4,-1,12,4,11,-1,
  13,6,5,-1,13,5,12,-1,8,7,6,-1,8,6,13,-1]
  normalPerVertex TRUE
  normal DEF NORM_317 Normal { vector [
  -0.11609291 0 0.99323836,-0.11609291 0 0.99323836,
  -0.26832317 0 0.96332895,-0.48324943 0 0.87548272,
  -0.67212359 0 0.74043898,-0.82476339 0 0.56547798,
  -0.93293998 0 0.36003192,-0.95798951 0 0.28680323,
  -0.95798951 0 0.28680323,-0.1925589 0 0.98128542,
  -0.41366844 0 0.9104276,-0.61247701 0 0.7904884,
  -0.77826678 0 0.62793377,-0.90209999 0 0.43152706] }
}
}
DEF SHAPE_318 Shape {
 appearance USE APP_16
 geometry DEF FACE_318 IndexedFaceSet {
  coord DEF COORD_318 Coordinate { point [
  -0.96456693 -0.049212598 0.061023622,-0.96456693 0.049212598 0.061023622,
  -0.8351378 0.049212598 0.061023622,-0.8351378 -0.049212598 0.061023622] }
 coordIndex [
  3,1,0,-1,3,2,1,-1]
  normalPerVertex TRUE
  normal DEF NORM_318 Normal { vector [
  0 0 1,0 0 1,
  0 0 1,0 0 1] }
}
}
DEF SHAPE_319 Shape {
 appearance USE APP_16
 geometry DEF FACE_319 IndexedFaceSet {
  coord DEF COORD_319 Coordinate { point [
  -0.96456693 -0.049212598 0,-0.96456693 0.049212598 0,
  -0.96456693 0.049212598 0.061023622,-0.96456693 -0.049212598 0.061023622] }
 coordIndex [
  3,1,0,-1,3,2,1,-1]
  normalPerVertex TRUE
  normal DEF NORM_319 Normal { vector [
  -1 0 0,-1 0 0,
  -1 0 0,-1 0 0] }
}
}
DEF SHAPE_320 Shape {
 appearance USE APP_16
 geometry DEF FACE_320 IndexedFaceSet {
  coord DEF COORD_320 Coordinate { point [
  -0.8351378 -0.049212598 0,-0.8351378 0.049212598 0,
  -0.96456693 0.049212598 0,-0.96456693 -0.049212598 0] }
 coordIndex [
  3,1,0,-1,3,2,1,-1]
  normalPerVertex TRUE
  normal DEF NORM_320 Normal { vector [
  0 0 -1,0 0 -1,
  0 0 -1,0 0 -1] }
}
}
DEF SHAPE_321 Shape {
 appearance USE APP_16
 geometry DEF FACE_321 IndexedFaceSet {
  coord DEF COORD_321 Coordinate { point [
  -0.72996886 -0.049212598 0.088247217,-0.73708027 -0.049212598 0.06449345,
  -0.74947799 -0.049212598 0.043019973,-0.76649365 -0.049212598 0.024984427,
  -0.78720993 -0.049212598 0.011359113,-0.81051002 -0.049212598 0.0028785744,
  -0.8351378 -0.049212598 0,-0.8351378 0.049212598 0,
  -0.72996886 0.049212598 0.088247217,-0.73708027 0.049212598 0.06449345,
  -0.74947799 0.049212598 0.043019973,-0.76649365 0.049212598 0.024984427,
  -0.78720993 0.049212598 0.011359113,-0.81051002 0.049212598 0.0028785744] }
 coordIndex [
  5,6,7,-1,5,7,13,-1,4,13,12,-1,4,5,13,-1,3,12,11,-1,3,4,12,-1,2,11,10,-1,2,3,11,-1,
  1,10,9,-1,1,2,10,-1,0,9,8,-1,0,1,9,-1]
  normalPerVertex TRUE
  normal DEF NORM_321 Normal { vector [
  0.95798951 0 -0.28680323,0.90209999 0 -0.43152706,
  0.77826678 0 -0.62793377,0.61247701 0 -0.7904884,
  0.41366844 0 -0.9104276,0.1925589 0 -0.98128542,
  0.11609291 0 -0.99323836,0.11609291 0 -0.99323836,
  0.95798951 0 -0.28680323,0.93293998 0 -0.36003192,
  0.82476339 0 -0.56547798,0.67212359 0 -0.74043898,
  0.48324943 0 -0.87548272,0.26832317 0 -0.96332895] }
}
}
DEF SHAPE_322 Shape {
 appearance USE APP_16
 geometry DEF FACE_322 IndexedFaceSet {
  coord DEF COORD_322 Coordinate { point [
  -0.71654393 -0.049212598 0.17773095,-0.71654393 0.049212598 0.17773095,
  -0.72996886 0.049212598 0.088247217,-0.72996886 -0.049212598 0.088247217] }
 coordIndex [
  3,1,0,-1,3,2,1,-1]
  normalPerVertex TRUE
  normal DEF NORM_322 Normal { vector [
  0.98893251 0 -0.14836604,0.98893251 0 -0.14836604,
  0.98893251 0 -0.14836604,0.98893251 0 -0.14836604] }
}
}
DEF SHAPE_323 Shape {
 appearance USE APP_16
 geometry DEF FACE_323 IndexedFaceSet {
  coord DEF COORD_323 Coordinate { point [
  -0.77664047 0.1476378 0.18832759,-0.76952906 0.1476378 0.21208135,
  -0.75713134 0.1476378 0.23355483,-0.74011568 0.1476378 0.25159038,
  -0.71939939 0.1476378 0.26521569,-0.69609931 0.1476378 0.27369623,
  -0.67147153 0.1476378 0.2765748,-0.67147153 0.24606299 0.2765748,
  -0.77664047 0.24606299 0.18832759,-0.76952906 0.24606299 0.21208135,
  -0.75713134 0.24606299 0.23355483,-0.74011568 0.24606299 0.25159038,
  -0.71939939 0.24606299 0.26521569,-0.69609931 0.24606299 0.27369623] }
 coordIndex [
  5,6,7,-1,5,7,13,-1,4,13,12,-1,4,5,13,-1,3,12,11,-1,3,4,12,-1,2,11,10,-1,2,3,11,-1,
  1,10,9,-1,1,2,10,-1,0,9,8,-1,0,1,9,-1]
  normalPerVertex TRUE
  normal DEF NORM_323 Normal { vector [
  -0.95798951 0 0.28680323,-0.90209999 0 0.43152706,
  -0.77826678 0 0.62793377,-0.61247701 0 0.7904884,
  -0.41366844 0 0.9104276,-0.1925589 0 0.98128542,
  -0.11609291 0 0.99323836,-0.11609291 0 0.99323836,
  -0.95798951 0 0.28680323,-0.93293998 0 0.36003192,
  -0.82476339 0 0.56547798,-0.67212359 0 0.74043898,
  -0.48324943 0 0.87548272,-0.26832317 0 0.96332895] }
}
}
DEF SHAPE_324 Shape {
 appearance USE APP_16
 geometry DEF FACE_324 IndexedFaceSet {
  coord DEF COORD_324 Coordinate { point [
  -0.79006539 0.1476378 0.098843858,-0.79006539 0.24606299 0.098843858,
  -0.77664047 0.24606299 0.18832759,-0.77664047 0.1476378 0.18832759] }
 coordIndex [
  3,1,0,-1,3,2,1,-1]
  normalPerVertex TRUE
  normal DEF NORM_324 Normal { vector [
  -0.98893251 0 0.14836604,-0.98893251 0 0.14836604,
  -0.98893251 0 0.14836604,-0.98893251 0 0.14836604] }
}
}
DEF SHAPE_325 Shape {
 appearance USE APP_16
 geometry DEF FACE_325 IndexedFaceSet {
  coord DEF COORD_325 Coordinate { point [
  -0.8351378 0.1476378 0.061023622,-0.8351378 0.24606299 0.061023622,
  -0.82458303 0.24606299 0.062257297,-0.81459728 0.24606299 0.065891813,
  -0.80571887 0.24606299 0.071731234,-0.79842645 0.24606299 0.079460753,
  -0.79311314 0.24606299 0.088663672,-0.79006539 0.24606299 0.098843858,
  -0.79006539 0.1476378 0.098843858,-0.82458303 0.1476378 0.062257297,
  -0.81459728 0.1476378 0.065891813,-0.80571887 0.1476378 0.071731234,
  -0.79842645 0.1476378 0.079460753,-0.79311314 0.1476378 0.088663672] }
 coordIndex [
  9,1,0,-1,9,2,1,-1,10,3,2,-1,10,2,9,-1,11,4,3,-1,11,3,10,-1,12,5,4,-1,12,4,11,-1,
  13,6,5,-1,13,5,12,-1,8,7,6,-1,8,6,13,-1]
  normalPerVertex TRUE
  normal DEF NORM_325 Normal { vector [
  -0.11609291 0 0.99323836,-0.11609291 0 0.99323836,
  -0.26832317 0 0.96332895,-0.48324943 0 0.87548272,
  -0.67212359 0 0.74043898,-0.82476339 0 0.56547798,
  -0.93293998 0 0.36003192,-0.95798951 0 0.28680323,
  -0.95798951 0 0.28680323,-0.1925589 0 0.98128542,
  -0.41366844 0 0.9104276,-0.61247701 0 0.7904884,
  -0.77826678 0 0.62793377,-0.90209999 0 0.43152706] }
}
}
DEF SHAPE_326 Shape {
 appearance USE APP_16
 geometry DEF FACE_326 IndexedFaceSet {
  coord DEF COORD_326 Coordinate { point [
  -0.96456693 0.1476378 0.061023622,-0.96456693 0.24606299 0.061023622,
  -0.8351378 0.24606299 0.061023622,-0.8351378 0.1476378 0.061023622] }
 coordIndex [
  3,1,0,-1,3,2,1,-1]
  normalPerVertex TRUE
  normal DEF NORM_326 Normal { vector [
  0 0 1,0 0 1,
  0 0 1,0 0 1] }
}
}
DEF SHAPE_327 Shape {
 appearance USE APP_16
 geometry DEF FACE_327 IndexedFaceSet {
  coord DEF COORD_327 Coordinate { point [
  -0.96456693 0.1476378 0,-0.96456693 0.24606299 0,
  -0.96456693 0.24606299 0.061023622,-0.96456693 0.1476378 0.061023622] }
 coordIndex [
  3,1,0,-1,3,2,1,-1]
  normalPerVertex TRUE
  normal DEF NORM_327 Normal { vector [
  -1 0 0,-1 0 0,
  -1 0 0,-1 0 0] }
}
}
DEF SHAPE_328 Shape {
 appearance USE APP_16
 geometry DEF FACE_328 IndexedFaceSet {
  coord DEF COORD_328 Coordinate { point [
  -0.8351378 0.1476378 0,-0.8351378 0.24606299 0,
  -0.96456693 0.24606299 0,-0.96456693 0.1476378 0] }
 coordIndex [
  3,1,0,-1,3,2,1,-1]
  normalPerVertex TRUE
  normal DEF NORM_328 Normal { vector [
  0 0 -1,0 0 -1,
  0 0 -1,0 0 -1] }
}
}
DEF SHAPE_329 Shape {
 appearance USE APP_16
 geometry DEF FACE_329 IndexedFaceSet {
  coord DEF COORD_329 Coordinate { point [
  -0.72996886 0.1476378 0.088247217,-0.73708027 0.1476378 0.06449345,
  -0.74947799 0.1476378 0.043019973,-0.76649365 0.1476378 0.024984427,
  -0.78720993 0.1476378 0.011359113,-0.81051002 0.1476378 0.0028785744,
  -0.8351378 0.1476378 0,-0.8351378 0.24606299 0,
  -0.72996886 0.24606299 0.088247217,-0.73708027 0.24606299 0.06449345,
  -0.74947799 0.24606299 0.043019973,-0.76649365 0.24606299 0.024984427,
  -0.78720993 0.24606299 0.011359113,-0.81051002 0.24606299 0.0028785744] }
 coordIndex [
  5,6,7,-1,5,7,13,-1,4,13,12,-1,4,5,13,-1,3,12,11,-1,3,4,12,-1,2,11,10,-1,2,3,11,-1,
  1,10,9,-1,1,2,10,-1,0,9,8,-1,0,1,9,-1]
  normalPerVertex TRUE
  normal DEF NORM_329 Normal { vector [
  0.95798951 0 -0.28680323,0.90209999 0 -0.43152706,
  0.77826678 0 -0.62793377,0.61247701 0 -0.7904884,
  0.41366844 0 -0.9104276,0.1925589 0 -0.98128542,
  0.11609291 0 -0.99323836,0.11609291 0 -0.99323836,
  0.95798951 0 -0.28680323,0.93293998 0 -0.36003192,
  0.82476339 0 -0.56547798,0.67212359 0 -0.74043898,
  0.48324943 0 -0.87548272,0.26832317 0 -0.96332895] }
}
}
DEF SHAPE_330 Shape {
 appearance USE APP_16
 geometry DEF FACE_330 IndexedFaceSet {
  coord DEF COORD_330 Coordinate { point [
  -0.71654393 0.1476378 0.17773095,-0.71654393 0.24606299 0.17773095,
  -0.72996886 0.24606299 0.088247217,-0.72996886 0.1476378 0.088247217] }
 coordIndex [
  3,1,0,-1,3,2,1,-1]
  normalPerVertex TRUE
  normal DEF NORM_330 Normal { vector [
  0.98893251 0 -0.14836604,0.98893251 0 -0.14836604,
  0.98893251 0 -0.14836604,0.98893251 0 -0.14836604] }
}
}
DEF SHAPE_331 Shape {
 appearance USE APP_16
 geometry DEF FACE_331 IndexedFaceSet {
  coord DEF COORD_331 Coordinate { point [
  0.79006539 0.44291339 0.098843858,0.79006539 0.34448819 0.098843858,
  0.77664047 0.34448819 0.18832759,0.77664047 0.44291339 0.18832759] }
 coordIndex [
  3,1,0,-1,3,2,1,-1]
  normalPerVertex TRUE
  normal DEF NORM_331 Normal { vector [
  0.98893251 0 0.14836604,0.98893251 0 0.14836604,
  0.98893251 0 0.14836604,0.98893251 0 0.14836604] }
}
}
DEF SHAPE_332 Shape {
 appearance USE APP_16
 geometry DEF FACE_332 IndexedFaceSet {
  coord DEF COORD_332 Coordinate { point [
  0.8351378 0.44291339 0.061023622,0.8351378 0.34448819 0.061023622,
  0.82458303 0.34448819 0.062257297,0.81459728 0.34448819 0.065891813,
  0.80571887 0.34448819 0.071731234,0.79842645 0.34448819 0.079460753,
  0.79311314 0.34448819 0.088663672,0.79006539 0.34448819 0.098843858,
  0.79006539 0.44291339 0.098843858,0.82458303 0.44291339 0.062257297,
  0.81459728 0.44291339 0.065891813,0.80571887 0.44291339 0.071731234,
  0.79842645 0.44291339 0.079460753,0.79311314 0.44291339 0.088663672] }
 coordIndex [
  9,1,0,-1,9,2,1,-1,10,3,2,-1,10,2,9,-1,11,4,3,-1,11,3,10,-1,12,5,4,-1,12,4,11,-1,
  13,6,5,-1,13,5,12,-1,8,7,6,-1,8,6,13,-1]
  normalPerVertex TRUE
  normal DEF NORM_332 Normal { vector [
  0.11609291 0 0.99323836,0.11609291 0 0.99323836,
  0.26832317 0 0.96332895,0.48324943 0 0.87548272,
  0.67212359 0 0.74043898,0.82476339 0 0.56547798,
  0.93293998 0 0.36003192,0.95798951 0 0.28680323,
  0.95798951 0 0.28680323,0.1925589 0 0.98128542,
  0.41366844 0 0.9104276,0.61247701 0 0.7904884,
  0.77826678 0 0.62793377,0.90209999 0 0.43152706] }
}
}
DEF SHAPE_333 Shape {
 appearance USE APP_16
 geometry DEF FACE_333 IndexedFaceSet {
  coord DEF COORD_333 Coordinate { point [
  0.96456693 0.44291339 0.061023622,0.96456693 0.34448819 0.061023622,
  0.8351378 0.34448819 0.061023622,0.8351378 0.44291339 0.061023622] }
 coordIndex [
  3,1,0,-1,3,2,1,-1]
  normalPerVertex TRUE
  normal DEF NORM_333 Normal { vector [
  0 0 1,0 0 1,
  0 0 1,0 0 1] }
}
}
DEF SHAPE_334 Shape {
 appearance USE APP_16
 geometry DEF FACE_334 IndexedFaceSet {
  coord DEF COORD_334 Coordinate { point [
  0.96456693 0.44291339 0,0.96456693 0.34448819 0,
  0.96456693 0.34448819 0.061023622,0.96456693 0.44291339 0.061023622] }
 coordIndex [
  3,1,0,-1,3,2,1,-1]
  normalPerVertex TRUE
  normal DEF NORM_334 Normal { vector [
  1 0 0,1 0 0,
  1 0 0,1 0 0] }
}
}
DEF SHAPE_335 Shape {
 appearance USE APP_16
 geometry DEF FACE_335 IndexedFaceSet {
  coord DEF COORD_335 Coordinate { point [
  0.8351378 0.44291339 0,0.8351378 0.34448819 0,
  0.96456693 0.34448819 0,0.96456693 0.44291339 0] }
 coordIndex [
  3,1,0,-1,3,2,1,-1]
  normalPerVertex TRUE
  normal DEF NORM_335 Normal { vector [
  0 0 -1,0 0 -1,
  0 0 -1,0 0 -1] }
}
}
DEF SHAPE_336 Shape {
 appearance USE APP_16
 geometry DEF FACE_336 IndexedFaceSet {
  coord DEF COORD_336 Coordinate { point [
  0.72996886 0.44291339 0.088247217,0.73708027 0.44291339 0.06449345,
  0.74947799 0.44291339 0.043019973,0.76649365 0.44291339 0.024984427,
  0.78720993 0.44291339 0.011359113,0.81051002 0.44291339 0.0028785744,
  0.8351378 0.44291339 0,0.8351378 0.34448819 0,
  0.72996886 0.34448819 0.088247217,0.73708027 0.34448819 0.06449345,
  0.74947799 0.34448819 0.043019973,0.76649365 0.34448819 0.024984427,
  0.78720993 0.34448819 0.011359113,0.81051002 0.34448819 0.0028785744] }
 coordIndex [
  5,6,7,-1,5,7,13,-1,4,13,12,-1,4,5,13,-1,3,12,11,-1,3,4,12,-1,2,11,10,-1,2,3,11,-1,
  1,10,9,-1,1,2,10,-1,0,9,8,-1,0,1,9,-1]
  normalPerVertex TRUE
  normal DEF NORM_336 Normal { vector [
  -0.95798951 0 -0.28680323,-0.90209999 0 -0.43152706,
  -0.77826678 0 -0.62793377,-0.61247701 0 -0.7904884,
  -0.41366844 0 -0.9104276,-0.1925589 0 -0.98128542,
  -0.11609291 0 -0.99323836,-0.11609291 0 -0.99323836,
  -0.95798951 0 -0.28680323,-0.93293998 0 -0.36003192,
  -0.82476339 0 -0.56547798,-0.67212359 0 -0.74043898,
  -0.48324943 0 -0.87548272,-0.26832317 0 -0.96332895] }
}
}
DEF SHAPE_337 Shape {
 appearance USE APP_16
 geometry DEF FACE_337 IndexedFaceSet {
  coord DEF COORD_337 Coordinate { point [
  0.71654393 0.44291339 0.17773095,0.71654393 0.34448819 0.17773095,
  0.72996886 0.34448819 0.088247217,0.72996886 0.44291339 0.088247217] }
 coordIndex [
  3,1,0,-1,3,2,1,-1]
  normalPerVertex TRUE
  normal DEF NORM_337 Normal { vector [
  -0.98893251 0 -0.14836604,-0.98893251 0 -0.14836604,
  -0.98893251 0 -0.14836604,-0.98893251 0 -0.14836604] }
}
}
DEF SHAPE_338 Shape {
 appearance USE APP_16
 geometry DEF FACE_338 IndexedFaceSet {
  coord DEF COORD_338 Coordinate { point [
  0.77664047 0.24606299 0.18832759,0.76952906 0.24606299 0.21208135,
  0.75713134 0.24606299 0.23355483,0.74011568 0.24606299 0.25159038,
  0.71939939 0.24606299 0.26521569,0.69609931 0.24606299 0.27369623,
  0.67147153 0.24606299 0.2765748,0.67147153 0.1476378 0.2765748,
  0.77664047 0.1476378 0.18832759,0.76952906 0.1476378 0.21208135,
  0.75713134 0.1476378 0.23355483,0.74011568 0.1476378 0.25159038,
  0.71939939 0.1476378 0.26521569,0.69609931 0.1476378 0.27369623] }
 coordIndex [
  5,6,7,-1,5,7,13,-1,4,13,12,-1,4,5,13,-1,3,12,11,-1,3,4,12,-1,2,11,10,-1,2,3,11,-1,
  1,10,9,-1,1,2,10,-1,0,9,8,-1,0,1,9,-1]
  normalPerVertex TRUE
  normal DEF NORM_338 Normal { vector [
  0.95798951 0 0.28680323,0.90209999 0 0.43152706,
  0.77826678 0 0.62793377,0.61247701 0 0.7904884,
  0.41366844 0 0.9104276,0.1925589 0 0.98128542,
  0.11609291 0 0.99323836,0.11609291 0 0.99323836,
  0.95798951 0 0.28680323,0.93293998 0 0.36003192,
  0.82476339 0 0.56547798,0.67212359 0 0.74043898,
  0.48324943 0 0.87548272,0.26832317 0 0.96332895] }
}
}
DEF SHAPE_339 Shape {
 appearance USE APP_16
 geometry DEF FACE_339 IndexedFaceSet {
  coord DEF COORD_339 Coordinate { point [
  0.79006539 0.24606299 0.098843858,0.79006539 0.1476378 0.098843858,
  0.77664047 0.1476378 0.18832759,0.77664047 0.24606299 0.18832759] }
 coordIndex [
  3,1,0,-1,3,2,1,-1]
  normalPerVertex TRUE
  normal DEF NORM_339 Normal { vector [
  0.98893251 0 0.14836604,0.98893251 0 0.14836604,
  0.98893251 0 0.14836604,0.98893251 0 0.14836604] }
}
}
DEF SHAPE_340 Shape {
 appearance USE APP_16
 geometry DEF FACE_340 IndexedFaceSet {
  coord DEF COORD_340 Coordinate { point [
  0.8351378 0.24606299 0.061023622,0.8351378 0.1476378 0.061023622,
  0.82458303 0.1476378 0.062257297,0.81459728 0.1476378 0.065891813,
  0.80571887 0.1476378 0.071731234,0.79842645 0.1476378 0.079460753,
  0.79311314 0.1476378 0.088663672,0.79006539 0.1476378 0.098843858,
  0.79006539 0.24606299 0.098843858,0.82458303 0.24606299 0.062257297,
  0.81459728 0.24606299 0.065891813,0.80571887 0.24606299 0.071731234,
  0.79842645 0.24606299 0.079460753,0.79311314 0.24606299 0.088663672] }
 coordIndex [
  9,1,0,-1,9,2,1,-1,10,3,2,-1,10,2,9,-1,11,4,3,-1,11,3,10,-1,12,5,4,-1,12,4,11,-1,
  13,6,5,-1,13,5,12,-1,8,7,6,-1,8,6,13,-1]
  normalPerVertex TRUE
  normal DEF NORM_340 Normal { vector [
  0.11609291 0 0.99323836,0.11609291 0 0.99323836,
  0.26832317 0 0.96332895,0.48324943 0 0.87548272,
  0.67212359 0 0.74043898,0.82476339 0 0.56547798,
  0.93293998 0 0.36003192,0.95798951 0 0.28680323,
  0.95798951 0 0.28680323,0.1925589 0 0.98128542,
  0.41366844 0 0.9104276,0.61247701 0 0.7904884,
  0.77826678 0 0.62793377,0.90209999 0 0.43152706] }
}
}
DEF SHAPE_341 Shape {
 appearance USE APP_16
 geometry DEF FACE_341 IndexedFaceSet {
  coord DEF COORD_341 Coordinate { point [
  0.96456693 0.24606299 0.061023622,0.96456693 0.1476378 0.061023622,
  0.8351378 0.1476378 0.061023622,0.8351378 0.24606299 0.061023622] }
 coordIndex [
  3,1,0,-1,3,2,1,-1]
  normalPerVertex TRUE
  normal DEF NORM_341 Normal { vector [
  0 0 1,0 0 1,
  0 0 1,0 0 1] }
}
}
DEF SHAPE_342 Shape {
 appearance USE APP_16
 geometry DEF FACE_342 IndexedFaceSet {
  coord DEF COORD_342 Coordinate { point [
  0.96456693 0.24606299 0,0.96456693 0.1476378 0,
  0.96456693 0.1476378 0.061023622,0.96456693 0.24606299 0.061023622] }
 coordIndex [
  3,1,0,-1,3,2,1,-1]
  normalPerVertex TRUE
  normal DEF NORM_342 Normal { vector [
  1 0 0,1 0 0,
  1 0 0,1 0 0] }
}
}
DEF SHAPE_343 Shape {
 appearance USE APP_16
 geometry DEF FACE_343 IndexedFaceSet {
  coord DEF COORD_343 Coordinate { point [
  0.8351378 0.24606299 0,0.8351378 0.1476378 0,
  0.96456693 0.1476378 0,0.96456693 0.24606299 0] }
 coordIndex [
  3,1,0,-1,3,2,1,-1]
  normalPerVertex TRUE
  normal DEF NORM_343 Normal { vector [
  0 0 -1,0 0 -1,
  0 0 -1,0 0 -1] }
}
}
DEF SHAPE_344 Shape {
 appearance USE APP_16
 geometry DEF FACE_344 IndexedFaceSet {
  coord DEF COORD_344 Coordinate { point [
  0.72996886 0.24606299 0.088247217,0.73708027 0.24606299 0.06449345,
  0.74947799 0.24606299 0.043019973,0.76649365 0.24606299 0.024984427,
  0.78720993 0.24606299 0.011359113,0.81051002 0.24606299 0.0028785744,
  0.8351378 0.24606299 0,0.8351378 0.1476378 0,
  0.72996886 0.1476378 0.088247217,0.73708027 0.1476378 0.06449345,
  0.74947799 0.1476378 0.043019973,0.76649365 0.1476378 0.024984427,
  0.78720993 0.1476378 0.011359113,0.81051002 0.1476378 0.0028785744] }
 coordIndex [
  5,6,7,-1,5,7,13,-1,4,13,12,-1,4,5,13,-1,3,12,11,-1,3,4,12,-1,2,11,10,-1,2,3,11,-1,
  1,10,9,-1,1,2,10,-1,0,9,8,-1,0,1,9,-1]
  normalPerVertex TRUE
  normal DEF NORM_344 Normal { vector [
  -0.95798951 0 -0.28680323,-0.90209999 0 -0.43152706,
  -0.77826678 0 -0.62793377,-0.61247701 0 -0.7904884,
  -0.41366844 0 -0.9104276,-0.1925589 0 -0.98128542,
  -0.11609291 0 -0.99323836,-0.11609291 0 -0.99323836,
  -0.95798951 0 -0.28680323,-0.93293998 0 -0.36003192,
  -0.82476339 0 -0.56547798,-0.67212359 0 -0.74043898,
  -0.48324943 0 -0.87548272,-0.26832317 0 -0.96332895] }
}
}
DEF SHAPE_345 Shape {
 appearance USE APP_16
 geometry DEF FACE_345 IndexedFaceSet {
  coord DEF COORD_345 Coordinate { point [
  0.71654393 0.24606299 0.17773095,0.71654393 0.1476378 0.17773095,
  0.72996886 0.1476378 0.088247217,0.72996886 0.24606299 0.088247217] }
 coordIndex [
  3,1,0,-1,3,2,1,-1]
  normalPerVertex TRUE
  normal DEF NORM_345 Normal { vector [
  -0.98893251 0 -0.14836604,-0.98893251 0 -0.14836604,
  -0.98893251 0 -0.14836604,-0.98893251 0 -0.14836604] }
}
}
DEF SHAPE_346 Shape {
 appearance USE APP_16
 geometry DEF FACE_346 IndexedFaceSet {
  coord DEF COORD_346 Coordinate { point [
  0.77664047 0.049212598 0.18832759,0.76952906 0.049212598 0.21208135,
  0.75713134 0.049212598 0.23355483,0.74011568 0.049212598 0.25159038,
  0.71939939 0.049212598 0.26521569,0.69609931 0.049212598 0.27369623,
  0.67147153 0.049212598 0.2765748,0.67147153 -0.049212598 0.2765748,
  0.77664047 -0.049212598 0.18832759,0.76952906 -0.049212598 0.21208135,
  0.75713134 -0.049212598 0.23355483,0.74011568 -0.049212598 0.25159038,
  0.71939939 -0.049212598 0.26521569,0.69609931 -0.049212598 0.27369623] }
 coordIndex [
  5,6,7,-1,5,7,13,-1,4,13,12,-1,4,5,13,-1,3,12,11,-1,3,4,12,-1,2,11,10,-1,2,3,11,-1,
  1,10,9,-1,1,2,10,-1,0,9,8,-1,0,1,9,-1]
  normalPerVertex TRUE
  normal DEF NORM_346 Normal { vector [
  0.95798951 0 0.28680323,0.90209999 0 0.43152706,
  0.77826678 0 0.62793377,0.61247701 0 0.7904884,
  0.41366844 0 0.9104276,0.1925589 0 0.98128542,
  0.11609291 0 0.99323836,0.11609291 0 0.99323836,
  0.95798951 0 0.28680323,0.93293998 0 0.36003192,
  0.82476339 0 0.56547798,0.67212359 0 0.74043898,
  0.48324943 0 0.87548272,0.26832317 0 0.96332895] }
}
}
DEF SHAPE_347 Shape {
 appearance USE APP_16
 geometry DEF FACE_347 IndexedFaceSet {
  coord DEF COORD_347 Coordinate { point [
  0.79006539 0.049212598 0.098843858,0.79006539 -0.049212598 0.098843858,
  0.77664047 -0.049212598 0.18832759,0.77664047 0.049212598 0.18832759] }
 coordIndex [
  3,1,0,-1,3,2,1,-1]
  normalPerVertex TRUE
  normal DEF NORM_347 Normal { vector [
  0.98893251 0 0.14836604,0.98893251 0 0.14836604,
  0.98893251 0 0.14836604,0.98893251 0 0.14836604] }
}
}
DEF SHAPE_348 Shape {
 appearance USE APP_16
 geometry DEF FACE_348 IndexedFaceSet {
  coord DEF COORD_348 Coordinate { point [
  0.8351378 0.049212598 0.061023622,0.8351378 -0.049212598 0.061023622,
  0.82458303 -0.049212598 0.062257297,0.81459728 -0.049212598 0.065891813,
  0.80571887 -0.049212598 0.071731234,0.79842645 -0.049212598 0.079460753,
  0.79311314 -0.049212598 0.088663672,0.79006539 -0.049212598 0.098843858,
  0.79006539 0.049212598 0.098843858,0.82458303 0.049212598 0.062257297,
  0.81459728 0.049212598 0.065891813,0.80571887 0.049212598 0.071731234,
  0.79842645 0.049212598 0.079460753,0.79311314 0.049212598 0.088663672] }
 coordIndex [
  9,1,0,-1,9,2,1,-1,10,3,2,-1,10,2,9,-1,11,4,3,-1,11,3,10,-1,12,5,4,-1,12,4,11,-1,
  13,6,5,-1,13,5,12,-1,8,7,6,-1,8,6,13,-1]
  normalPerVertex TRUE
  normal DEF NORM_348 Normal { vector [
  0.11609291 0 0.99323836,0.11609291 0 0.99323836,
  0.26832317 0 0.96332895,0.48324943 0 0.87548272,
  0.67212359 0 0.74043898,0.82476339 0 0.56547798,
  0.93293998 0 0.36003192,0.95798951 0 0.28680323,
  0.95798951 0 0.28680323,0.1925589 0 0.98128542,
  0.41366844 0 0.9104276,0.61247701 0 0.7904884,
  0.77826678 0 0.62793377,0.90209999 0 0.43152706] }
}
}
DEF SHAPE_349 Shape {
 appearance USE APP_16
 geometry DEF FACE_349 IndexedFaceSet {
  coord DEF COORD_349 Coordinate { point [
  0.96456693 0.049212598 0.061023622,0.96456693 -0.049212598 0.061023622,
  0.8351378 -0.049212598 0.061023622,0.8351378 0.049212598 0.061023622] }
 coordIndex [
  3,1,0,-1,3,2,1,-1]
  normalPerVertex TRUE
  normal DEF NORM_349 Normal { vector [
  0 0 1,0 0 1,
  0 0 1,0 0 1] }
}
}
DEF SHAPE_350 Shape {
 appearance USE APP_16
 geometry DEF FACE_350 IndexedFaceSet {
  coord DEF COORD_350 Coordinate { point [
  0.96456693 0.049212598 0,0.96456693 -0.049212598 0,
  0.96456693 -0.049212598 0.061023622,0.96456693 0.049212598 0.061023622] }
 coordIndex [
  3,1,0,-1,3,2,1,-1]
  normalPerVertex TRUE
  normal DEF NORM_350 Normal { vector [
  1 0 0,1 0 0,
  1 0 0,1 0 0] }
}
}
DEF SHAPE_351 Shape {
 appearance USE APP_16
 geometry DEF FACE_351 IndexedFaceSet {
  coord DEF COORD_351 Coordinate { point [
  0.8351378 0.049212598 0,0.8351378 -0.049212598 0,
  0.96456693 -0.049212598 0,0.96456693 0.049212598 0] }
 coordIndex [
  3,1,0,-1,3,2,1,-1]
  normalPerVertex TRUE
  normal DEF NORM_351 Normal { vector [
  0 0 -1,0 0 -1,
  0 0 -1,0 0 -1] }
}
}
DEF SHAPE_352 Shape {
 appearance USE APP_16
 geometry DEF FACE_352 IndexedFaceSet {
  coord DEF COORD_352 Coordinate { point [
  0.72996886 0.049212598 0.088247217,0.73708027 0.049212598 0.06449345,
  0.74947799 0.049212598 0.043019973,0.76649365 0.049212598 0.024984427,
  0.78720993 0.049212598 0.011359113,0.81051002 0.049212598 0.0028785744,
  0.8351378 0.049212598 0,0.8351378 -0.049212598 0,
  0.72996886 -0.049212598 0.088247217,0.73708027 -0.049212598 0.06449345,
  0.74947799 -0.049212598 0.043019973,0.76649365 -0.049212598 0.024984427,
  0.78720993 -0.049212598 0.011359113,0.81051002 -0.049212598 0.0028785744] }
 coordIndex [
  5,6,7,-1,5,7,13,-1,4,13,12,-1,4,5,13,-1,3,12,11,-1,3,4,12,-1,2,11,10,-1,2,3,11,-1,
  1,10,9,-1,1,2,10,-1,0,9,8,-1,0,1,9,-1]
  normalPerVertex TRUE
  normal DEF NORM_352 Normal { vector [
  -0.95798951 0 -0.28680323,-0.90209999 0 -0.43152706,
  -0.77826678 0 -0.62793377,-0.61247701 0 -0.7904884,
  -0.41366844 0 -0.9104276,-0.1925589 0 -0.98128542,
  -0.11609291 0 -0.99323836,-0.11609291 0 -0.99323836,
  -0.95798951 0 -0.28680323,-0.93293998 0 -0.36003192,
  -0.82476339 0 -0.56547798,-0.67212359 0 -0.74043898,
  -0.48324943 0 -0.87548272,-0.26832317 0 -0.96332895] }
}
}
DEF SHAPE_353 Shape {
 appearance USE APP_16
 geometry DEF FACE_353 IndexedFaceSet {
  coord DEF COORD_353 Coordinate { point [
  0.71654393 0.049212598 0.17773095,0.71654393 -0.049212598 0.17773095,
  0.72996886 -0.049212598 0.088247217,0.72996886 0.049212598 0.088247217] }
 coordIndex [
  3,1,0,-1,3,2,1,-1]
  normalPerVertex TRUE
  normal DEF NORM_353 Normal { vector [
  -0.98893251 0 -0.14836604,-0.98893251 0 -0.14836604,
  -0.98893251 0 -0.14836604,-0.98893251 0 -0.14836604] }
}
}
DEF SHAPE_354 Shape {
 appearance USE APP_16
 geometry DEF FACE_354 IndexedFaceSet {
  coord DEF COORD_354 Coordinate { point [
  0.77664047 -0.1476378 0.18832759,0.76952906 -0.1476378 0.21208135,
  0.75713134 -0.1476378 0.23355483,0.74011568 -0.1476378 0.25159038,
  0.71939939 -0.1476378 0.26521569,0.69609931 -0.1476378 0.27369623,
  0.67147153 -0.1476378 0.2765748,0.67147153 -0.24606299 0.2765748,
  0.77664047 -0.24606299 0.18832759,0.76952906 -0.24606299 0.21208135,
  0.75713134 -0.24606299 0.23355483,0.74011568 -0.24606299 0.25159038,
  0.71939939 -0.24606299 0.26521569,0.69609931 -0.24606299 0.27369623] }
 coordIndex [
  5,6,7,-1,5,7,13,-1,4,13,12,-1,4,5,13,-1,3,12,11,-1,3,4,12,-1,2,11,10,-1,2,3,11,-1,
  1,10,9,-1,1,2,10,-1,0,9,8,-1,0,1,9,-1]
  normalPerVertex TRUE
  normal DEF NORM_354 Normal { vector [
  0.95798951 0 0.28680323,0.90209999 0 0.43152706,
  0.77826678 0 0.62793377,0.61247701 0 0.7904884,
  0.41366844 0 0.9104276,0.1925589 0 0.98128542,
  0.11609291 0 0.99323836,0.11609291 0 0.99323836,
  0.95798951 0 0.28680323,0.93293998 0 0.36003192,
  0.82476339 0 0.56547798,0.67212359 0 0.74043898,
  0.48324943 0 0.87548272,0.26832317 0 0.96332895] }
}
}
DEF SHAPE_355 Shape {
 appearance USE APP_16
 geometry DEF FACE_355 IndexedFaceSet {
  coord DEF COORD_355 Coordinate { point [
  0.79006539 -0.1476378 0.098843858,0.79006539 -0.24606299 0.098843858,
  0.77664047 -0.24606299 0.18832759,0.77664047 -0.1476378 0.18832759] }
 coordIndex [
  3,1,0,-1,3,2,1,-1]
  normalPerVertex TRUE
  normal DEF NORM_355 Normal { vector [
  0.98893251 0 0.14836604,0.98893251 0 0.14836604,
  0.98893251 0 0.14836604,0.98893251 0 0.14836604] }
}
}
DEF SHAPE_356 Shape {
 appearance USE APP_16
 geometry DEF FACE_356 IndexedFaceSet {
  coord DEF COORD_356 Coordinate { point [
  0.8351378 -0.1476378 0.061023622,0.8351378 -0.24606299 0.061023622,
  0.82458303 -0.24606299 0.062257297,0.81459728 -0.24606299 0.065891813,
  0.80571887 -0.24606299 0.071731234,0.79842645 -0.24606299 0.079460753,
  0.79311314 -0.24606299 0.088663672,0.79006539 -0.24606299 0.098843858,
  0.79006539 -0.1476378 0.098843858,0.82458303 -0.1476378 0.062257297,
  0.81459728 -0.1476378 0.065891813,0.80571887 -0.1476378 0.071731234,
  0.79842645 -0.1476378 0.079460753,0.79311314 -0.1476378 0.088663672] }
 coordIndex [
  9,1,0,-1,9,2,1,-1,10,3,2,-1,10,2,9,-1,11,4,3,-1,11,3,10,-1,12,5,4,-1,12,4,11,-1,
  13,6,5,-1,13,5,12,-1,8,7,6,-1,8,6,13,-1]
  normalPerVertex TRUE
  normal DEF NORM_356 Normal { vector [
  0.11609291 0 0.99323836,0.11609291 0 0.99323836,
  0.26832317 0 0.96332895,0.48324943 0 0.87548272,
  0.67212359 0 0.74043898,0.82476339 0 0.56547798,
  0.93293998 0 0.36003192,0.95798951 0 0.28680323,
  0.95798951 0 0.28680323,0.1925589 0 0.98128542,
  0.41366844 0 0.9104276,0.61247701 0 0.7904884,
  0.77826678 0 0.62793377,0.90209999 0 0.43152706] }
}
}
DEF SHAPE_357 Shape {
 appearance USE APP_16
 geometry DEF FACE_357 IndexedFaceSet {
  coord DEF COORD_357 Coordinate { point [
  0.96456693 -0.1476378 0.061023622,0.96456693 -0.24606299 0.061023622,
  0.8351378 -0.24606299 0.061023622,0.8351378 -0.1476378 0.061023622] }
 coordIndex [
  3,1,0,-1,3,2,1,-1]
  normalPerVertex TRUE
  normal DEF NORM_357 Normal { vector [
  0 0 1,0 0 1,
  0 0 1,0 0 1] }
}
}
DEF SHAPE_358 Shape {
 appearance USE APP_16
 geometry DEF FACE_358 IndexedFaceSet {
  coord DEF COORD_358 Coordinate { point [
  0.96456693 -0.1476378 0,0.96456693 -0.24606299 0,
  0.96456693 -0.24606299 0.061023622,0.96456693 -0.1476378 0.061023622] }
 coordIndex [
  3,1,0,-1,3,2,1,-1]
  normalPerVertex TRUE
  normal DEF NORM_358 Normal { vector [
  1 0 0,1 0 0,
  1 0 0,1 0 0] }
}
}
DEF SHAPE_359 Shape {
 appearance USE APP_16
 geometry DEF FACE_359 IndexedFaceSet {
  coord DEF COORD_359 Coordinate { point [
  0.8351378 -0.1476378 0,0.8351378 -0.24606299 0,
  0.96456693 -0.24606299 0,0.96456693 -0.1476378 0] }
 coordIndex [
  3,1,0,-1,3,2,1,-1]
  normalPerVertex TRUE
  normal DEF NORM_359 Normal { vector [
  0 0 -1,0 0 -1,
  0 0 -1,0 0 -1] }
}
}
DEF SHAPE_360 Shape {
 appearance USE APP_16
 geometry DEF FACE_360 IndexedFaceSet {
  coord DEF COORD_360 Coordinate { point [
  0.72996886 -0.1476378 0.088247217,0.73708027 -0.1476378 0.06449345,
  0.74947799 -0.1476378 0.043019973,0.76649365 -0.1476378 0.024984427,
  0.78720993 -0.1476378 0.011359113,0.81051002 -0.1476378 0.0028785744,
  0.8351378 -0.1476378 0,0.8351378 -0.24606299 0,
  0.72996886 -0.24606299 0.088247217,0.73708027 -0.24606299 0.06449345,
  0.74947799 -0.24606299 0.043019973,0.76649365 -0.24606299 0.024984427,
  0.78720993 -0.24606299 0.011359113,0.81051002 -0.24606299 0.0028785744] }
 coordIndex [
  5,6,7,-1,5,7,13,-1,4,13,12,-1,4,5,13,-1,3,12,11,-1,3,4,12,-1,2,11,10,-1,2,3,11,-1,
  1,10,9,-1,1,2,10,-1,0,9,8,-1,0,1,9,-1]
  normalPerVertex TRUE
  normal DEF NORM_360 Normal { vector [
  -0.95798951 0 -0.28680323,-0.90209999 0 -0.43152706,
  -0.77826678 0 -0.62793377,-0.61247701 0 -0.7904884,
  -0.41366844 0 -0.9104276,-0.1925589 0 -0.98128542,
  -0.11609291 0 -0.99323836,-0.11609291 0 -0.99323836,
  -0.95798951 0 -0.28680323,-0.93293998 0 -0.36003192,
  -0.82476339 0 -0.56547798,-0.67212359 0 -0.74043898,
  -0.48324943 0 -0.87548272,-0.26832317 0 -0.96332895] }
}
}
DEF SHAPE_361 Shape {
 appearance USE APP_16
 geometry DEF FACE_361 IndexedFaceSet {
  coord DEF COORD_361 Coordinate { point [
  0.71654393 -0.1476378 0.17773095,0.71654393 -0.24606299 0.17773095,
  0.72996886 -0.24606299 0.088247217,0.72996886 -0.1476378 0.088247217] }
 coordIndex [
  3,1,0,-1,3,2,1,-1]
  normalPerVertex TRUE
  normal DEF NORM_361 Normal { vector [
  -0.98893251 0 -0.14836604,-0.98893251 0 -0.14836604,
  -0.98893251 0 -0.14836604,-0.98893251 0 -0.14836604] }
}
}
DEF SHAPE_362 Shape {
 appearance USE APP_16
 geometry DEF FACE_362 IndexedFaceSet {
  coord DEF COORD_362 Coordinate { point [
  0.77664047 -0.34448819 0.18832759,0.76952906 -0.34448819 0.21208135,
  0.75713134 -0.34448819 0.23355483,0.74011568 -0.34448819 0.25159038,
  0.71939939 -0.34448819 0.26521569,0.69609931 -0.34448819 0.27369623,
  0.67147153 -0.34448819 0.2765748,0.67147153 -0.44291339 0.2765748,
  0.77664047 -0.44291339 0.18832759,0.76952906 -0.44291339 0.21208135,
  0.75713134 -0.44291339 0.23355483,0.74011568 -0.44291339 0.25159038,
  0.71939939 -0.44291339 0.26521569,0.69609931 -0.44291339 0.27369623] }
 coordIndex [
  5,6,7,-1,5,7,13,-1,4,13,12,-1,4,5,13,-1,3,12,11,-1,3,4,12,-1,2,11,10,-1,2,3,11,-1,
  1,10,9,-1,1,2,10,-1,0,9,8,-1,0,1,9,-1]
  normalPerVertex TRUE
  normal DEF NORM_362 Normal { vector [
  0.95798951 0 0.28680323,0.90209999 0 0.43152706,
  0.77826678 0 0.62793377,0.61247701 0 0.7904884,
  0.41366844 0 0.9104276,0.1925589 0 0.98128542,
  0.11609291 0 0.99323836,0.11609291 0 0.99323836,
  0.95798951 0 0.28680323,0.93293998 0 0.36003192,
  0.82476339 0 0.56547798,0.67212359 0 0.74043898,
  0.48324943 0 0.87548272,0.26832317 0 0.96332895] }
}
}
DEF SHAPE_363 Shape {
 appearance USE APP_16
 geometry DEF FACE_363 IndexedFaceSet {
  coord DEF COORD_363 Coordinate { point [
  0.79006539 -0.34448819 0.098843858,0.79006539 -0.44291339 0.098843858,
  0.77664047 -0.44291339 0.18832759,0.77664047 -0.34448819 0.18832759] }
 coordIndex [
  3,1,0,-1,3,2,1,-1]
  normalPerVertex TRUE
  normal DEF NORM_363 Normal { vector [
  0.98893251 0 0.14836604,0.98893251 0 0.14836604,
  0.98893251 0 0.14836604,0.98893251 0 0.14836604] }
}
}
DEF SHAPE_364 Shape {
 appearance USE APP_16
 geometry DEF FACE_364 IndexedFaceSet {
  coord DEF COORD_364 Coordinate { point [
  0.8351378 -0.34448819 0.061023622,0.8351378 -0.44291339 0.061023622,
  0.82458303 -0.44291339 0.062257297,0.81459728 -0.44291339 0.065891813,
  0.80571887 -0.44291339 0.071731234,0.79842645 -0.44291339 0.079460753,
  0.79311314 -0.44291339 0.088663672,0.79006539 -0.44291339 0.098843858,
  0.79006539 -0.34448819 0.098843858,0.82458303 -0.34448819 0.062257297,
  0.81459728 -0.34448819 0.065891813,0.80571887 -0.34448819 0.071731234,
  0.79842645 -0.34448819 0.079460753,0.79311314 -0.34448819 0.088663672] }
 coordIndex [
  9,1,0,-1,9,2,1,-1,10,3,2,-1,10,2,9,-1,11,4,3,-1,11,3,10,-1,12,5,4,-1,12,4,11,-1,
  13,6,5,-1,13,5,12,-1,8,7,6,-1,8,6,13,-1]
  normalPerVertex TRUE
  normal DEF NORM_364 Normal { vector [
  0.11609291 0 0.99323836,0.11609291 0 0.99323836,
  0.26832317 0 0.96332895,0.48324943 0 0.87548272,
  0.67212359 0 0.74043898,0.82476339 0 0.56547798,
  0.93293998 0 0.36003192,0.95798951 0 0.28680323,
  0.95798951 0 0.28680323,0.1925589 0 0.98128542,
  0.41366844 0 0.9104276,0.61247701 0 0.7904884,
  0.77826678 0 0.62793377,0.90209999 0 0.43152706] }
}
}
DEF SHAPE_365 Shape {
 appearance USE APP_16
 geometry DEF FACE_365 IndexedFaceSet {
  coord DEF COORD_365 Coordinate { point [
  0.96456693 -0.34448819 0.061023622,0.96456693 -0.44291339 0.061023622,
  0.8351378 -0.44291339 0.061023622,0.8351378 -0.34448819 0.061023622] }
 coordIndex [
  3,1,0,-1,3,2,1,-1]
  normalPerVertex TRUE
  normal DEF NORM_365 Normal { vector [
  0 0 1,0 0 1,
  0 0 1,0 0 1] }
}
}
DEF SHAPE_366 Shape {
 appearance USE APP_16
 geometry DEF FACE_366 IndexedFaceSet {
  coord DEF COORD_366 Coordinate { point [
  0.96456693 -0.34448819 0,0.96456693 -0.44291339 0,
  0.96456693 -0.44291339 0.061023622,0.96456693 -0.34448819 0.061023622] }
 coordIndex [
  3,1,0,-1,3,2,1,-1]
  normalPerVertex TRUE
  normal DEF NORM_366 Normal { vector [
  1 0 0,1 0 0,
  1 0 0,1 0 0] }
}
}
DEF SHAPE_367 Shape {
 appearance USE APP_16
 geometry DEF FACE_367 IndexedFaceSet {
  coord DEF COORD_367 Coordinate { point [
  0.8351378 -0.34448819 0,0.8351378 -0.44291339 0,
  0.96456693 -0.44291339 0,0.96456693 -0.34448819 0] }
 coordIndex [
  3,1,0,-1,3,2,1,-1]
  normalPerVertex TRUE
  normal DEF NORM_367 Normal { vector [
  0 0 -1,0 0 -1,
  0 0 -1,0 0 -1] }
}
}
DEF SHAPE_368 Shape {
 appearance USE APP_16
 geometry DEF FACE_368 IndexedFaceSet {
  coord DEF COORD_368 Coordinate { point [
  0.72996886 -0.34448819 0.088247217,0.73708027 -0.34448819 0.06449345,
  0.74947799 -0.34448819 0.043019973,0.76649365 -0.34448819 0.024984427,
  0.78720993 -0.34448819 0.011359113,0.81051002 -0.34448819 0.0028785744,
  0.8351378 -0.34448819 0,0.8351378 -0.44291339 0,
  0.72996886 -0.44291339 0.088247217,0.73708027 -0.44291339 0.06449345,
  0.74947799 -0.44291339 0.043019973,0.76649365 -0.44291339 0.024984427,
  0.78720993 -0.44291339 0.011359113,0.81051002 -0.44291339 0.0028785744] }
 coordIndex [
  5,6,7,-1,5,7,13,-1,4,13,12,-1,4,5,13,-1,3,12,11,-1,3,4,12,-1,2,11,10,-1,2,3,11,-1,
  1,10,9,-1,1,2,10,-1,0,9,8,-1,0,1,9,-1]
  normalPerVertex TRUE
  normal DEF NORM_368 Normal { vector [
  -0.95798951 0 -0.28680323,-0.90209999 0 -0.43152706,
  -0.77826678 0 -0.62793377,-0.61247701 0 -0.7904884,
  -0.41366844 0 -0.9104276,-0.1925589 0 -0.98128542,
  -0.11609291 0 -0.99323836,-0.11609291 0 -0.99323836,
  -0.95798951 0 -0.28680323,-0.93293998 0 -0.36003192,
  -0.82476339 0 -0.56547798,-0.67212359 0 -0.74043898,
  -0.48324943 0 -0.87548272,-0.26832317 0 -0.96332895] }
}
}
DEF SHAPE_369 Shape {
 appearance USE APP_16
 geometry DEF FACE_369 IndexedFaceSet {
  coord DEF COORD_369 Coordinate { point [
  0.71654393 -0.34448819 0.17773095,0.71654393 -0.44291339 0.17773095,
  0.72996886 -0.44291339 0.088247217,0.72996886 -0.34448819 0.088247217] }
 coordIndex [
  3,1,0,-1,3,2,1,-1]
  normalPerVertex TRUE
  normal DEF NORM_369 Normal { vector [
  -0.98893251 0 -0.14836604,-0.98893251 0 -0.14836604,
  -0.98893251 0 -0.14836604,-0.98893251 0 -0.14836604] }
}
}
DEF SHAPE_370 Shape {
 appearance DEF APP_17 Appearance {
  material Material {
   ambientIntensity 0.1503807
   diffuseColor 0.69099998 0.66400003 0.59799999
   emissiveColor 0 0 0
   shininess 0.1
   specularColor 0.12 0.12 0.12
   transparency 0
} }
 geometry DEF FACE_370 IndexedFaceSet {
  coord DEF COORD_370 Coordinate { point [
  -0.37438465 0.43068032 0.43307087,-0.37630288 0.44525071 0.43307087,
  -0.38192684 0.45882816 0.43307087,-0.39087327 0.47048737 0.43307087,
  -0.40253249 0.4794338 0.43307087,-0.41610993 0.48505776 0.43307087,
  -0.43068032 0.48697599 0.43307087,-0.44525071 0.48505776 0.43307087,
  -0.45882816 0.4794338 0.43307087,-0.47048737 0.47048737 0.43307087,
  -0.4794338 0.45882816 0.43307087,-0.48505776 0.44525071 0.43307087,
  -0.48697599 0.43068032 0.43307087,-0.48505776 0.41610993 0.43307087,
  -0.4794338 0.40253249 0.43307087,-0.47048737 0.39087327 0.43307087,
  -0.45882816 0.38192684 0.43307087,-0.44525071 0.37630288 0.43307087,
  -0.43068032 0.37438465 0.43307087,-0.41610993 0.37630288 0.43307087,
  -0.40253249 0.38192684 0.43307087,-0.39087327 0.39087327 0.43307087,
  -0.38192684 0.40253249 0.43307087,-0.37630288 0.41610993 0.43307087] }
 coordIndex [
  3,0,1,-1,3,1,2,-1,3,4,5,-1,3,5,6,-1,3,6,7,-1,3,7,8,-1,3,8,9,-1,3,9,10,-1,
  3,10,11,-1,3,11,12,-1,3,12,13,-1,3,13,14,-1,3,14,15,-1,3,15,16,-1,3,16,17,-1,3,17,18,-1,
  3,18,19,-1,3,19,20,-1,3,20,21,-1,3,21,22,-1,3,22,23,-1,3,23,0,-1]
  normalPerVertex TRUE
  normal DEF NORM_370 Normal { vector [
  0 0 1,0 0 1,
  0 0 1,0 0 1,
  0 0 1,0 0 1,
  0 0 1,0 0 1,
  0 0 1,0 0 1,
  0 0 1,0 0 1,
  0 0 1,0 0 1,
  0 0 1,0 0 1,
  0 0 1,0 0 1,
  0 0 1,0 0 1,
  0 0 1,0 0 1,
  0 0 1,0 0 1] }
}
}
] }
] }
] }
] }
DEF TXFM_29 Transform {
  center 0 0 0
  rotation 0 0.70710678 0.70710678 3.1415927
  scale 1 1 1
  scaleOrientation 0 0 1 0
  translation 5.1180783 2.4204043 0.31496063
 children [
USE TXFM_15
] }
DEF TXFM_30 Transform {
  center 0 0 0
  rotation 0.57735027 -0.57735027 -0.57735027 2.0943951
  scale 1 1 1
  scaleOrientation 0 0 1 0
  translation 3.1890071 2.1653224 0.31496063
 children [
USE TXFM_15
] }
DEF TXFM_31 Transform {
  center 0 0 0
  rotation 0 0 1 0
  scale 1 1 1
  scaleOrientation 0 0 1 0
  translation 0 0 0
 children [
DEF SHAPE_371 Shape {
 appearance DEF APP_18 Appearance {
  material Material {
   ambientIntensity 1
   diffuseColor 0 0 0
   emissiveColor 0 0 0
   shininess 0.0099999998
   specularColor 0.1 0.1 0.1
   transparency 0
} }
 geometry DEF FACE_371 IndexedFaceSet {
  coord DEF COORD_371 Coordinate { point [
  1.3618292 0.27610355 0.31003937,1.372084 0.29386541 0.31003937,
  1.3877953 0.30704874 0.31003937,1.407068 0.31406345 0.31003937,
  1.4275776 0.31406345 0.31003937,1.4468504 0.30704874 0.31003937,
  1.4625617 0.29386541 0.31003937,1.4728165 0.27610355 0.31003937,
  1.476378 0.25590551 0.31003937,1.4728165 0.23570747 0.31003937,
  1.4625617 0.21794561 0.31003937,1.4468504 0.20476228 0.31003937,
  1.4275776 0.19774757 0.31003937,1.407068 0.19774757 0.31003937,
  1.3877953 0.20476228 0.31003937,1.372084 0.21794561 0.31003937,
  1.3618292 0.23570747 0.31003937,1.3582677 0.25590551 0.31003937,
  0.37401575 3.5629921 0.31003937,0.37045429 3.5427941 0.31003937,
  0.36019947 3.5250322 0.31003937,0.34448819 3.5118489 0.31003937,
  0.32521544 3.5048342 0.31003937,0.30470582 3.5048342 0.31003937,
  0.28543307 3.5118489 0.31003937,0.26972178 3.5250322 0.31003937,
  0.25946697 3.5427941 0.31003937,0.25590551 3.5629921 0.31003937,
  0.25946697 3.5831902 0.31003937,0.26972178 3.600952 0.31003937,
  0.28543307 3.6141354 0.31003937,0.30470582 3.6211501 0.31003937,
  0.32521544 3.6211501 0.31003937,0.34448819 3.6141354 0.31003937,
  0.36019947 3.600952 0.31003937,0.37045429 3.5831902 0.31003937,
  1.0826772 2.1456693 0.31003937,1.0862386 2.1658673 0.31003937,
  1.0964934 2.1836292 0.31003937,1.1122047 2.1968125 0.31003937,
  1.1314775 2.2038272 0.31003937,1.1519871 2.2038272 0.31003937,
  1.1712598 2.1968125 0.31003937,1.1869711 2.1836292 0.31003937,
  1.1972259 2.1658673 0.31003937,1.2007874 2.1456693 0.31003937,
  1.1972259 2.1254713 0.31003937,1.1869711 2.1077094 0.31003937,
  1.1712598 2.0945261 0.31003937,1.1519871 2.0875114 0.31003937,
  1.1314775 2.0875114 0.31003937,1.1122047 2.0945261 0.31003937,
  1.0964934 2.1077094 0.31003937,1.0862386 2.1254713 0.31003937,
  1.2401575 1.0826772 0.31003937,1.2437189 1.1028752 0.31003937,
  1.2539738 1.1206371 0.31003937,1.269685 1.1338204 0.31003937,
  1.2889578 1.1408351 0.31003937,1.3094674 1.1408351 0.31003937,
  1.3287402 1.1338204 0.31003937,1.3444514 1.1206371 0.31003937,
  1.3547063 1.1028752 0.31003937,1.3582677 1.0826772 0.31003937,
  1.3547063 1.0624791 0.31003937,1.3444514 1.0447173 0.31003937,
  1.3287402 1.0315339 0.31003937,1.3094674 1.0245192 0.31003937,
  1.2889578 1.0245192 0.31003937,1.269685 1.0315339 0.31003937,
  1.2539738 1.0447173 0.31003937,1.2437189 1.0624791 0.31003937,
  0.21653543 2.2244094 0.31003937,0.22009689 2.2446075 0.31003937,
  0.23035171 2.2623693 0.31003937,0.24606299 2.2755527 0.31003937,
  0.26533574 2.2825674 0.31003937,0.28584536 2.2825674 0.31003937,
  0.30511811 2.2755527 0.31003937,0.3208294 2.2623693 0.31003937,
  0.33108421 2.2446075 0.31003937,0.33464567 2.2244094 0.31003937,
  0.33108421 2.2042114 0.31003937,0.3208294 2.1864496 0.31003937,
  0.30511811 2.1732662 0.31003937,0.28584536 2.1662515 0.31003937,
  0.26533574 2.1662515 0.31003937,0.24606299 2.1732662 0.31003937,
  0.23035171 2.1864496 0.31003937,0.22009689 2.2042114 0.31003937,
  0.086614173 1.1181102 0.31003937,0.09125932 1.141463 0.31003937,
  0.10448758 1.1612605 0.31003937,0.12428507 1.1744887 0.31003937,
  0.1476378 1.1791339 0.31003937,0.17099052 1.1744887 0.31003937,
  0.19078801 1.1612605 0.31003937,0.20401627 1.141463 0.31003937,
  0.20866142 1.1181102 0.31003937,0.20401627 1.0947575 0.31003937,
  0.19078801 1.07496 0.31003937,0.17099052 1.0617318 0.31003937,
  0.1476378 1.0570866 0.31003937,0.12428507 1.0617318 0.31003937,
  0.10448758 1.07496 0.31003937,0.09125932 1.0947575 0.31003937,
  0 3.8582677 0.31003937,0 0 0.31003937,
  5.984252 0 0.31003937,5.984252 3.8582677 0.31003937,
  0.086614173 0.72440945 0.31003937,0.09125932 0.74776218 0.31003937,
  0.10448758 0.76755967 0.31003937,0.12428507 0.78078792 0.31003937,
  0.1476378 0.78543307 0.31003937,0.17099052 0.78078792 0.31003937,
  0.19078801 0.76755967 0.31003937,0.20401627 0.74776218 0.31003937,
  0.20866142 0.72440945 0.31003937,0.20401627 0.70105672 0.31003937,
  0.19078801 0.68125923 0.31003937,0.17099052 0.66803097 0.31003937,
  0.1476378 0.66338583 0.31003937,0.12428507 0.66803097 0.31003937,
  0.10448758 0.68125923 0.31003937,0.09125932 0.70105672 0.31003937,
  5.8877953 3.6614173 0.31003937,5.8831501 3.6380646 0.31003937,
  5.8699219 3.6182671 0.31003937,5.8501244 3.6050388 0.31003937,
  5.8267717 3.6003937 0.31003937,5.8034189 3.6050388 0.31003937,
  5.7836214 3.6182671 0.31003937,5.7703932 3.6380646 0.31003937,
  5.765748 3.6614173 0.31003937,5.7703932 3.6847701 0.31003937,
  5.7836214 3.7045675 0.31003937,5.8034189 3.7177958 0.31003937,
  5.8267717 3.7224409 0.31003937,5.8501244 3.7177958 0.31003937,
  5.8699219 3.7045675 0.31003937,5.8831501 3.6847701 0.31003937,
  5.8877953 3.1889764 0.31003937,5.8831501 3.1656236 0.31003937,
  5.8699219 3.1458262 0.31003937,5.8501244 3.1325979 0.31003937,
  5.8267717 3.1279528 0.31003937,5.8034189 3.1325979 0.31003937,
  5.7836214 3.1458262 0.31003937,5.7703932 3.1656236 0.31003937,
  5.765748 3.1889764 0.31003937,5.7703932 3.2123291 0.31003937,
  5.7836214 3.2321266 0.31003937,5.8034189 3.2453549 0.31003937,
  5.8267717 3.25 0.31003937,5.8501244 3.2453549 0.31003937,
  5.8699219 3.2321266 0.31003937,5.8831501 3.2123291 0.31003937,
  5.8877953 2.7165354 0.31003937,5.8831501 2.6931827 0.31003937,
  5.8699219 2.6733852 0.31003937,5.8501244 2.660157 0.31003937,
  5.8267717 2.6555118 0.31003937,5.8034189 2.660157 0.31003937,
  5.7836214 2.6733852 0.31003937,5.7703932 2.6931827 0.31003937,
  5.765748 2.7165354 0.31003937,5.7703932 2.7398882 0.31003937,
  5.7836214 2.7596857 0.31003937,5.8034189 2.7729139 0.31003937,
  5.8267717 2.7775591 0.31003937,5.8501244 2.7729139 0.31003937,
  5.8699219 2.7596857 0.31003937,5.8831501 2.7398882 0.31003937,
  5.8877953 2.2440945 0.31003937,5.8831501 2.2207418 0.31003937,
  5.8699219 2.2009443 0.31003937,5.8501244 2.187716 0.31003937,
  5.8267717 2.1830709 0.31003937,5.8034189 2.187716 0.31003937,
  5.7836214 2.2009443 0.31003937,5.7703932 2.2207418 0.31003937,
  5.765748 2.2440945 0.31003937,5.7703932 2.2674472 0.31003937,
  5.7836214 2.2872447 0.31003937,5.8034189 2.300473 0.31003937,
  5.8267717 2.3051181 0.31003937,5.8501244 2.300473 0.31003937,
  5.8699219 2.2872447 0.31003937,5.8831501 2.2674472 0.31003937,
  0.21653543 0.25590551 0.31003937,0.22009689 0.27610355 0.31003937,
  0.23035171 0.29386541 0.31003937,0.24606299 0.30704874 0.31003937,
  0.26533574 0.31406345 0.31003937,0.28584536 0.31406345 0.31003937,
  0.30511811 0.30704874 0.31003937,0.3208294 0.29386541 0.31003937,
  0.33108421 0.27610355 0.31003937,0.33464567 0.25590551 0.31003937,
  0.33108421 0.23570747 0.31003937,0.3208294 0.21794561 0.31003937,
  0.30511811 0.20476228 0.31003937,0.28584536 0.19774757 0.31003937,
  0.26533574 0.19774757 0.31003937,0.24606299 0.20476228 0.31003937,
  0.23035171 0.21794561 0.31003937,0.22009689 0.23570747 0.31003937,
  5.6496063 1.8700787 0.31003937,5.6531678 1.8902768 0.31003937,
  5.6634226 1.9080386 0.31003937,5.6791339 1.921222 0.31003937,
  5.6984066 1.9282367 0.31003937,5.7189162 1.9282367 0.31003937,
  5.738189 1.921222 0.31003937,5.7539003 1.9080386 0.31003937,
  5.7641551 1.8902768 0.31003937,5.7677165 1.8700787 0.31003937,
  5.7641551 1.8498807 0.31003937,5.7539003 1.8321188 0.31003937,
  5.738189 1.8189355 0.31003937,5.7189162 1.8119208 0.31003937,
  5.6984066 1.8119208 0.31003937,5.6791339 1.8189355 0.31003937,
  5.6634226 1.8321188 0.31003937,5.6531678 1.8498807 0.31003937,
  5.3772272 2.7378264 0.31003937,5.3807886 2.7580244 0.31003937,
  5.3910434 2.7757863 0.31003937,5.4067547 2.7889696 0.31003937,
  5.4260275 2.7959843 0.31003937,5.4465371 2.7959843 0.31003937,
  5.4658098 2.7889696 0.31003937,5.4815211 2.7757863 0.31003937,
  5.4917759 2.7580244 0.31003937,5.4953374 2.7378264 0.31003937,
  5.4917759 2.7176283 0.31003937,5.4815211 2.6998665 0.31003937,
  5.4658098 2.6866831 0.31003937,5.4465371 2.6796684 0.31003937,
  5.4260275 2.6796684 0.31003937,5.4067547 2.6866831 0.31003937,
  5.3910434 2.6998665 0.31003937,5.3807886 2.7176283 0.31003937,
  4.7440945 3.5629921 0.31003937,4.7476559 3.5831902 0.31003937,
  4.7579108 3.600952 0.31003937,4.773622 3.6141354 0.31003937,
  4.7928948 3.6211501 0.31003937,4.8134044 3.6211501 0.31003937,
  4.8326772 3.6141354 0.31003937,4.8483885 3.600952 0.31003937,
  4.8586433 3.5831902 0.31003937,4.8622047 3.5629921 0.31003937,
  4.8586433 3.5427941 0.31003937,4.8483885 3.5250322 0.31003937,
  4.8326772 3.5118489 0.31003937,4.8134044 3.5048342 0.31003937,
  4.7928948 3.5048342 0.31003937,4.773622 3.5118489 0.31003937,
  4.7579108 3.5250322 0.31003937,4.7476559 3.5427941 0.31003937,
  4.3503937 1.476378 0.31003937,4.3539552 1.496576 0.31003937,
  4.36421 1.5143379 0.31003937,4.3799213 1.5275212 0.31003937,
  4.399194 1.5345359 0.31003937,4.4197036 1.5345359 0.31003937,
  4.4389764 1.5275212 0.31003937,4.4546877 1.5143379 0.31003937,
  4.4649425 1.496576 0.31003937,4.4685039 1.476378 0.31003937,
  4.4649425 1.4561799 0.31003937,4.4546877 1.4384181 0.31003937,
  4.4389764 1.4252347 0.31003937,4.4197036 1.41822 0.31003937,
  4.399194 1.41822 0.31003937,4.3799213 1.4252347 0.31003937,
  4.36421 1.4384181 0.31003937,4.3539552 1.4561799 0.31003937,
  3.5306961 2.1625665 0.31003937,3.5271346 2.1423685 0.31003937,
  3.5168798 2.1246066 0.31003937,3.5011685 2.1114233 0.31003937,
  3.4818958 2.1044086 0.31003937,3.4613861 2.1044086 0.31003937,
  3.4421134 2.1114233 0.31003937,3.4264021 2.1246066 0.31003937,
  3.4161473 2.1423685 0.31003937,3.4125858 2.1625665 0.31003937,
  3.4161473 2.1827646 0.31003937,3.4264021 2.2005264 0.31003937,
  3.4421134 2.2137098 0.31003937,3.4613861 2.2207245 0.31003937,
  3.4818958 2.2207245 0.31003937,3.5011685 2.2137098 0.31003937,
  3.5168798 2.2005264 0.31003937,3.5271346 2.1827646 0.31003937,
  3.8385827 0.61023622 0.31003937,3.8421441 0.63043426 0.31003937,
  3.852399 0.64819612 0.31003937,3.8681102 0.66137945 0.31003937,
  3.887383 0.66839416 0.31003937,3.9078926 0.66839416 0.31003937,
  3.9271654 0.66137945 0.31003937,3.9428766 0.64819612 0.31003937,
  3.9531315 0.63043426 0.31003937,3.9566929 0.61023622 0.31003937,
  3.9531315 0.59003818 0.31003937,3.9428766 0.57227632 0.31003937,
  3.9271654 0.55909299 0.31003937,3.9078926 0.55207828 0.31003937,
  3.887383 0.55207828 0.31003937,3.8681102 0.55909299 0.31003937,
  3.852399 0.57227632 0.31003937,3.8421441 0.59003818 0.31003937,
  4.5866142 0.53149606 0.31003937,4.5901756 0.5516941 0.31003937,
  4.6004304 0.56945596 0.31003937,4.6161417 0.5826393 0.31003937,
  4.6354145 0.589654 0.31003937,4.6559241 0.589654 0.31003937,
  4.6751969 0.5826393 0.31003937,4.6909081 0.56945596 0.31003937,
  4.701163 0.5516941 0.31003937,4.7047244 0.53149606 0.31003937,
  4.701163 0.51129802 0.31003937,4.6909081 0.49353616 0.31003937,
  4.6751969 0.48035283 0.31003937,4.6559241 0.47333812 0.31003937,
  4.6354145 0.47333812 0.31003937,4.6161417 0.48035283 0.31003937,
  4.6004304 0.49353616 0.31003937,4.5901756 0.51129802 0.31003937,
  3.3173414 2.7961728 0.31003937,3.2968318 2.7961728 0.31003937,
  3.2775591 2.8031875 0.31003937,3.2618478 2.8163708 0.31003937,
  3.251593 2.8341327 0.31003937,3.2480315 2.8543307 0.31003937,
  3.251593 2.8745287 0.31003937,3.2618478 2.8922906 0.31003937,
  3.2775591 2.9054739 0.31003937,3.2968318 2.9124886 0.31003937,
  3.3173414 2.9124886 0.31003937,3.3366142 2.9054739 0.31003937,
  3.3523255 2.8922906 0.31003937,3.3625803 2.8745287 0.31003937,
  3.3661417 2.8543307 0.31003937,3.3625803 2.8341327 0.31003937,
  3.3523255 2.8163708 0.31003937,3.3366142 2.8031875 0.31003937,
  3.3267717 0.25590551 0.31003937,3.3303331 0.27610355 0.31003937,
  3.3405879 0.29386541 0.31003937,3.3562992 0.30704874 0.31003937,
  3.375572 0.31406345 0.31003937,3.3960816 0.31406345 0.31003937,
  3.4153543 0.30704874 0.31003937,3.4310656 0.29386541 0.31003937,
  3.4413204 0.27610355 0.31003937,3.4448819 0.25590551 0.31003937,
  3.4413204 0.23570747 0.31003937,3.4310656 0.21794561 0.31003937,
  3.4153543 0.20476228 0.31003937,3.3960816 0.19774757 0.31003937,
  3.375572 0.19774757 0.31003937,3.3562992 0.20476228 0.31003937,
  3.3405879 0.21794561 0.31003937,3.3303331 0.23570747 0.31003937,
  5.0590551 0.25590551 0.31003937,5.0626166 0.27610355 0.31003937,
  5.0728714 0.29386541 0.31003937,5.0885827 0.30704874 0.31003937,
  5.1078554 0.31406345 0.31003937,5.128365 0.31406345 0.31003937,
  5.1476378 0.30704874 0.31003937,5.1633491 0.29386541 0.31003937,
  5.1736039 0.27610355 0.31003937,5.1771654 0.25590551 0.31003937,
  5.1736039 0.23570747 0.31003937,5.1633491 0.21794561 0.31003937,
  5.1476378 0.20476228 0.31003937,5.128365 0.19774757 0.31003937,
  5.1078554 0.19774757 0.31003937,5.0885827 0.20476228 0.31003937,
  5.0728714 0.21794561 0.31003937,5.0626166 0.23570747 0.31003937,
  5.6496063 0.53149606 0.31003937,5.6531678 0.5516941 0.31003937,
  5.6634226 0.56945596 0.31003937,5.6791339 0.5826393 0.31003937,
  5.6984066 0.589654 0.31003937,5.7189162 0.589654 0.31003937,
  5.738189 0.5826393 0.31003937,5.7539003 0.56945596 0.31003937,
  5.7641551 0.5516941 0.31003937,5.7677165 0.53149606 0.31003937,
  5.7641551 0.51129802 0.31003937,5.7539003 0.49353616 0.31003937,
  5.738189 0.48035283 0.31003937,5.7189162 0.47333812 0.31003937,
  5.6984066 0.47333812 0.31003937,5.6791339 0.48035283 0.31003937,
  5.6634226 0.49353616 0.31003937,5.6531678 0.51129802 0.31003937,
  3.011811 3.5629921 0.31003937,3.0153725 3.5831902 0.31003937,
  3.0256273 3.600952 0.31003937,3.0413386 3.6141354 0.31003937,
  3.0606113 3.6211501 0.31003937,3.081121 3.6211501 0.31003937,
  3.1003937 3.6141354 0.31003937,3.116105 3.600952 0.31003937,
  3.1263598 3.5831902 0.31003937,3.1299213 3.5629921 0.31003937,
  3.1263598 3.5427941 0.31003937,3.116105 3.5250322 0.31003937,
  3.1003937 3.5118489 0.31003937,3.081121 3.5048342 0.31003937,
  3.0606113 3.5048342 0.31003937,3.0413386 3.5118489 0.31003937,
  3.0256273 3.5250322 0.31003937,3.0153725 3.5427941 0.31003937,
  1.7125984 3.5629921 0.31003937,1.709037 3.5427941 0.31003937,
  1.6987822 3.5250322 0.31003937,1.6830709 3.5118489 0.31003937,
  1.6637981 3.5048342 0.31003937,1.6432885 3.5048342 0.31003937,
  1.6240157 3.5118489 0.31003937,1.6083045 3.5250322 0.31003937,
  1.5980496 3.5427941 0.31003937,1.5944882 3.5629921 0.31003937,
  1.5980496 3.5831902 0.31003937,1.6083045 3.600952 0.31003937,
  1.6240157 3.6141354 0.31003937,1.6432885 3.6211501 0.31003937,
  1.6637981 3.6211501 0.31003937,1.6830709 3.6141354 0.31003937,
  1.6987822 3.600952 0.31003937,1.709037 3.5831902 0.31003937,
  2.7066929 0.30704874 0.31003937,2.7224042 0.29386541 0.31003937,
  2.732659 0.27610355 0.31003937,2.7362205 0.25590551 0.31003937,
  2.732659 0.23570747 0.31003937,2.7224042 0.21794561 0.31003937,
  2.7066929 0.20476228 0.31003937,2.6874202 0.19774757 0.31003937,
  2.6669105 0.19774757 0.31003937,2.6476378 0.20476228 0.31003937,
  2.6319265 0.21794561 0.31003937,2.6216717 0.23570747 0.31003937,
  2.6181102 0.25590551 0.31003937,2.6216717 0.27610355 0.31003937,
  2.6319265 0.29386541 0.31003937,2.6476378 0.30704874 0.31003937,
  2.6669105 0.31406345 0.31003937,2.6874202 0.31406345 0.31003937,
  2.0177165 2.6063371 0.31003937,2.0020052 2.6195204 0.31003937,
  1.9917504 2.6372823 0.31003937,1.988189 2.6574803 0.31003937,
  1.9917504 2.6776784 0.31003937,2.0020052 2.6954402 0.31003937,
  2.0177165 2.7086235 0.31003937,2.0369893 2.7156383 0.31003937,
  2.0574989 2.7156383 0.31003937,2.0767717 2.7086235 0.31003937,
  2.0924829 2.6954402 0.31003937,2.1027378 2.6776784 0.31003937,
  2.1062992 2.6574803 0.31003937,2.1027378 2.6372823 0.31003937,
  2.0924829 2.6195204 0.31003937,2.0767717 2.6063371 0.31003937,
  2.0574989 2.5993224 0.31003937,2.0369893 2.5993224 0.31003937,
  2.0275591 1.6732283 0.31003937,2.0311205 1.6934264 0.31003937,
  2.0413753 1.7111882 0.31003937,2.0570866 1.7243716 0.31003937,
  2.0763594 1.7313863 0.31003937,2.096869 1.7313863 0.31003937,
  2.1161417 1.7243716 0.31003937,2.131853 1.7111882 0.31003937,
  2.1421078 1.6934264 0.31003937,2.1456693 1.6732283 0.31003937,
  2.1421078 1.6530303 0.31003937,2.131853 1.6352684 0.31003937,
  2.1161417 1.6220851 0.31003937,2.096869 1.6150704 0.31003937,
  2.0763594 1.6150704 0.31003937,2.0570866 1.6220851 0.31003937,
  2.0413753 1.6352684 0.31003937,2.0311205 1.6530303 0.31003937,
  2.5787402 1.0433071 0.31003937,2.5823016 1.0635051 0.31003937,
  2.5925564 1.081267 0.31003937,2.6082677 1.0944503 0.31003937,
  2.6275405 1.101465 0.31003937,2.6480501 1.101465 0.31003937,
  2.6673228 1.0944503 0.31003937,2.6830341 1.081267 0.31003937,
  2.6932889 1.0635051 0.31003937,2.6968504 1.0433071 0.31003937,
  2.6932889 1.023109 0.31003937,2.6830341 1.0053472 0.31003937,
  2.6673228 0.99216385 0.31003937,2.6480501 0.98514915 0.31003937,
  2.6275405 0.98514915 0.31003937,2.6082677 0.99216385 0.31003937,
  2.5925564 1.0053472 0.31003937,2.5823016 1.023109 0.31003937,
  1.3618292 0.27610355 -0.31003937,1.372084 0.29386541 -0.31003937,
  1.3877953 0.30704874 -0.31003937,1.407068 0.31406345 -0.31003937,
  1.4275776 0.31406345 -0.31003937,1.4468504 0.30704874 -0.31003937,
  1.4625617 0.29386541 -0.31003937,1.4728165 0.27610355 -0.31003937,
  1.476378 0.25590551 -0.31003937,1.4728165 0.23570747 -0.31003937,
  1.4625617 0.21794561 -0.31003937,1.4468504 0.20476228 -0.31003937,
  1.4275776 0.19774757 -0.31003937,1.407068 0.19774757 -0.31003937,
  1.3877953 0.20476228 -0.31003937,1.372084 0.21794561 -0.31003937,
  1.3618292 0.23570747 -0.31003937,1.3582677 0.25590551 -0.31003937,
  0.37401575 3.5629921 -0.31003937,0.37045429 3.5427941 -0.31003937,
  0.36019947 3.5250322 -0.31003937,0.34448819 3.5118489 -0.31003937,
  0.32521544 3.5048342 -0.31003937,0.30470582 3.5048342 -0.31003937,
  0.28543307 3.5118489 -0.31003937,0.26972178 3.5250322 -0.31003937,
  0.25946697 3.5427941 -0.31003937,0.25590551 3.5629921 -0.31003937,
  0.25946697 3.5831902 -0.31003937,0.26972178 3.600952 -0.31003937,
  0.28543307 3.6141354 -0.31003937,0.30470582 3.6211501 -0.31003937,
  0.32521544 3.6211501 -0.31003937,0.34448819 3.6141354 -0.31003937,
  0.36019947 3.600952 -0.31003937,0.37045429 3.5831902 -0.31003937,
  1.0826772 2.1456693 -0.31003937,1.0862386 2.1658673 -0.31003937,
  1.0964934 2.1836292 -0.31003937,1.1122047 2.1968125 -0.31003937,
  1.1314775 2.2038272 -0.31003937,1.1519871 2.2038272 -0.31003937,
  1.1712598 2.1968125 -0.31003937,1.1869711 2.1836292 -0.31003937,
  1.1972259 2.1658673 -0.31003937,1.2007874 2.1456693 -0.31003937,
  1.1972259 2.1254713 -0.31003937,1.1869711 2.1077094 -0.31003937,
  1.1712598 2.0945261 -0.31003937,1.1519871 2.0875114 -0.31003937,
  1.1314775 2.0875114 -0.31003937,1.1122047 2.0945261 -0.31003937,
  1.0964934 2.1077094 -0.31003937,1.0862386 2.1254713 -0.31003937,
  1.2401575 1.0826772 -0.31003937,1.2437189 1.1028752 -0.31003937,
  1.2539738 1.1206371 -0.31003937,1.269685 1.1338204 -0.31003937,
  1.2889578 1.1408351 -0.31003937,1.3094674 1.1408351 -0.31003937,
  1.3287402 1.1338204 -0.31003937,1.3444514 1.1206371 -0.31003937,
  1.3547063 1.1028752 -0.31003937,1.3582677 1.0826772 -0.31003937,
  1.3547063 1.0624791 -0.31003937,1.3444514 1.0447173 -0.31003937,
  1.3287402 1.0315339 -0.31003937,1.3094674 1.0245192 -0.31003937,
  1.2889578 1.0245192 -0.31003937,1.269685 1.0315339 -0.31003937,
  1.2539738 1.0447173 -0.31003937,1.2437189 1.0624791 -0.31003937,
  0.21653543 2.2244094 -0.31003937,0.22009689 2.2446075 -0.31003937,
  0.23035171 2.2623693 -0.31003937,0.24606299 2.2755527 -0.31003937,
  0.26533574 2.2825674 -0.31003937,0.28584536 2.2825674 -0.31003937,
  0.30511811 2.2755527 -0.31003937,0.3208294 2.2623693 -0.31003937,
  0.33108421 2.2446075 -0.31003937,0.33464567 2.2244094 -0.31003937,
  0.33108421 2.2042114 -0.31003937,0.3208294 2.1864496 -0.31003937,
  0.30511811 2.1732662 -0.31003937,0.28584536 2.1662515 -0.31003937,
  0.26533574 2.1662515 -0.31003937,0.24606299 2.1732662 -0.31003937,
  0.23035171 2.1864496 -0.31003937,0.22009689 2.2042114 -0.31003937,
  0.086614173 1.1181102 -0.31003937,0.09125932 1.141463 -0.31003937,
  0.10448758 1.1612605 -0.31003937,0.12428507 1.1744887 -0.31003937,
  0.1476378 1.1791339 -0.31003937,0.17099052 1.1744887 -0.31003937,
  0.19078801 1.1612605 -0.31003937,0.20401627 1.141463 -0.31003937,
  0.20866142 1.1181102 -0.31003937,0.20401627 1.0947575 -0.31003937,
  0.19078801 1.07496 -0.31003937,0.17099052 1.0617318 -0.31003937,
  0.1476378 1.0570866 -0.31003937,0.12428507 1.0617318 -0.31003937,
  0.10448758 1.07496 -0.31003937,0.09125932 1.0947575 -0.31003937,
  0 3.8582677 -0.31003937,0 0 -0.31003937,
  5.984252 0 -0.31003937,5.984252 3.8582677 -0.31003937,
  0.086614173 0.72440945 -0.31003937,0.09125932 0.74776218 -0.31003937,
  0.10448758 0.76755967 -0.31003937,0.12428507 0.78078792 -0.31003937,
  0.1476378 0.78543307 -0.31003937,0.17099052 0.78078792 -0.31003937,
  0.19078801 0.76755967 -0.31003937,0.20401627 0.74776218 -0.31003937,
  0.20866142 0.72440945 -0.31003937,0.20401627 0.70105672 -0.31003937,
  0.19078801 0.68125923 -0.31003937,0.17099052 0.66803097 -0.31003937,
  0.1476378 0.66338583 -0.31003937,0.12428507 0.66803097 -0.31003937,
  0.10448758 0.68125923 -0.31003937,0.09125932 0.70105672 -0.31003937,
  5.8877953 3.6614173 -0.31003937,5.8831501 3.6380646 -0.31003937,
  5.8699219 3.6182671 -0.31003937,5.8501244 3.6050388 -0.31003937,
  5.8267717 3.6003937 -0.31003937,5.8034189 3.6050388 -0.31003937,
  5.7836214 3.6182671 -0.31003937,5.7703932 3.6380646 -0.31003937,
  5.765748 3.6614173 -0.31003937,5.7703932 3.6847701 -0.31003937,
  5.7836214 3.7045675 -0.31003937,5.8034189 3.7177958 -0.31003937,
  5.8267717 3.7224409 -0.31003937,5.8501244 3.7177958 -0.31003937,
  5.8699219 3.7045675 -0.31003937,5.8831501 3.6847701 -0.31003937,
  5.8877953 3.1889764 -0.31003937,5.8831501 3.1656236 -0.31003937,
  5.8699219 3.1458262 -0.31003937,5.8501244 3.1325979 -0.31003937,
  5.8267717 3.1279528 -0.31003937,5.8034189 3.1325979 -0.31003937,
  5.7836214 3.1458262 -0.31003937,5.7703932 3.1656236 -0.31003937,
  5.765748 3.1889764 -0.31003937,5.7703932 3.2123291 -0.31003937,
  5.7836214 3.2321266 -0.31003937,5.8034189 3.2453549 -0.31003937,
  5.8267717 3.25 -0.31003937,5.8501244 3.2453549 -0.31003937,
  5.8699219 3.2321266 -0.31003937,5.8831501 3.2123291 -0.31003937,
  5.8877953 2.7165354 -0.31003937,5.8831501 2.6931827 -0.31003937,
  5.8699219 2.6733852 -0.31003937,5.8501244 2.660157 -0.31003937,
  5.8267717 2.6555118 -0.31003937,5.8034189 2.660157 -0.31003937,
  5.7836214 2.6733852 -0.31003937,5.7703932 2.6931827 -0.31003937,
  5.765748 2.7165354 -0.31003937,5.7703932 2.7398882 -0.31003937,
  5.7836214 2.7596857 -0.31003937,5.8034189 2.7729139 -0.31003937,
  5.8267717 2.7775591 -0.31003937,5.8501244 2.7729139 -0.31003937,
  5.8699219 2.7596857 -0.31003937,5.8831501 2.7398882 -0.31003937,
  5.8877953 2.2440945 -0.31003937,5.8831501 2.2207418 -0.31003937,
  5.8699219 2.2009443 -0.31003937,5.8501244 2.187716 -0.31003937,
  5.8267717 2.1830709 -0.31003937,5.8034189 2.187716 -0.31003937,
  5.7836214 2.2009443 -0.31003937,5.7703932 2.2207418 -0.31003937,
  5.765748 2.2440945 -0.31003937,5.7703932 2.2674472 -0.31003937,
  5.7836214 2.2872447 -0.31003937,5.8034189 2.300473 -0.31003937,
  5.8267717 2.3051181 -0.31003937,5.8501244 2.300473 -0.31003937,
  5.8699219 2.2872447 -0.31003937,5.8831501 2.2674472 -0.31003937,
  0.21653543 0.25590551 -0.31003937,0.22009689 0.27610355 -0.31003937,
  0.23035171 0.29386541 -0.31003937,0.24606299 0.30704874 -0.31003937,
  0.26533574 0.31406345 -0.31003937,0.28584536 0.31406345 -0.31003937,
  0.30511811 0.30704874 -0.31003937,0.3208294 0.29386541 -0.31003937,
  0.33108421 0.27610355 -0.31003937,0.33464567 0.25590551 -0.31003937,
  0.33108421 0.23570747 -0.31003937,0.3208294 0.21794561 -0.31003937,
  0.30511811 0.20476228 -0.31003937,0.28584536 0.19774757 -0.31003937,
  0.26533574 0.19774757 -0.31003937,0.24606299 0.20476228 -0.31003937,
  0.23035171 0.21794561 -0.31003937,0.22009689 0.23570747 -0.31003937,
  5.6496063 1.8700787 -0.31003937,5.6531678 1.8902768 -0.31003937,
  5.6634226 1.9080386 -0.31003937,5.6791339 1.921222 -0.31003937,
  5.6984066 1.9282367 -0.31003937,5.7189162 1.9282367 -0.31003937,
  5.738189 1.921222 -0.31003937,5.7539003 1.9080386 -0.31003937,
  5.7641551 1.8902768 -0.31003937,5.7677165 1.8700787 -0.31003937,
  5.7641551 1.8498807 -0.31003937,5.7539003 1.8321188 -0.31003937,
  5.738189 1.8189355 -0.31003937,5.7189162 1.8119208 -0.31003937,
  5.6984066 1.8119208 -0.31003937,5.6791339 1.8189355 -0.31003937,
  5.6634226 1.8321188 -0.31003937,5.6531678 1.8498807 -0.31003937,
  5.3772272 2.7378264 -0.31003937,5.3807886 2.7580244 -0.31003937,
  5.3910434 2.7757863 -0.31003937,5.4067547 2.7889696 -0.31003937,
  5.4260275 2.7959843 -0.31003937,5.4465371 2.7959843 -0.31003937,
  5.4658098 2.7889696 -0.31003937,5.4815211 2.7757863 -0.31003937,
  5.4917759 2.7580244 -0.31003937,5.4953374 2.7378264 -0.31003937,
  5.4917759 2.7176283 -0.31003937,5.4815211 2.6998665 -0.31003937,
  5.4658098 2.6866831 -0.31003937,5.4465371 2.6796684 -0.31003937,
  5.4260275 2.6796684 -0.31003937,5.4067547 2.6866831 -0.31003937,
  5.3910434 2.6998665 -0.31003937,5.3807886 2.7176283 -0.31003937,
  4.7440945 3.5629921 -0.31003937,4.7476559 3.5831902 -0.31003937,
  4.7579108 3.600952 -0.31003937,4.773622 3.6141354 -0.31003937,
  4.7928948 3.6211501 -0.31003937,4.8134044 3.6211501 -0.31003937,
  4.8326772 3.6141354 -0.31003937,4.8483885 3.600952 -0.31003937,
  4.8586433 3.5831902 -0.31003937,4.8622047 3.5629921 -0.31003937,
  4.8586433 3.5427941 -0.31003937,4.8483885 3.5250322 -0.31003937,
  4.8326772 3.5118489 -0.31003937,4.8134044 3.5048342 -0.31003937,
  4.7928948 3.5048342 -0.31003937,4.773622 3.5118489 -0.31003937,
  4.7579108 3.5250322 -0.31003937,4.7476559 3.5427941 -0.31003937,
  4.3503937 1.476378 -0.31003937,4.3539552 1.496576 -0.31003937,
  4.36421 1.5143379 -0.31003937,4.3799213 1.5275212 -0.31003937,
  4.399194 1.5345359 -0.31003937,4.4197036 1.5345359 -0.31003937,
  4.4389764 1.5275212 -0.31003937,4.4546877 1.5143379 -0.31003937,
  4.4649425 1.496576 -0.31003937,4.4685039 1.476378 -0.31003937,
  4.4649425 1.4561799 -0.31003937,4.4546877 1.4384181 -0.31003937,
  4.4389764 1.4252347 -0.31003937,4.4197036 1.41822 -0.31003937,
  4.399194 1.41822 -0.31003937,4.3799213 1.4252347 -0.31003937,
  4.36421 1.4384181 -0.31003937,4.3539552 1.4561799 -0.31003937,
  3.5306961 2.1625665 -0.31003937,3.5271346 2.1423685 -0.31003937,
  3.5168798 2.1246066 -0.31003937,3.5011685 2.1114233 -0.31003937,
  3.4818958 2.1044086 -0.31003937,3.4613861 2.1044086 -0.31003937,
  3.4421134 2.1114233 -0.31003937,3.4264021 2.1246066 -0.31003937,
  3.4161473 2.1423685 -0.31003937,3.4125858 2.1625665 -0.31003937,
  3.4161473 2.1827646 -0.31003937,3.4264021 2.2005264 -0.31003937,
  3.4421134 2.2137098 -0.31003937,3.4613861 2.2207245 -0.31003937,
  3.4818958 2.2207245 -0.31003937,3.5011685 2.2137098 -0.31003937,
  3.5168798 2.2005264 -0.31003937,3.5271346 2.1827646 -0.31003937,
  3.8385827 0.61023622 -0.31003937,3.8421441 0.63043426 -0.31003937,
  3.852399 0.64819612 -0.31003937,3.8681102 0.66137945 -0.31003937,
  3.887383 0.66839416 -0.31003937,3.9078926 0.66839416 -0.31003937,
  3.9271654 0.66137945 -0.31003937,3.9428766 0.64819612 -0.31003937,
  3.9531315 0.63043426 -0.31003937,3.9566929 0.61023622 -0.31003937,
  3.9531315 0.59003818 -0.31003937,3.9428766 0.57227632 -0.31003937,
  3.9271654 0.55909299 -0.31003937,3.9078926 0.55207828 -0.31003937,
  3.887383 0.55207828 -0.31003937,3.8681102 0.55909299 -0.31003937,
  3.852399 0.57227632 -0.31003937,3.8421441 0.59003818 -0.31003937,
  4.5866142 0.53149606 -0.31003937,4.5901756 0.5516941 -0.31003937,
  4.6004304 0.56945596 -0.31003937,4.6161417 0.5826393 -0.31003937,
  4.6354145 0.589654 -0.31003937,4.6559241 0.589654 -0.31003937,
  4.6751969 0.5826393 -0.31003937,4.6909081 0.56945596 -0.31003937,
  4.701163 0.5516941 -0.31003937,4.7047244 0.53149606 -0.31003937,
  4.701163 0.51129802 -0.31003937,4.6909081 0.49353616 -0.31003937,
  4.6751969 0.48035283 -0.31003937,4.6559241 0.47333812 -0.31003937,
  4.6354145 0.47333812 -0.31003937,4.6161417 0.48035283 -0.31003937,
  4.6004304 0.49353616 -0.31003937,4.5901756 0.51129802 -0.31003937,
  3.3173414 2.7961728 -0.31003937,3.2968318 2.7961728 -0.31003937,
  3.2775591 2.8031875 -0.31003937,3.2618478 2.8163708 -0.31003937,
  3.251593 2.8341327 -0.31003937,3.2480315 2.8543307 -0.31003937,
  3.251593 2.8745287 -0.31003937,3.2618478 2.8922906 -0.31003937,
  3.2775591 2.9054739 -0.31003937,3.2968318 2.9124886 -0.31003937,
  3.3173414 2.9124886 -0.31003937,3.3366142 2.9054739 -0.31003937,
  3.3523255 2.8922906 -0.31003937,3.3625803 2.8745287 -0.31003937,
  3.3661417 2.8543307 -0.31003937,3.3625803 2.8341327 -0.31003937,
  3.3523255 2.8163708 -0.31003937,3.3366142 2.8031875 -0.31003937,
  3.3267717 0.25590551 -0.31003937,3.3303331 0.27610355 -0.31003937,
  3.3405879 0.29386541 -0.31003937,3.3562992 0.30704874 -0.31003937,
  3.375572 0.31406345 -0.31003937,3.3960816 0.31406345 -0.31003937,
  3.4153543 0.30704874 -0.31003937,3.4310656 0.29386541 -0.31003937,
  3.4413204 0.27610355 -0.31003937,3.4448819 0.25590551 -0.31003937,
  3.4413204 0.23570747 -0.31003937,3.4310656 0.21794561 -0.31003937,
  3.4153543 0.20476228 -0.31003937,3.3960816 0.19774757 -0.31003937,
  3.375572 0.19774757 -0.31003937,3.3562992 0.20476228 -0.31003937,
  3.3405879 0.21794561 -0.31003937,3.3303331 0.23570747 -0.31003937,
  5.0590551 0.25590551 -0.31003937,5.0626166 0.27610355 -0.31003937,
  5.0728714 0.29386541 -0.31003937,5.0885827 0.30704874 -0.31003937,
  5.1078554 0.31406345 -0.31003937,5.128365 0.31406345 -0.31003937,
  5.1476378 0.30704874 -0.31003937,5.1633491 0.29386541 -0.31003937,
  5.1736039 0.27610355 -0.31003937,5.1771654 0.25590551 -0.31003937,
  5.1736039 0.23570747 -0.31003937,5.1633491 0.21794561 -0.31003937,
  5.1476378 0.20476228 -0.31003937,5.128365 0.19774757 -0.31003937,
  5.1078554 0.19774757 -0.31003937,5.0885827 0.20476228 -0.31003937,
  5.0728714 0.21794561 -0.31003937,5.0626166 0.23570747 -0.31003937,
  5.6496063 0.53149606 -0.31003937,5.6531678 0.5516941 -0.31003937,
  5.6634226 0.56945596 -0.31003937,5.6791339 0.5826393 -0.31003937,
  5.6984066 0.589654 -0.31003937,5.7189162 0.589654 -0.31003937,
  5.738189 0.5826393 -0.31003937,5.7539003 0.56945596 -0.31003937,
  5.7641551 0.5516941 -0.31003937,5.7677165 0.53149606 -0.31003937,
  5.7641551 0.51129802 -0.31003937,5.7539003 0.49353616 -0.31003937,
  5.738189 0.48035283 -0.31003937,5.7189162 0.47333812 -0.31003937,
  5.6984066 0.47333812 -0.31003937,5.6791339 0.48035283 -0.31003937,
  5.6634226 0.49353616 -0.31003937,5.6531678 0.51129802 -0.31003937,
  3.011811 3.5629921 -0.31003937,3.0153725 3.5831902 -0.31003937,
  3.0256273 3.600952 -0.31003937,3.0413386 3.6141354 -0.31003937,
  3.0606113 3.6211501 -0.31003937,3.081121 3.6211501 -0.31003937,
  3.1003937 3.6141354 -0.31003937,3.116105 3.600952 -0.31003937,
  3.1263598 3.5831902 -0.31003937,3.1299213 3.5629921 -0.31003937,
  3.1263598 3.5427941 -0.31003937,3.116105 3.5250322 -0.31003937,
  3.1003937 3.5118489 -0.31003937,3.081121 3.5048342 -0.31003937,
  3.0606113 3.5048342 -0.31003937,3.0413386 3.5118489 -0.31003937,
  3.0256273 3.5250322 -0.31003937,3.0153725 3.5427941 -0.31003937,
  1.7125984 3.5629921 -0.31003937,1.709037 3.5427941 -0.31003937,
  1.6987822 3.5250322 -0.31003937,1.6830709 3.5118489 -0.31003937,
  1.6637981 3.5048342 -0.31003937,1.6432885 3.5048342 -0.31003937,
  1.6240157 3.5118489 -0.31003937,1.6083045 3.5250322 -0.31003937,
  1.5980496 3.5427941 -0.31003937,1.5944882 3.5629921 -0.31003937,
  1.5980496 3.5831902 -0.31003937,1.6083045 3.600952 -0.31003937,
  1.6240157 3.6141354 -0.31003937,1.6432885 3.6211501 -0.31003937,
  1.6637981 3.6211501 -0.31003937,1.6830709 3.6141354 -0.31003937,
  1.6987822 3.600952 -0.31003937,1.709037 3.5831902 -0.31003937,
  2.7066929 0.30704874 -0.31003937,2.7224042 0.29386541 -0.31003937,
  2.732659 0.27610355 -0.31003937,2.7362205 0.25590551 -0.31003937,
  2.732659 0.23570747 -0.31003937,2.7224042 0.21794561 -0.31003937,
  2.7066929 0.20476228 -0.31003937,2.6874202 0.19774757 -0.31003937,
  2.6669105 0.19774757 -0.31003937,2.6476378 0.20476228 -0.31003937,
  2.6319265 0.21794561 -0.31003937,2.6216717 0.23570747 -0.31003937,
  2.6181102 0.25590551 -0.31003937,2.6216717 0.27610355 -0.31003937,
  2.6319265 0.29386541 -0.31003937,2.6476378 0.30704874 -0.31003937,
  2.6669105 0.31406345 -0.31003937,2.6874202 0.31406345 -0.31003937,
  2.0177165 2.6063371 -0.31003937,2.0020052 2.6195204 -0.31003937,
  1.9917504 2.6372823 -0.31003937,1.988189 2.6574803 -0.31003937,
  1.9917504 2.6776784 -0.31003937,2.0020052 2.6954402 -0.31003937,
  2.0177165 2.7086235 -0.31003937,2.0369893 2.7156383 -0.31003937,
  2.0574989 2.7156383 -0.31003937,2.0767717 2.7086235 -0.31003937,
  2.0924829 2.6954402 -0.31003937,2.1027378 2.6776784 -0.31003937,
  2.1062992 2.6574803 -0.31003937,2.1027378 2.6372823 -0.31003937,
  2.0924829 2.6195204 -0.31003937,2.0767717 2.6063371 -0.31003937,
  2.0574989 2.5993224 -0.31003937,2.0369893 2.5993224 -0.31003937,
  2.0275591 1.6732283 -0.31003937,2.0311205 1.6934264 -0.31003937,
  2.0413753 1.7111882 -0.31003937,2.0570866 1.7243716 -0.31003937,
  2.0763594 1.7313863 -0.31003937,2.096869 1.7313863 -0.31003937,
  2.1161417 1.7243716 -0.31003937,2.131853 1.7111882 -0.31003937,
  2.1421078 1.6934264 -0.31003937,2.1456693 1.6732283 -0.31003937,
  2.1421078 1.6530303 -0.31003937,2.131853 1.6352684 -0.31003937,
  2.1161417 1.6220851 -0.31003937,2.096869 1.6150704 -0.31003937,
  2.0763594 1.6150704 -0.31003937,2.0570866 1.6220851 -0.31003937,
  2.0413753 1.6352684 -0.31003937,2.0311205 1.6530303 -0.31003937,
  2.5787402 1.0433071 -0.31003937,2.5823016 1.0635051 -0.31003937,
  2.5925564 1.081267 -0.31003937,2.6082677 1.0944503 -0.31003937,
  2.6275405 1.101465 -0.31003937,2.6480501 1.101465 -0.31003937,
  2.6673228 1.0944503 -0.31003937,2.6830341 1.081267 -0.31003937,
  2.6932889 1.0635051 -0.31003937,2.6968504 1.0433071 -0.31003937,
  2.6932889 1.023109 -0.31003937,2.6830341 1.0053472 -0.31003937,
  2.6673228 0.99216385 -0.31003937,2.6480501 0.98514915 -0.31003937,
  2.6275405 0.98514915 -0.31003937,2.6082677 0.99216385 -0.31003937,
  2.5925564 1.0053472 -0.31003937,2.5823016 1.023109 -0.31003937] }
 coordIndex [
  17,0,63,-1,17,63,64,-1,17,64,65,-1,17,65,66,-1,17,66,67,-1,17,67,68,-1,17,68,69,-1,17,69,70,-1,
  17,70,71,-1,17,71,54,-1,17,54,53,-1,17,53,36,-1,17,36,18,-1,17,18,16,-1,20,21,16,-1,16,21,81,-1,
  16,81,199,-1,199,81,82,-1,199,82,198,-1,198,82,83,-1,198,83,197,-1,197,83,84,-1,197,84,196,-1,196,84,85,-1,
  196,85,195,-1,195,85,86,-1,195,86,194,-1,194,86,87,-1,194,87,193,-1,193,87,88,-1,193,88,192,-1,192,88,89,-1,
  192,89,191,-1,191,89,72,-1,191,72,190,-1,190,72,98,-1,190,98,118,-1,118,98,99,-1,118,99,117,-1,117,99,100,-1,
  117,100,116,-1,116,100,101,-1,116,101,115,-1,115,101,102,-1,115,102,114,-1,114,102,103,-1,114,103,113,-1,113,103,104,-1,
  113,104,112,-1,112,104,105,-1,112,105,111,-1,111,105,90,-1,111,90,110,-1,110,90,106,-1,110,106,107,-1,78,79,22,-1,
  22,79,80,-1,22,80,21,-1,21,80,81,-1,23,24,77,-1,23,77,78,-1,23,78,22,-1,25,26,76,-1,25,76,77,-1,
  25,77,24,-1,27,28,106,-1,27,106,90,-1,27,90,91,-1,27,91,92,-1,27,92,93,-1,27,93,94,-1,27,94,95,-1,
  27,95,72,-1,27,72,73,-1,27,73,74,-1,27,74,75,-1,27,75,76,-1,27,76,26,-1,361,362,108,-1,361,108,384,-1,
  361,384,312,-1,361,312,313,-1,361,313,314,-1,361,314,315,-1,361,315,285,-1,361,285,286,-1,361,286,360,-1,359,360,286,-1,
  359,286,287,-1,359,287,288,-1,359,288,358,-1,289,290,348,-1,289,348,356,-1,289,356,357,-1,289,357,358,-1,289,358,288,-1,
  180,181,108,-1,108,181,217,-1,108,217,397,-1,397,217,218,-1,397,218,396,-1,396,218,219,-1,396,219,395,-1,395,219,220,-1,
  395,220,394,-1,394,220,221,-1,394,221,393,-1,393,221,222,-1,393,222,392,-1,392,222,223,-1,392,223,391,-1,391,223,224,-1,
  391,224,390,-1,390,224,225,-1,390,225,389,-1,389,225,208,-1,389,208,388,-1,388,208,235,-1,388,235,236,-1,182,183,166,-1,
  182,166,134,-1,182,134,216,-1,182,216,217,-1,182,217,181,-1,166,183,165,-1,165,183,184,-1,165,184,164,-1,164,184,185,-1,
  164,185,163,-1,163,185,186,-1,163,186,162,-1,162,186,187,-1,162,187,161,-1,161,187,188,-1,161,188,160,-1,160,188,189,-1,
  160,189,159,-1,159,189,174,-1,159,174,158,-1,158,174,108,-1,158,108,142,-1,142,108,126,-1,142,126,127,-1,134,166,150,-1,
  150,166,167,-1,150,167,149,-1,149,167,168,-1,149,168,148,-1,148,168,169,-1,148,169,147,-1,147,169,170,-1,147,170,146,-1,
  146,170,171,-1,146,171,145,-1,145,171,172,-1,145,172,144,-1,144,172,173,-1,144,173,143,-1,143,173,158,-1,143,158,142,-1,
  142,127,157,-1,157,127,128,-1,157,128,156,-1,156,128,129,-1,156,129,155,-1,155,129,130,-1,155,130,154,-1,154,130,131,-1,
  154,131,153,-1,153,131,132,-1,153,132,152,-1,152,132,133,-1,152,133,151,-1,151,133,134,-1,151,134,150,-1,109,106,31,-1,
  109,31,32,-1,109,32,33,-1,109,33,34,-1,109,34,35,-1,109,35,18,-1,109,18,437,-1,109,437,438,-1,109,438,439,-1,
  109,439,440,-1,109,440,441,-1,109,441,424,-1,109,424,410,-1,109,410,411,-1,109,411,412,-1,109,412,413,-1,109,413,414,-1,
  109,414,415,-1,109,415,248,-1,109,248,249,-1,109,249,250,-1,109,250,251,-1,109,251,252,-1,109,252,253,-1,109,253,136,-1,
  109,136,137,-1,109,137,138,-1,109,138,139,-1,109,139,140,-1,109,140,141,-1,109,141,126,-1,109,126,108,-1,134,135,235,-1,
  134,235,208,-1,134,208,209,-1,134,209,210,-1,134,210,211,-1,134,211,212,-1,134,212,213,-1,134,213,214,-1,134,214,215,-1,
  134,215,216,-1,135,136,253,-1,135,253,227,-1,135,227,228,-1,135,228,229,-1,135,229,230,-1,135,230,231,-1,135,231,232,-1,
  135,232,233,-1,135,233,234,-1,135,234,235,-1,226,227,253,-1,226,253,370,-1,226,370,371,-1,226,371,372,-1,226,372,373,-1,
  226,373,374,-1,226,374,375,-1,226,375,376,-1,226,376,377,-1,226,377,378,-1,226,378,379,-1,226,379,388,-1,226,388,243,-1,
  244,245,265,-1,244,265,266,-1,244,266,267,-1,244,267,268,-1,244,268,269,-1,244,269,270,-1,244,270,271,-1,244,271,316,-1,
  244,316,317,-1,244,317,318,-1,244,318,319,-1,244,319,320,-1,244,320,321,-1,244,321,322,-1,244,322,323,-1,244,323,324,-1,
  244,324,325,-1,244,325,370,-1,244,370,261,-1,245,246,280,-1,245,280,299,-1,245,299,300,-1,245,300,301,-1,245,301,302,-1,
  245,302,303,-1,245,303,304,-1,245,304,305,-1,245,305,306,-1,245,306,307,-1,245,307,263,-1,245,263,264,-1,245,264,265,-1,
  307,308,384,-1,307,384,385,-1,307,385,331,-1,307,331,332,-1,307,332,333,-1,307,333,279,-1,307,279,262,-1,307,262,263,-1,
  280,281,315,-1,280,315,298,-1,280,298,299,-1,246,247,348,-1,246,348,291,-1,246,291,292,-1,246,292,293,-1,246,293,294,-1,
  246,294,295,-1,246,295,296,-1,246,296,297,-1,246,297,280,-1,247,248,415,-1,247,415,342,-1,247,342,343,-1,247,343,344,-1,
  247,344,345,-1,247,345,346,-1,247,346,347,-1,247,347,348,-1,415,416,352,-1,415,352,339,-1,415,339,340,-1,415,340,341,-1,
  415,341,342,-1,406,407,487,-1,406,487,496,-1,406,496,497,-1,406,497,498,-1,406,498,499,-1,406,499,500,-1,406,500,501,-1,
  406,501,502,-1,406,502,503,-1,406,503,504,-1,406,504,505,-1,406,505,442,-1,406,442,443,-1,406,443,444,-1,406,444,445,-1,
  406,445,352,-1,406,352,423,-1,407,408,472,-1,407,472,484,-1,407,484,485,-1,407,485,486,-1,407,486,487,-1,408,409,424,-1,
  408,424,465,-1,408,465,466,-1,408,466,467,-1,408,467,468,-1,408,468,469,-1,408,469,470,-1,408,470,471,-1,408,471,472,-1,
  461,462,478,-1,478,462,463,-1,478,463,424,-1,424,463,464,-1,424,464,465,-1,433,434,45,-1,433,45,54,-1,433,54,55,-1,
  433,55,56,-1,433,56,57,-1,433,57,58,-1,433,58,59,-1,433,59,60,-1,433,60,61,-1,433,61,62,-1,433,62,63,-1,
  433,63,0,-1,433,0,1,-1,433,1,2,-1,433,2,3,-1,433,3,4,-1,433,4,5,-1,433,5,6,-1,433,6,7,-1,
  433,7,8,-1,433,8,432,-1,434,435,18,-1,434,18,37,-1,434,37,38,-1,434,38,39,-1,434,39,40,-1,434,40,41,-1,
  434,41,42,-1,434,42,43,-1,434,43,44,-1,434,44,45,-1,436,437,18,-1,436,18,435,-1,72,95,96,-1,72,96,97,-1,
  72,97,98,-1,106,28,29,-1,106,29,30,-1,106,30,31,-1,108,174,175,-1,108,175,176,-1,108,176,177,-1,108,177,178,-1,
  108,178,179,-1,108,179,180,-1,108,397,398,-1,108,398,399,-1,108,399,400,-1,108,400,401,-1,108,401,402,-1,108,402,403,-1,
  108,403,404,-1,108,404,379,-1,108,379,380,-1,108,380,381,-1,108,381,382,-1,108,382,383,-1,108,383,384,-1,388,236,237,-1,
  388,237,238,-1,388,238,239,-1,388,239,240,-1,388,240,241,-1,388,241,242,-1,388,242,243,-1,379,404,405,-1,379,405,388,-1,
  370,253,254,-1,370,254,255,-1,370,255,256,-1,370,256,257,-1,370,257,258,-1,370,258,259,-1,370,259,260,-1,370,260,261,-1,
  327,385,326,-1,326,385,386,-1,326,386,325,-1,325,386,387,-1,325,387,370,-1,385,327,328,-1,385,328,329,-1,385,329,330,-1,
  385,330,331,-1,316,271,272,-1,316,272,273,-1,316,273,274,-1,316,274,275,-1,316,275,333,-1,333,275,276,-1,333,276,277,-1,
  333,277,278,-1,333,278,279,-1,384,308,309,-1,384,309,310,-1,384,310,311,-1,384,311,312,-1,315,281,282,-1,315,282,283,-1,
  315,283,284,-1,315,284,285,-1,108,362,363,-1,108,363,364,-1,108,364,365,-1,108,365,366,-1,108,366,446,-1,108,446,447,-1,
  108,447,448,-1,108,448,449,-1,108,449,450,-1,108,450,8,-1,108,8,9,-1,108,9,10,-1,108,10,11,-1,108,11,12,-1,
  108,12,13,-1,108,13,200,-1,108,200,201,-1,108,201,202,-1,108,202,203,-1,108,203,204,-1,108,204,107,-1,352,353,351,-1,
  352,351,334,-1,352,334,335,-1,352,335,336,-1,352,336,337,-1,352,337,338,-1,352,338,339,-1,352,416,417,-1,352,417,418,-1,
  352,418,419,-1,352,419,420,-1,352,420,421,-1,352,421,422,-1,352,422,423,-1,445,446,366,-1,445,366,367,-1,445,367,368,-1,
  445,368,369,-1,445,369,352,-1,454,455,510,-1,454,510,511,-1,454,511,512,-1,454,512,513,-1,454,513,496,-1,454,496,487,-1,
  454,487,453,-1,453,487,488,-1,453,488,489,-1,453,489,490,-1,453,490,491,-1,453,491,492,-1,453,492,493,-1,453,493,494,-1,
  453,494,495,-1,453,495,8,-1,453,8,452,-1,478,479,477,-1,478,477,460,-1,478,460,461,-1,424,425,478,-1,478,425,426,-1,
  478,426,495,-1,495,426,427,-1,495,427,428,-1,495,428,429,-1,495,429,430,-1,495,430,431,-1,495,431,432,-1,495,432,8,-1,
  8,450,451,-1,8,451,452,-1,54,45,46,-1,54,46,47,-1,54,47,48,-1,54,48,49,-1,54,49,50,-1,54,50,51,-1,
  54,51,52,-1,54,52,53,-1,19,20,16,-1,19,16,18,-1,199,200,13,-1,199,13,14,-1,199,14,15,-1,199,15,16,-1,
  190,118,119,-1,190,119,120,-1,190,120,121,-1,190,121,122,-1,190,122,123,-1,190,123,207,-1,207,123,124,-1,207,124,125,-1,
  207,125,107,-1,207,107,206,-1,205,206,107,-1,205,107,204,-1,351,354,350,-1,350,354,355,-1,350,355,349,-1,349,355,356,-1,
  349,356,348,-1,506,507,459,-1,506,459,442,-1,506,442,505,-1,456,457,509,-1,509,457,458,-1,509,458,508,-1,508,458,459,-1,
  508,459,507,-1,510,455,456,-1,510,456,509,-1,473,474,483,-1,473,483,484,-1,473,484,472,-1,480,481,476,-1,476,481,482,-1,
  476,482,475,-1,475,482,483,-1,475,483,474,-1,477,479,480,-1,477,480,476,-1,351,353,354,-1,110,107,125,-1,37,18,36,-1,
  410,424,409,-1,291,348,290,-1,514,531,577,-1,577,531,578,-1,578,531,579,-1,579,531,580,-1,580,531,581,-1,581,531,582,-1,
  582,531,583,-1,583,531,584,-1,584,531,585,-1,585,531,568,-1,568,531,567,-1,567,531,550,-1,550,531,532,-1,532,531,530,-1,
  535,534,530,-1,535,530,595,-1,595,530,713,-1,595,713,596,-1,596,713,712,-1,596,712,597,-1,597,712,711,-1,597,711,598,-1,
  598,711,710,-1,598,710,599,-1,599,710,709,-1,599,709,600,-1,600,709,708,-1,600,708,601,-1,601,708,707,-1,601,707,602,-1,
  602,707,706,-1,602,706,603,-1,603,706,705,-1,603,705,586,-1,586,705,704,-1,586,704,612,-1,612,704,632,-1,612,632,613,-1,
  613,632,631,-1,613,631,614,-1,614,631,630,-1,614,630,615,-1,615,630,629,-1,615,629,616,-1,616,629,628,-1,616,628,617,-1,
  617,628,627,-1,617,627,618,-1,618,627,626,-1,618,626,619,-1,619,626,625,-1,619,625,604,-1,604,625,624,-1,604,624,620,-1,
  620,624,621,-1,593,592,536,-1,593,536,594,-1,594,536,535,-1,594,535,595,-1,538,537,591,-1,591,537,592,-1,592,537,536,-1,
  540,539,590,-1,590,539,591,-1,591,539,538,-1,542,541,620,-1,620,541,604,-1,604,541,605,-1,605,541,606,-1,606,541,607,-1,
  607,541,608,-1,608,541,609,-1,609,541,586,-1,586,541,587,-1,587,541,588,-1,588,541,589,-1,589,541,590,-1,590,541,540,-1,
  876,875,622,-1,622,875,898,-1,898,875,826,-1,826,875,827,-1,827,875,828,-1,828,875,829,-1,829,875,799,-1,799,875,800,-1,
  800,875,874,-1,874,873,800,-1,800,873,801,-1,801,873,802,-1,802,873,872,-1,804,803,862,-1,862,803,870,-1,870,803,871,-1,
  871,803,872,-1,872,803,802,-1,695,694,622,-1,695,622,731,-1,731,622,911,-1,731,911,732,-1,732,911,910,-1,732,910,733,-1,
  733,910,909,-1,733,909,734,-1,734,909,908,-1,734,908,735,-1,735,908,907,-1,735,907,736,-1,736,907,906,-1,736,906,737,-1,
  737,906,905,-1,737,905,738,-1,738,905,904,-1,738,904,739,-1,739,904,903,-1,739,903,722,-1,722,903,902,-1,722,902,749,-1,
  749,902,750,-1,697,696,680,-1,680,696,648,-1,648,696,730,-1,730,696,731,-1,731,696,695,-1,697,680,679,-1,697,679,698,-1,
  698,679,678,-1,698,678,699,-1,699,678,677,-1,699,677,700,-1,700,677,676,-1,700,676,701,-1,701,676,675,-1,701,675,702,-1,
  702,675,674,-1,702,674,703,-1,703,674,673,-1,703,673,688,-1,688,673,672,-1,688,672,622,-1,622,672,656,-1,622,656,640,-1,
  640,656,641,-1,680,648,664,-1,680,664,681,-1,681,664,663,-1,681,663,682,-1,682,663,662,-1,682,662,683,-1,683,662,661,-1,
  683,661,684,-1,684,661,660,-1,684,660,685,-1,685,660,659,-1,685,659,686,-1,686,659,658,-1,686,658,687,-1,687,658,657,-1,
  687,657,672,-1,672,657,656,-1,641,656,671,-1,641,671,642,-1,642,671,670,-1,642,670,643,-1,643,670,669,-1,643,669,644,-1,
  644,669,668,-1,644,668,645,-1,645,668,667,-1,645,667,646,-1,646,667,666,-1,646,666,647,-1,647,666,665,-1,647,665,648,-1,
  648,665,664,-1,620,623,545,-1,545,623,546,-1,546,623,547,-1,547,623,548,-1,548,623,549,-1,549,623,532,-1,532,623,951,-1,
  951,623,952,-1,952,623,953,-1,953,623,954,-1,954,623,955,-1,955,623,938,-1,938,623,924,-1,924,623,925,-1,925,623,926,-1,
  926,623,927,-1,927,623,928,-1,928,623,929,-1,929,623,762,-1,762,623,763,-1,763,623,764,-1,764,623,765,-1,765,623,766,-1,
  766,623,767,-1,767,623,650,-1,650,623,651,-1,651,623,652,-1,652,623,653,-1,653,623,654,-1,654,623,655,-1,655,623,640,-1,
  640,623,622,-1,649,648,749,-1,749,648,722,-1,722,648,723,-1,723,648,724,-1,724,648,725,-1,725,648,726,-1,726,648,727,-1,
  727,648,728,-1,728,648,729,-1,729,648,730,-1,650,649,767,-1,767,649,741,-1,741,649,742,-1,742,649,743,-1,743,649,744,-1,
  744,649,745,-1,745,649,746,-1,746,649,747,-1,747,649,748,-1,748,649,749,-1,741,740,767,-1,767,740,884,-1,884,740,885,-1,
  885,740,886,-1,886,740,887,-1,887,740,888,-1,888,740,889,-1,889,740,890,-1,890,740,891,-1,891,740,892,-1,892,740,893,-1,
  893,740,902,-1,902,740,757,-1,759,758,779,-1,779,758,780,-1,780,758,781,-1,781,758,782,-1,782,758,783,-1,783,758,784,-1,
  784,758,785,-1,785,758,830,-1,830,758,831,-1,831,758,832,-1,832,758,833,-1,833,758,834,-1,834,758,835,-1,835,758,836,-1,
  836,758,837,-1,837,758,838,-1,838,758,839,-1,839,758,884,-1,884,758,775,-1,760,759,794,-1,794,759,813,-1,813,759,814,-1,
  814,759,815,-1,815,759,816,-1,816,759,817,-1,817,759,818,-1,818,759,819,-1,819,759,820,-1,820,759,821,-1,821,759,777,-1,
  777,759,778,-1,778,759,779,-1,822,821,898,-1,898,821,899,-1,899,821,845,-1,845,821,846,-1,846,821,847,-1,847,821,793,-1,
  793,821,776,-1,776,821,777,-1,795,794,829,-1,829,794,812,-1,812,794,813,-1,761,760,862,-1,862,760,805,-1,805,760,806,-1,
  806,760,807,-1,807,760,808,-1,808,760,809,-1,809,760,810,-1,810,760,811,-1,811,760,794,-1,762,761,929,-1,929,761,856,-1,
  856,761,857,-1,857,761,858,-1,858,761,859,-1,859,761,860,-1,860,761,861,-1,861,761,862,-1,930,929,866,-1,866,929,853,-1,
  853,929,854,-1,854,929,855,-1,855,929,856,-1,921,920,1001,-1,1001,920,1010,-1,1010,920,1011,-1,1011,920,1012,-1,1012,920,1013,-1,
  1013,920,1014,-1,1014,920,1015,-1,1015,920,1016,-1,1016,920,1017,-1,1017,920,1018,-1,1018,920,1019,-1,1019,920,956,-1,956,920,957,-1,
  957,920,958,-1,958,920,959,-1,959,920,866,-1,866,920,937,-1,922,921,986,-1,986,921,998,-1,998,921,999,-1,999,921,1000,-1,
  1000,921,1001,-1,923,922,938,-1,938,922,979,-1,979,922,980,-1,980,922,981,-1,981,922,982,-1,982,922,983,-1,983,922,984,-1,
  984,922,985,-1,985,922,986,-1,976,975,992,-1,976,992,977,-1,977,992,938,-1,977,938,978,-1,978,938,979,-1,948,947,559,-1,
  559,947,568,-1,568,947,569,-1,569,947,570,-1,570,947,571,-1,571,947,572,-1,572,947,573,-1,573,947,574,-1,574,947,575,-1,
  575,947,576,-1,576,947,577,-1,577,947,514,-1,514,947,515,-1,515,947,516,-1,516,947,517,-1,517,947,518,-1,518,947,519,-1,
  519,947,520,-1,520,947,521,-1,521,947,522,-1,522,947,946,-1,949,948,532,-1,532,948,551,-1,551,948,552,-1,552,948,553,-1,
  553,948,554,-1,554,948,555,-1,555,948,556,-1,556,948,557,-1,557,948,558,-1,558,948,559,-1,951,950,532,-1,532,950,949,-1,
  609,586,610,-1,610,586,611,-1,611,586,612,-1,542,620,543,-1,543,620,544,-1,544,620,545,-1,688,622,689,-1,689,622,690,-1,
  690,622,691,-1,691,622,692,-1,692,622,693,-1,693,622,694,-1,911,622,912,-1,912,622,913,-1,913,622,914,-1,914,622,915,-1,
  915,622,916,-1,916,622,917,-1,917,622,918,-1,918,622,893,-1,893,622,894,-1,894,622,895,-1,895,622,896,-1,896,622,897,-1,
  897,622,898,-1,750,902,751,-1,751,902,752,-1,752,902,753,-1,753,902,754,-1,754,902,755,-1,755,902,756,-1,756,902,757,-1,
  918,893,919,-1,919,893,902,-1,767,884,768,-1,768,884,769,-1,769,884,770,-1,770,884,771,-1,771,884,772,-1,772,884,773,-1,
  773,884,774,-1,774,884,775,-1,899,841,840,-1,899,840,900,-1,900,840,839,-1,900,839,901,-1,901,839,884,-1,841,899,842,-1,
  842,899,843,-1,843,899,844,-1,844,899,845,-1,785,830,786,-1,786,830,787,-1,787,830,788,-1,788,830,789,-1,789,830,847,-1,
  789,847,790,-1,790,847,791,-1,791,847,792,-1,792,847,793,-1,822,898,823,-1,823,898,824,-1,824,898,825,-1,825,898,826,-1,
  795,829,796,-1,796,829,797,-1,797,829,798,-1,798,829,799,-1,876,622,877,-1,877,622,878,-1,878,622,879,-1,879,622,880,-1,
  880,622,960,-1,960,622,961,-1,961,622,962,-1,962,622,963,-1,963,622,964,-1,964,622,522,-1,522,622,523,-1,523,622,524,-1,
  524,622,525,-1,525,622,526,-1,526,622,527,-1,527,622,714,-1,714,622,715,-1,715,622,716,-1,716,622,717,-1,717,622,718,-1,
  718,622,621,-1,867,866,865,-1,865,866,848,-1,848,866,849,-1,849,866,850,-1,850,866,851,-1,851,866,852,-1,852,866,853,-1,
  930,866,931,-1,931,866,932,-1,932,866,933,-1,933,866,934,-1,934,866,935,-1,935,866,936,-1,936,866,937,-1,960,959,880,-1,
  880,959,881,-1,881,959,882,-1,882,959,883,-1,883,959,866,-1,969,968,1024,-1,1024,968,1025,-1,1025,968,1026,-1,1026,968,1027,-1,
  1027,968,1010,-1,1010,968,1001,-1,1001,968,967,-1,1001,967,1002,-1,1002,967,1003,-1,1003,967,1004,-1,1004,967,1005,-1,1005,967,1006,-1,
  1006,967,1007,-1,1007,967,1008,-1,1008,967,1009,-1,1009,967,522,-1,522,967,966,-1,993,992,991,-1,991,992,974,-1,974,992,975,-1,
  939,938,992,-1,939,992,940,-1,940,992,1009,-1,940,1009,941,-1,941,1009,942,-1,942,1009,943,-1,943,1009,944,-1,944,1009,945,-1,
  945,1009,946,-1,946,1009,522,-1,964,522,965,-1,965,522,966,-1,559,568,560,-1,560,568,561,-1,561,568,562,-1,562,568,563,-1,
  563,568,564,-1,564,568,565,-1,565,568,566,-1,566,568,567,-1,534,533,530,-1,530,533,532,-1,714,713,527,-1,527,713,528,-1,
  528,713,529,-1,529,713,530,-1,632,704,633,-1,633,704,634,-1,634,704,635,-1,635,704,636,-1,636,704,637,-1,637,704,721,-1,
  637,721,638,-1,638,721,639,-1,639,721,621,-1,621,721,720,-1,720,719,621,-1,621,719,718,-1,868,865,864,-1,868,864,869,-1,
  869,864,863,-1,869,863,870,-1,870,863,862,-1,1021,1020,973,-1,973,1020,956,-1,956,1020,1019,-1,971,970,1023,-1,971,1023,972,-1,
  972,1023,1022,-1,972,1022,973,-1,973,1022,1021,-1,969,1024,970,-1,970,1024,1023,-1,988,987,997,-1,997,987,998,-1,998,987,986,-1,
  995,994,990,-1,995,990,996,-1,996,990,989,-1,996,989,997,-1,997,989,988,-1,993,991,994,-1,994,991,990,-1,867,865,868,-1,
  621,624,639,-1,532,551,550,-1,938,924,923,-1,862,805,804,-1]
  normalPerVertex TRUE
  normal DEF NORM_371 Normal { vector [
  0 0 1,0 0 1,
  0 0 1,0 0 1,
  0 0 1,0 0 1,
  0 0 1,0 0 1,
  0 0 1,0 0 1,
  0 0 1,0 0 1,
  0 0 1,0 0 1,
  0 0 1,0 0 1,
  0 0 1,0 0 1,
  0 0 1,0 0 1,
  0 0 1,0 0 1,
  0 0 1,0 0 1,
  0 0 1,0 0 1,
  0 0 1,0 0 1,
  0 0 1,0 0 1,
  0 0 1,0 0 1,
  0 0 1,0 0 1,
  0 0 1,0 0 1,
  0 0 1,0 0 1,
  0 0 1,0 0 1,
  0 0 1,0 0 1,
  0 0 1,0 0 1,
  0 0 1,0 0 1,
  0 0 1,0 0 1,
  0 0 1,0 0 1,
  0 0 1,0 0 1,
  0 0 1,0 0 1,
  0 0 1,0 0 1,
  0 0 1,0 0 1,
  0 0 1,0 0 1,
  0 0 1,0 0 1,
  0 0 1,0 0 1,
  0 0 1,0 0 1,
  0 0 1,0 0 1,
  0 0 1,0 0 1,
  0 0 1,0 0 1,
  0 0 1,0 0 1,
  0 0 1,0 0 1,
  0 0 1,0 0 1,
  0 0 1,0 0 1,
  0 0 1,0 0 1,
  0 0 1,0 0 1,
  0 0 1,0 0 1,
  0 0 1,0 0 1,
  0 0 1,0 0 1,
  0 0 1,0 0 1,
  0 0 1,0 0 1,
  0 0 1,0 0 1,
  0 0 1,0 0 1,
  0 0 1,0 0 1,
  0 0 1,0 0 1,
  0 0 1,0 0 1,
  0 0 1,0 0 1,
  0 0 1,0 0 1,
  0 0 1,0 0 1,
  0 0 1,0 0 1,
  0 0 1,0 0 1,
  0 0 1,0 0 1,
  0 0 1,0 0 1,
  0 0 1,0 0 1,
  0 0 1,0 0 1,
  0 0 1,0 0 1,
  0 0 1,0 0 1,
  0 0 1,0 0 1,
  0 0 1,0 0 1,
  0 0 1,0 0 1,
  0 0 1,0 0 1,
  0 0 1,0 0 1,
  0 0 1,0 0 1,
  0 0 1,0 0 1,
  0 0 1,0 0 1,
  0 0 1,0 0 1,
  0 0 1,0 0 1,
  0 0 1,0 0 1,
  0 0 1,0 0 1,
  0 0 1,0 0 1,
  0 0 1,0 0 1,
  0 0 1,0 0 1,
  0 0 1,0 0 1,
  0 0 1,0 0 1,
  0 0 1,0 0 1,
  0 0 1,0 0 1,
  0 0 1,0 0 1,
  0 0 1,0 0 1,
  0 0 1,0 0 1,
  0 0 1,0 0 1,
  0 0 1,0 0 1,
  0 0 1,0 0 1,
  0 0 1,0 0 1,
  0 0 1,0 0 1,
  0 0 1,0 0 1,
  0 0 1,0 0 1,
  0 0 1,0 0 1,
  0 0 1,0 0 1,
  0 0 1,0 0 1,
  0 0 1,0 0 1,
  0 0 1,0 0 1,
  0 0 1,0 0 1,
  0 0 1,0 0 1,
  0 0 1,0 0 1,
  0 0 1,0 0 1,
  0 0 1,0 0 1,
  0 0 1,0 0 1,
  0 0 1,0 0 1,
  0 0 1,0 0 1,
  0 0 1,0 0 1,
  0 0 1,0 0 1,
  0 0 1,0 0 1,
  0 0 1,0 0 1,
  0 0 1,0 0 1,
  0 0 1,0 0 1,
  0 0 1,0 0 1,
  0 0 1,0 0 1,
  0 0 1,0 0 1,
  0 0 1,0 0 1,
  0 0 1,0 0 1,
  0 0 1,0 0 1,
  0 0 1,0 0 1,
  0 0 1,0 0 1,
  0 0 1,0 0 1,
  0 0 1,0 0 1,
  0 0 1,0 0 1,
  0 0 1,0 0 1,
  0 0 1,0 0 1,
  0 0 1,0 0 1,
  0 0 1,0 0 1,
  0 0 1,0 0 1,
  0 0 1,0 0 1,
  0 0 1,0 0 1,
  0 0 1,0 0 1,
  0 0 1,0 0 1,
  0 0 1,0 0 1,
  0 0 1,0 0 1,
  0 0 1,0 0 1,
  0 0 1,0 0 1,
  0 0 1,0 0 1,
  0 0 1,0 0 1,
  0 0 1,0 0 1,
  0 0 1,0 0 1,
  0 0 1,0 0 1,
  0 0 1,0 0 1,
  0 0 1,0 0 1,
  0 0 1,0 0 1,
  0 0 1,0 0 1,
  0 0 1,0 0 1,
  0 0 1,0 0 1,
  0 0 1,0 0 1,
  0 0 1,0 0 1,
  0 0 1,0 0 1,
  0 0 1,0 0 1,
  0 0 1,0 0 1,
  0 0 1,0 0 1,
  0 0 1,0 0 1,
  0 0 1,0 0 1,
  0 0 1,0 0 1,
  0 0 1,0 0 1,
  0 0 1,0 0 1,
  0 0 1,0 0 1,
  0 0 1,0 0 1,
  0 0 1,0 0 1,
  0 0 1,0 0 1,
  0 0 1,0 0 1,
  0 0 1,0 0 1,
  0 0 1,0 0 1,
  0 0 1,0 0 1,
  0 0 1,0 0 1,
  0 0 1,0 0 1,
  0 0 1,0 0 1,
  0 0 1,0 0 1,
  0 0 1,0 0 1,
  0 0 1,0 0 1,
  0 0 1,0 0 1,
  0 0 1,0 0 1,
  0 0 1,0 0 1,
  0 0 1,0 0 1,
  0 0 1,0 0 1,
  0 0 1,0 0 1,
  0 0 1,0 0 1,
  0 0 1,0 0 1,
  0 0 1,0 0 1,
  0 0 1,0 0 1,
  0 0 1,0 0 1,
  0 0 1,0 0 1,
  0 0 1,0 0 1,
  0 0 1,0 0 1,
  0 0 1,0 0 1,
  0 0 1,0 0 1,
  0 0 1,0 0 1,
  0 0 1,0 0 1,
  0 0 1,0 0 1,
  0 0 1,0 0 1,
  0 0 1,0 0 1,
  0 0 1,0 0 1,
  0 0 1,0 0 1,
  0 0 1,0 0 1,
  0 0 1,0 0 1,
  0 0 1,0 0 1,
  0 0 1,0 0 1,
  0 0 1,0 0 1,
  0 0 1,0 0 1,
  0 0 1,0 0 1,
  0 0 1,0 0 1,
  0 0 1,0 0 1,
  0 0 1,0 0 1,
  0 0 1,0 0 1,
  0 0 1,0 0 1,
  0 0 1,0 0 1,
  0 0 1,0 0 1,
  0 0 1,0 0 1,
  0 0 1,0 0 1,
  0 0 1,0 0 1,
  0 0 1,0 0 1,
  0 0 1,0 0 1,
  0 0 1,0 0 1,
  0 0 1,0 0 1,
  0 0 1,0 0 1,
  0 0 1,0 0 1,
  0 0 1,0 0 1,
  0 0 1,0 0 1,
  0 0 1,0 0 1,
  0 0 1,0 0 1,
  0 0 1,0 0 1,
  0 0 1,0 0 1,
  0 0 1,0 0 1,
  0 0 1,0 0 1,
  0 0 1,0 0 1,
  0 0 1,0 0 1,
  0 0 1,0 0 1,
  0 0 1,0 0 1,
  0 0 1,0 0 1,
  0 0 1,0 0 1,
  0 0 1,0 0 1,
  0 0 1,0 0 1,
  0 0 1,0 0 1,
  0 0 1,0 0 1,
  0 0 1,0 0 1,
  0 0 1,0 0 1,
  0 0 1,0 0 1,
  0 0 1,0 0 1,
  0 0 1,0 0 1,
  0 0 1,0 0 1,
  0 0 1,0 0 1,
  0 0 1,0 0 1,
  0 0 1,0 0 1,
  0 0 1,0 0 1,
  0 0 1,0 0 1,
  0 0 1,0 0 1,
  0 0 1,0 0 1,
  0 0 1,0 0 1,
  0 0 1,0 0 1,
  0 0 1,0 0 1,
  0 0 1,0 0 1,
  0 0 1,0 0 1,
  0 0 1,0 0 1,
  0 0 1,0 0 1,
  0 0 1,0 0 1,
  0 0 1,0 0 1,
  0 0 -1,0 0 -1,
  0 0 -1,0 0 -1,
  0 0 -1,0 0 -1,
  0 0 -1,0 0 -1,
  0 0 -1,0 0 -1,
  0 0 -1,0 0 -1,
  0 0 -1,0 0 -1,
  0 0 -1,0 0 -1,
  0 0 -1,0 0 -1,
  0 0 -1,0 0 -1,
  0 0 -1,0 0 -1,
  0 0 -1,0 0 -1,
  0 0 -1,0 0 -1,
  0 0 -1,0 0 -1,
  0 0 -1,0 0 -1,
  0 0 -1,0 0 -1,
  0 0 -1,0 0 -1,
  0 0 -1,0 0 -1,
  0 0 -1,0 0 -1,
  0 0 -1,0 0 -1,
  0 0 -1,0 0 -1,
  0 0 -1,0 0 -1,
  0 0 -1,0 0 -1,
  0 0 -1,0 0 -1,
  0 0 -1,0 0 -1,
  0 0 -1,0 0 -1,
  0 0 -1,0 0 -1,
  0 0 -1,0 0 -1,
  0 0 -1,0 0 -1,
  0 0 -1,0 0 -1,
  0 0 -1,0 0 -1,
  0 0 -1,0 0 -1,
  0 0 -1,0 0 -1,
  0 0 -1,0 0 -1,
  0 0 -1,0 0 -1,
  0 0 -1,0 0 -1,
  0 0 -1,0 0 -1,
  0 0 -1,0 0 -1,
  0 0 -1,0 0 -1,
  0 0 -1,0 0 -1,
  0 0 -1,0 0 -1,
  0 0 -1,0 0 -1,
  0 0 -1,0 0 -1,
  0 0 -1,0 0 -1,
  0 0 -1,0 0 -1,
  0 0 -1,0 0 -1,
  0 0 -1,0 0 -1,
  0 0 -1,0 0 -1,
  0 0 -1,0 0 -1,
  0 0 -1,0 0 -1,
  0 0 -1,0 0 -1,
  0 0 -1,0 0 -1,
  0 0 -1,0 0 -1,
  0 0 -1,0 0 -1,
  0 0 -1,0 0 -1,
  0 0 -1,0 0 -1,
  0 0 -1,0 0 -1,
  0 0 -1,0 0 -1,
  0 0 -1,0 0 -1,
  0 0 -1,0 0 -1,
  0 0 -1,0 0 -1,
  0 0 -1,0 0 -1,
  0 0 -1,0 0 -1,
  0 0 -1,0 0 -1,
  0 0 -1,0 0 -1,
  0 0 -1,0 0 -1,
  0 0 -1,0 0 -1,
  0 0 -1,0 0 -1,
  0 0 -1,0 0 -1,
  0 0 -1,0 0 -1,
  0 0 -1,0 0 -1,
  0 0 -1,0 0 -1,
  0 0 -1,0 0 -1,
  0 0 -1,0 0 -1,
  0 0 -1,0 0 -1,
  0 0 -1,0 0 -1,
  0 0 -1,0 0 -1,
  0 0 -1,0 0 -1,
  0 0 -1,0 0 -1,
  0 0 -1,0 0 -1,
  0 0 -1,0 0 -1,
  0 0 -1,0 0 -1,
  0 0 -1,0 0 -1,
  0 0 -1,0 0 -1,
  0 0 -1,0 0 -1,
  0 0 -1,0 0 -1,
  0 0 -1,0 0 -1,
  0 0 -1,0 0 -1,
  0 0 -1,0 0 -1,
  0 0 -1,0 0 -1,
  0 0 -1,0 0 -1,
  0 0 -1,0 0 -1,
  0 0 -1,0 0 -1,
  0 0 -1,0 0 -1,
  0 0 -1,0 0 -1,
  0 0 -1,0 0 -1,
  0 0 -1,0 0 -1,
  0 0 -1,0 0 -1,
  0 0 -1,0 0 -1,
  0 0 -1,0 0 -1,
  0 0 -1,0 0 -1,
  0 0 -1,0 0 -1,
  0 0 -1,0 0 -1,
  0 0 -1,0 0 -1,
  0 0 -1,0 0 -1,
  0 0 -1,0 0 -1,
  0 0 -1,0 0 -1,
  0 0 -1,0 0 -1,
  0 0 -1,0 0 -1,
  0 0 -1,0 0 -1,
  0 0 -1,0 0 -1,
  0 0 -1,0 0 -1,
  0 0 -1,0 0 -1,
  0 0 -1,0 0 -1,
  0 0 -1,0 0 -1,
  0 0 -1,0 0 -1,
  0 0 -1,0 0 -1,
  0 0 -1,0 0 -1,
  0 0 -1,0 0 -1,
  0 0 -1,0 0 -1,
  0 0 -1,0 0 -1,
  0 0 -1,0 0 -1,
  0 0 -1,0 0 -1,
  0 0 -1,0 0 -1,
  0 0 -1,0 0 -1,
  0 0 -1,0 0 -1,
  0 0 -1,0 0 -1,
  0 0 -1,0 0 -1,
  0 0 -1,0 0 -1,
  0 0 -1,0 0 -1,
  0 0 -1,0 0 -1,
  0 0 -1,0 0 -1,
  0 0 -1,0 0 -1,
  0 0 -1,0 0 -1,
  0 0 -1,0 0 -1,
  0 0 -1,0 0 -1,
  0 0 -1,0 0 -1,
  0 0 -1,0 0 -1,
  0 0 -1,0 0 -1,
  0 0 -1,0 0 -1,
  0 0 -1,0 0 -1,
  0 0 -1,0 0 -1,
  0 0 -1,0 0 -1,
  0 0 -1,0 0 -1,
  0 0 -1,0 0 -1,
  0 0 -1,0 0 -1,
  0 0 -1,0 0 -1,
  0 0 -1,0 0 -1,
  0 0 -1,0 0 -1,
  0 0 -1,0 0 -1,
  0 0 -1,0 0 -1,
  0 0 -1,0 0 -1,
  0 0 -1,0 0 -1,
  0 0 -1,0 0 -1,
  0 0 -1,0 0 -1,
  0 0 -1,0 0 -1,
  0 0 -1,0 0 -1,
  0 0 -1,0 0 -1,
  0 0 -1,0 0 -1,
  0 0 -1,0 0 -1,
  0 0 -1,0 0 -1,
  0 0 -1,0 0 -1,
  0 0 -1,0 0 -1,
  0 0 -1,0 0 -1,
  0 0 -1,0 0 -1,
  0 0 -1,0 0 -1,
  0 0 -1,0 0 -1,
  0 0 -1,0 0 -1,
  0 0 -1,0 0 -1,
  0 0 -1,0 0 -1,
  0 0 -1,0 0 -1,
  0 0 -1,0 0 -1,
  0 0 -1,0 0 -1,
  0 0 -1,0 0 -1,
  0 0 -1,0 0 -1,
  0 0 -1,0 0 -1,
  0 0 -1,0 0 -1,
  0 0 -1,0 0 -1,
  0 0 -1,0 0 -1,
  0 0 -1,0 0 -1,
  0 0 -1,0 0 -1,
  0 0 -1,0 0 -1,
  0 0 -1,0 0 -1,
  0 0 -1,0 0 -1,
  0 0 -1,0 0 -1,
  0 0 -1,0 0 -1,
  0 0 -1,0 0 -1,
  0 0 -1,0 0 -1,
  0 0 -1,0 0 -1,
  0 0 -1,0 0 -1,
  0 0 -1,0 0 -1,
  0 0 -1,0 0 -1,
  0 0 -1,0 0 -1,
  0 0 -1,0 0 -1,
  0 0 -1,0 0 -1,
  0 0 -1,0 0 -1,
  0 0 -1,0 0 -1,
  0 0 -1,0 0 -1,
  0 0 -1,0 0 -1,
  0 0 -1,0 0 -1,
  0 0 -1,0 0 -1,
  0 0 -1,0 0 -1,
  0 0 -1,0 0 -1,
  0 0 -1,0 0 -1,
  0 0 -1,0 0 -1,
  0 0 -1,0 0 -1,
  0 0 -1,0 0 -1,
  0 0 -1,0 0 -1,
  0 0 -1,0 0 -1,
  0 0 -1,0 0 -1,
  0 0 -1,0 0 -1,
  0 0 -1,0 0 -1,
  0 0 -1,0 0 -1,
  0 0 -1,0 0 -1,
  0 0 -1,0 0 -1,
  0 0 -1,0 0 -1,
  0 0 -1,0 0 -1,
  0 0 -1,0 0 -1,
  0 0 -1,0 0 -1,
  0 0 -1,0 0 -1,
  0 0 -1,0 0 -1,
  0 0 -1,0 0 -1,
  0 0 -1,0 0 -1,
  0 0 -1,0 0 -1,
  0 0 -1,0 0 -1,
  0 0 -1,0 0 -1,
  0 0 -1,0 0 -1,
  0 0 -1,0 0 -1,
  0 0 -1,0 0 -1,
  0 0 -1,0 0 -1,
  0 0 -1,0 0 -1,
  0 0 -1,0 0 -1,
  0 0 -1,0 0 -1,
  0 0 -1,0 0 -1,
  0 0 -1,0 0 -1,
  0 0 -1,0 0 -1,
  0 0 -1,0 0 -1,
  0 0 -1,0 0 -1,
  0 0 -1,0 0 -1,
  0 0 -1,0 0 -1,
  0 0 -1,0 0 -1,
  0 0 -1,0 0 -1,
  0 0 -1,0 0 -1,
  0 0 -1,0 0 -1,
  0 0 -1,0 0 -1,
  0 0 -1,0 0 -1,
  0 0 -1,0 0 -1,
  0 0 -1,0 0 -1,
  0 0 -1,0 0 -1,
  0 0 -1,0 0 -1,
  0 0 -1,0 0 -1,
  0 0 -1,0 0 -1,
  0 0 -1,0 0 -1,
  0 0 -1,0 0 -1,
  0 0 -1,0 0 -1,
  0 0 -1,0 0 -1,
  0 0 -1,0 0 -1] }
}
}
DEF SHAPE_372 Shape {
 appearance USE APP_18
 geometry DEF FACE_372 IndexedFaceSet {
  coord DEF COORD_372 Coordinate { point [
  1.372084 0.29386541 0.31003937,1.3618292 0.27610355 0.31003937,
  1.372084 0.29386541 -0.31003937,1.372084 0.29386541 -0.31003937,
  1.3618292 0.27610355 0.31003937,1.3618292 0.27610355 -0.31003937,
  1.3877953 0.30704874 0.31003937,1.372084 0.29386541 0.31003937,
  1.3877953 0.30704874 -0.31003937,1.3877953 0.30704874 -0.31003937,
  1.372084 0.29386541 0.31003937,1.372084 0.29386541 -0.31003937,
  1.407068 0.31406345 0.31003937,1.3877953 0.30704874 0.31003937,
  1.407068 0.31406345 -0.31003937,1.407068 0.31406345 -0.31003937,
  1.3877953 0.30704874 0.31003937,1.3877953 0.30704874 -0.31003937,
  1.4275776 0.31406345 0.31003937,1.407068 0.31406345 0.31003937,
  1.4275776 0.31406345 -0.31003937,1.4275776 0.31406345 -0.31003937,
  1.407068 0.31406345 0.31003937,1.407068 0.31406345 -0.31003937,
  1.4468504 0.30704874 0.31003937,1.4275776 0.31406345 0.31003937,
  1.4468504 0.30704874 -0.31003937,1.4468504 0.30704874 -0.31003937,
  1.4275776 0.31406345 0.31003937,1.4275776 0.31406345 -0.31003937,
  1.4625617 0.29386541 0.31003937,1.4468504 0.30704874 0.31003937,
  1.4625617 0.29386541 -0.31003937,1.4625617 0.29386541 -0.31003937,
  1.4468504 0.30704874 0.31003937,1.4468504 0.30704874 -0.31003937,
  1.4728165 0.27610355 0.31003937,1.4625617 0.29386541 0.31003937,
  1.4728165 0.27610355 -0.31003937,1.4728165 0.27610355 -0.31003937,
  1.4625617 0.29386541 0.31003937,1.4625617 0.29386541 -0.31003937,
  1.476378 0.25590551 0.31003937,1.4728165 0.27610355 0.31003937,
  1.476378 0.25590551 -0.31003937,1.476378 0.25590551 -0.31003937,
  1.4728165 0.27610355 0.31003937,1.4728165 0.27610355 -0.31003937,
  1.4728165 0.23570747 0.31003937,1.476378 0.25590551 0.31003937,
  1.4728165 0.23570747 -0.31003937,1.4728165 0.23570747 -0.31003937,
  1.476378 0.25590551 0.31003937,1.476378 0.25590551 -0.31003937,
  1.4625617 0.21794561 0.31003937,1.4728165 0.23570747 0.31003937,
  1.4625617 0.21794561 -0.31003937,1.4625617 0.21794561 -0.31003937,
  1.4728165 0.23570747 0.31003937,1.4728165 0.23570747 -0.31003937,
  1.4468504 0.20476228 0.31003937,1.4625617 0.21794561 0.31003937,
  1.4468504 0.20476228 -0.31003937,1.4468504 0.20476228 -0.31003937,
  1.4625617 0.21794561 0.31003937,1.4625617 0.21794561 -0.31003937,
  1.4275776 0.19774757 0.31003937,1.4468504 0.20476228 0.31003937,
  1.4275776 0.19774757 -0.31003937,1.4275776 0.19774757 -0.31003937,
  1.4468504 0.20476228 0.31003937,1.4468504 0.20476228 -0.31003937,
  1.407068 0.19774757 0.31003937,1.4275776 0.19774757 0.31003937,
  1.407068 0.19774757 -0.31003937,1.407068 0.19774757 -0.31003937,
  1.4275776 0.19774757 0.31003937,1.4275776 0.19774757 -0.31003937,
  1.3877953 0.20476228 0.31003937,1.407068 0.19774757 0.31003937,
  1.3877953 0.20476228 -0.31003937,1.3877953 0.20476228 -0.31003937,
  1.407068 0.19774757 0.31003937,1.407068 0.19774757 -0.31003937,
  1.372084 0.21794561 0.31003937,1.3877953 0.20476228 0.31003937,
  1.372084 0.21794561 -0.31003937,1.372084 0.21794561 -0.31003937,
  1.3877953 0.20476228 0.31003937,1.3877953 0.20476228 -0.31003937,
  1.3618292 0.23570747 0.31003937,1.372084 0.21794561 0.31003937,
  1.3618292 0.23570747 -0.31003937,1.3618292 0.23570747 -0.31003937,
  1.372084 0.21794561 0.31003937,1.372084 0.21794561 -0.31003937,
  1.3582677 0.25590551 0.31003937,1.3618292 0.23570747 0.31003937,
  1.3582677 0.25590551 -0.31003937,1.3582677 0.25590551 -0.31003937,
  1.3618292 0.23570747 0.31003937,1.3618292 0.23570747 -0.31003937,
  1.3618292 0.27610355 0.31003937,1.3582677 0.25590551 0.31003937,
  1.3618292 0.27610355 -0.31003937,1.3618292 0.27610355 -0.31003937,
  1.3582677 0.25590551 0.31003937,1.3582677 0.25590551 -0.31003937,
  0.37045429 3.5427941 0.31003937,0.37401575 3.5629921 0.31003937,
  0.37045429 3.5427941 -0.31003937,0.37045429 3.5427941 -0.31003937,
  0.37401575 3.5629921 0.31003937,0.37401575 3.5629921 -0.31003937,
  0.36019947 3.5250322 0.31003937,0.37045429 3.5427941 0.31003937,
  0.36019947 3.5250322 -0.31003937,0.36019947 3.5250322 -0.31003937,
  0.37045429 3.5427941 0.31003937,0.37045429 3.5427941 -0.31003937,
  0.34448819 3.5118489 0.31003937,0.36019947 3.5250322 0.31003937,
  0.34448819 3.5118489 -0.31003937,0.34448819 3.5118489 -0.31003937,
  0.36019947 3.5250322 0.31003937,0.36019947 3.5250322 -0.31003937,
  0.32521544 3.5048342 0.31003937,0.34448819 3.5118489 0.31003937,
  0.32521544 3.5048342 -0.31003937,0.32521544 3.5048342 -0.31003937,
  0.34448819 3.5118489 0.31003937,0.34448819 3.5118489 -0.31003937,
  0.30470582 3.5048342 0.31003937,0.32521544 3.5048342 0.31003937,
  0.30470582 3.5048342 -0.31003937,0.30470582 3.5048342 -0.31003937,
  0.32521544 3.5048342 0.31003937,0.32521544 3.5048342 -0.31003937,
  0.28543307 3.5118489 0.31003937,0.30470582 3.5048342 0.31003937,
  0.28543307 3.5118489 -0.31003937,0.28543307 3.5118489 -0.31003937,
  0.30470582 3.5048342 0.31003937,0.30470582 3.5048342 -0.31003937,
  0.26972178 3.5250322 0.31003937,0.28543307 3.5118489 0.31003937,
  0.26972178 3.5250322 -0.31003937,0.26972178 3.5250322 -0.31003937,
  0.28543307 3.5118489 0.31003937,0.28543307 3.5118489 -0.31003937,
  0.25946697 3.5427941 0.31003937,0.26972178 3.5250322 0.31003937,
  0.25946697 3.5427941 -0.31003937,0.25946697 3.5427941 -0.31003937,
  0.26972178 3.5250322 0.31003937,0.26972178 3.5250322 -0.31003937,
  0.25590551 3.5629921 0.31003937,0.25946697 3.5427941 0.31003937,
  0.25590551 3.5629921 -0.31003937,0.25590551 3.5629921 -0.31003937,
  0.25946697 3.5427941 0.31003937,0.25946697 3.5427941 -0.31003937,
  0.25946697 3.5831902 0.31003937,0.25590551 3.5629921 0.31003937,
  0.25946697 3.5831902 -0.31003937,0.25946697 3.5831902 -0.31003937,
  0.25590551 3.5629921 0.31003937,0.25590551 3.5629921 -0.31003937,
  0.26972178 3.600952 0.31003937,0.25946697 3.5831902 0.31003937,
  0.26972178 3.600952 -0.31003937,0.26972178 3.600952 -0.31003937,
  0.25946697 3.5831902 0.31003937,0.25946697 3.5831902 -0.31003937,
  0.28543307 3.6141354 0.31003937,0.26972178 3.600952 0.31003937,
  0.28543307 3.6141354 -0.31003937,0.28543307 3.6141354 -0.31003937,
  0.26972178 3.600952 0.31003937,0.26972178 3.600952 -0.31003937,
  0.30470582 3.6211501 0.31003937,0.28543307 3.6141354 0.31003937,
  0.30470582 3.6211501 -0.31003937,0.30470582 3.6211501 -0.31003937,
  0.28543307 3.6141354 0.31003937,0.28543307 3.6141354 -0.31003937,
  0.32521544 3.6211501 0.31003937,0.30470582 3.6211501 0.31003937,
  0.32521544 3.6211501 -0.31003937,0.32521544 3.6211501 -0.31003937,
  0.30470582 3.6211501 0.31003937,0.30470582 3.6211501 -0.31003937,
  0.34448819 3.6141354 0.31003937,0.32521544 3.6211501 0.31003937,
  0.34448819 3.6141354 -0.31003937,0.34448819 3.6141354 -0.31003937,
  0.32521544 3.6211501 0.31003937,0.32521544 3.6211501 -0.31003937,
  0.36019947 3.600952 0.31003937,0.34448819 3.6141354 0.31003937,
  0.36019947 3.600952 -0.31003937,0.36019947 3.600952 -0.31003937,
  0.34448819 3.6141354 0.31003937,0.34448819 3.6141354 -0.31003937,
  0.37045429 3.5831902 0.31003937,0.36019947 3.600952 0.31003937,
  0.37045429 3.5831902 -0.31003937,0.37045429 3.5831902 -0.31003937,
  0.36019947 3.600952 0.31003937,0.36019947 3.600952 -0.31003937,
  0.37401575 3.5629921 0.31003937,0.37045429 3.5831902 0.31003937,
  0.37401575 3.5629921 -0.31003937,0.37401575 3.5629921 -0.31003937,
  0.37045429 3.5831902 0.31003937,0.37045429 3.5831902 -0.31003937,
  1.0862386 2.1658673 0.31003937,1.0826772 2.1456693 0.31003937,
  1.0862386 2.1658673 -0.31003937,1.0862386 2.1658673 -0.31003937,
  1.0826772 2.1456693 0.31003937,1.0826772 2.1456693 -0.31003937,
  1.0964934 2.1836292 0.31003937,1.0862386 2.1658673 0.31003937,
  1.0964934 2.1836292 -0.31003937,1.0964934 2.1836292 -0.31003937,
  1.0862386 2.1658673 0.31003937,1.0862386 2.1658673 -0.31003937,
  1.1122047 2.1968125 0.31003937,1.0964934 2.1836292 0.31003937,
  1.1122047 2.1968125 -0.31003937,1.1122047 2.1968125 -0.31003937,
  1.0964934 2.1836292 0.31003937,1.0964934 2.1836292 -0.31003937,
  1.1314775 2.2038272 0.31003937,1.1122047 2.1968125 0.31003937,
  1.1314775 2.2038272 -0.31003937,1.1314775 2.2038272 -0.31003937,
  1.1122047 2.1968125 0.31003937,1.1122047 2.1968125 -0.31003937,
  1.1519871 2.2038272 0.31003937,1.1314775 2.2038272 0.31003937,
  1.1519871 2.2038272 -0.31003937,1.1519871 2.2038272 -0.31003937,
  1.1314775 2.2038272 0.31003937,1.1314775 2.2038272 -0.31003937,
  1.1712598 2.1968125 0.31003937,1.1519871 2.2038272 0.31003937,
  1.1712598 2.1968125 -0.31003937,1.1712598 2.1968125 -0.31003937,
  1.1519871 2.2038272 0.31003937,1.1519871 2.2038272 -0.31003937,
  1.1869711 2.1836292 0.31003937,1.1712598 2.1968125 0.31003937,
  1.1869711 2.1836292 -0.31003937,1.1869711 2.1836292 -0.31003937,
  1.1712598 2.1968125 0.31003937,1.1712598 2.1968125 -0.31003937,
  1.1972259 2.1658673 0.31003937,1.1869711 2.1836292 0.31003937,
  1.1972259 2.1658673 -0.31003937,1.1972259 2.1658673 -0.31003937,
  1.1869711 2.1836292 0.31003937,1.1869711 2.1836292 -0.31003937,
  1.2007874 2.1456693 0.31003937,1.1972259 2.1658673 0.31003937,
  1.2007874 2.1456693 -0.31003937,1.2007874 2.1456693 -0.31003937,
  1.1972259 2.1658673 0.31003937,1.1972259 2.1658673 -0.31003937,
  1.1972259 2.1254713 0.31003937,1.2007874 2.1456693 0.31003937,
  1.1972259 2.1254713 -0.31003937,1.1972259 2.1254713 -0.31003937,
  1.2007874 2.1456693 0.31003937,1.2007874 2.1456693 -0.31003937,
  1.1869711 2.1077094 0.31003937,1.1972259 2.1254713 0.31003937,
  1.1869711 2.1077094 -0.31003937,1.1869711 2.1077094 -0.31003937,
  1.1972259 2.1254713 0.31003937,1.1972259 2.1254713 -0.31003937,
  1.1712598 2.0945261 0.31003937,1.1869711 2.1077094 0.31003937,
  1.1712598 2.0945261 -0.31003937,1.1712598 2.0945261 -0.31003937,
  1.1869711 2.1077094 0.31003937,1.1869711 2.1077094 -0.31003937,
  1.1519871 2.0875114 0.31003937,1.1712598 2.0945261 0.31003937,
  1.1519871 2.0875114 -0.31003937,1.1519871 2.0875114 -0.31003937,
  1.1712598 2.0945261 0.31003937,1.1712598 2.0945261 -0.31003937,
  1.1314775 2.0875114 0.31003937,1.1519871 2.0875114 0.31003937,
  1.1314775 2.0875114 -0.31003937,1.1314775 2.0875114 -0.31003937,
  1.1519871 2.0875114 0.31003937,1.1519871 2.0875114 -0.31003937,
  1.1122047 2.0945261 0.31003937,1.1314775 2.0875114 0.31003937,
  1.1122047 2.0945261 -0.31003937,1.1122047 2.0945261 -0.31003937,
  1.1314775 2.0875114 0.31003937,1.1314775 2.0875114 -0.31003937,
  1.0964934 2.1077094 0.31003937,1.1122047 2.0945261 0.31003937,
  1.0964934 2.1077094 -0.31003937,1.0964934 2.1077094 -0.31003937,
  1.1122047 2.0945261 0.31003937,1.1122047 2.0945261 -0.31003937,
  1.0862386 2.1254713 0.31003937,1.0964934 2.1077094 0.31003937,
  1.0862386 2.1254713 -0.31003937,1.0862386 2.1254713 -0.31003937,
  1.0964934 2.1077094 0.31003937,1.0964934 2.1077094 -0.31003937,
  1.0826772 2.1456693 0.31003937,1.0862386 2.1254713 0.31003937,
  1.0826772 2.1456693 -0.31003937,1.0826772 2.1456693 -0.31003937,
  1.0862386 2.1254713 0.31003937,1.0862386 2.1254713 -0.31003937,
  1.2437189 1.1028752 0.31003937,1.2401575 1.0826772 0.31003937,
  1.2437189 1.1028752 -0.31003937,1.2437189 1.1028752 -0.31003937,
  1.2401575 1.0826772 0.31003937,1.2401575 1.0826772 -0.31003937,
  1.2539738 1.1206371 0.31003937,1.2437189 1.1028752 0.31003937,
  1.2539738 1.1206371 -0.31003937,1.2539738 1.1206371 -0.31003937,
  1.2437189 1.1028752 0.31003937,1.2437189 1.1028752 -0.31003937,
  1.269685 1.1338204 0.31003937,1.2539738 1.1206371 0.31003937,
  1.269685 1.1338204 -0.31003937,1.269685 1.1338204 -0.31003937,
  1.2539738 1.1206371 0.31003937,1.2539738 1.1206371 -0.31003937,
  1.2889578 1.1408351 0.31003937,1.269685 1.1338204 0.31003937,
  1.2889578 1.1408351 -0.31003937,1.2889578 1.1408351 -0.31003937,
  1.269685 1.1338204 0.31003937,1.269685 1.1338204 -0.31003937,
  1.3094674 1.1408351 0.31003937,1.2889578 1.1408351 0.31003937,
  1.3094674 1.1408351 -0.31003937,1.3094674 1.1408351 -0.31003937,
  1.2889578 1.1408351 0.31003937,1.2889578 1.1408351 -0.31003937,
  1.3287402 1.1338204 0.31003937,1.3094674 1.1408351 0.31003937,
  1.3287402 1.1338204 -0.31003937,1.3287402 1.1338204 -0.31003937,
  1.3094674 1.1408351 0.31003937,1.3094674 1.1408351 -0.31003937,
  1.3444514 1.1206371 0.31003937,1.3287402 1.1338204 0.31003937,
  1.3444514 1.1206371 -0.31003937,1.3444514 1.1206371 -0.31003937,
  1.3287402 1.1338204 0.31003937,1.3287402 1.1338204 -0.31003937,
  1.3547063 1.1028752 0.31003937,1.3444514 1.1206371 0.31003937,
  1.3547063 1.1028752 -0.31003937,1.3547063 1.1028752 -0.31003937,
  1.3444514 1.1206371 0.31003937,1.3444514 1.1206371 -0.31003937,
  1.3582677 1.0826772 0.31003937,1.3547063 1.1028752 0.31003937,
  1.3582677 1.0826772 -0.31003937,1.3582677 1.0826772 -0.31003937,
  1.3547063 1.1028752 0.31003937,1.3547063 1.1028752 -0.31003937,
  1.3547063 1.0624791 0.31003937,1.3582677 1.0826772 0.31003937,
  1.3547063 1.0624791 -0.31003937,1.3547063 1.0624791 -0.31003937,
  1.3582677 1.0826772 0.31003937,1.3582677 1.0826772 -0.31003937,
  1.3444514 1.0447173 0.31003937,1.3547063 1.0624791 0.31003937,
  1.3444514 1.0447173 -0.31003937,1.3444514 1.0447173 -0.31003937,
  1.3547063 1.0624791 0.31003937,1.3547063 1.0624791 -0.31003937,
  1.3287402 1.0315339 0.31003937,1.3444514 1.0447173 0.31003937,
  1.3287402 1.0315339 -0.31003937,1.3287402 1.0315339 -0.31003937,
  1.3444514 1.0447173 0.31003937,1.3444514 1.0447173 -0.31003937,
  1.3094674 1.0245192 0.31003937,1.3287402 1.0315339 0.31003937,
  1.3094674 1.0245192 -0.31003937,1.3094674 1.0245192 -0.31003937,
  1.3287402 1.0315339 0.31003937,1.3287402 1.0315339 -0.31003937,
  1.2889578 1.0245192 0.31003937,1.3094674 1.0245192 0.31003937,
  1.2889578 1.0245192 -0.31003937,1.2889578 1.0245192 -0.31003937,
  1.3094674 1.0245192 0.31003937,1.3094674 1.0245192 -0.31003937,
  1.269685 1.0315339 0.31003937,1.2889578 1.0245192 0.31003937,
  1.269685 1.0315339 -0.31003937,1.269685 1.0315339 -0.31003937,
  1.2889578 1.0245192 0.31003937,1.2889578 1.0245192 -0.31003937,
  1.2539738 1.0447173 0.31003937,1.269685 1.0315339 0.31003937,
  1.2539738 1.0447173 -0.31003937,1.2539738 1.0447173 -0.31003937,
  1.269685 1.0315339 0.31003937,1.269685 1.0315339 -0.31003937,
  1.2437189 1.0624791 0.31003937,1.2539738 1.0447173 0.31003937,
  1.2437189 1.0624791 -0.31003937,1.2437189 1.0624791 -0.31003937,
  1.2539738 1.0447173 0.31003937,1.2539738 1.0447173 -0.31003937,
  1.2401575 1.0826772 0.31003937,1.2437189 1.0624791 0.31003937,
  1.2401575 1.0826772 -0.31003937,1.2401575 1.0826772 -0.31003937,
  1.2437189 1.0624791 0.31003937,1.2437189 1.0624791 -0.31003937,
  0.22009689 2.2446075 0.31003937,0.21653543 2.2244094 0.31003937,
  0.22009689 2.2446075 -0.31003937,0.22009689 2.2446075 -0.31003937,
  0.21653543 2.2244094 0.31003937,0.21653543 2.2244094 -0.31003937,
  0.23035171 2.2623693 0.31003937,0.22009689 2.2446075 0.31003937,
  0.23035171 2.2623693 -0.31003937,0.23035171 2.2623693 -0.31003937,
  0.22009689 2.2446075 0.31003937,0.22009689 2.2446075 -0.31003937,
  0.24606299 2.2755527 0.31003937,0.23035171 2.2623693 0.31003937,
  0.24606299 2.2755527 -0.31003937,0.24606299 2.2755527 -0.31003937,
  0.23035171 2.2623693 0.31003937,0.23035171 2.2623693 -0.31003937,
  0.26533574 2.2825674 0.31003937,0.24606299 2.2755527 0.31003937,
  0.26533574 2.2825674 -0.31003937,0.26533574 2.2825674 -0.31003937,
  0.24606299 2.2755527 0.31003937,0.24606299 2.2755527 -0.31003937,
  0.28584536 2.2825674 0.31003937,0.26533574 2.2825674 0.31003937,
  0.28584536 2.2825674 -0.31003937,0.28584536 2.2825674 -0.31003937,
  0.26533574 2.2825674 0.31003937,0.26533574 2.2825674 -0.31003937,
  0.30511811 2.2755527 0.31003937,0.28584536 2.2825674 0.31003937,
  0.30511811 2.2755527 -0.31003937,0.30511811 2.2755527 -0.31003937,
  0.28584536 2.2825674 0.31003937,0.28584536 2.2825674 -0.31003937,
  0.3208294 2.2623693 0.31003937,0.30511811 2.2755527 0.31003937,
  0.3208294 2.2623693 -0.31003937,0.3208294 2.2623693 -0.31003937,
  0.30511811 2.2755527 0.31003937,0.30511811 2.2755527 -0.31003937,
  0.33108421 2.2446075 0.31003937,0.3208294 2.2623693 0.31003937,
  0.33108421 2.2446075 -0.31003937,0.33108421 2.2446075 -0.31003937,
  0.3208294 2.2623693 0.31003937,0.3208294 2.2623693 -0.31003937,
  0.33464567 2.2244094 0.31003937,0.33108421 2.2446075 0.31003937,
  0.33464567 2.2244094 -0.31003937,0.33464567 2.2244094 -0.31003937,
  0.33108421 2.2446075 0.31003937,0.33108421 2.2446075 -0.31003937,
  0.33108421 2.2042114 0.31003937,0.33464567 2.2244094 0.31003937,
  0.33108421 2.2042114 -0.31003937,0.33108421 2.2042114 -0.31003937,
  0.33464567 2.2244094 0.31003937,0.33464567 2.2244094 -0.31003937,
  0.3208294 2.1864496 0.31003937,0.33108421 2.2042114 0.31003937,
  0.3208294 2.1864496 -0.31003937,0.3208294 2.1864496 -0.31003937,
  0.33108421 2.2042114 0.31003937,0.33108421 2.2042114 -0.31003937,
  0.30511811 2.1732662 0.31003937,0.3208294 2.1864496 0.31003937,
  0.30511811 2.1732662 -0.31003937,0.30511811 2.1732662 -0.31003937,
  0.3208294 2.1864496 0.31003937,0.3208294 2.1864496 -0.31003937,
  0.28584536 2.1662515 0.31003937,0.30511811 2.1732662 0.31003937,
  0.28584536 2.1662515 -0.31003937,0.28584536 2.1662515 -0.31003937,
  0.30511811 2.1732662 0.31003937,0.30511811 2.1732662 -0.31003937,
  0.26533574 2.1662515 0.31003937,0.28584536 2.1662515 0.31003937,
  0.26533574 2.1662515 -0.31003937,0.26533574 2.1662515 -0.31003937,
  0.28584536 2.1662515 0.31003937,0.28584536 2.1662515 -0.31003937,
  0.24606299 2.1732662 0.31003937,0.26533574 2.1662515 0.31003937,
  0.24606299 2.1732662 -0.31003937,0.24606299 2.1732662 -0.31003937,
  0.26533574 2.1662515 0.31003937,0.26533574 2.1662515 -0.31003937,
  0.23035171 2.1864496 0.31003937,0.24606299 2.1732662 0.31003937,
  0.23035171 2.1864496 -0.31003937,0.23035171 2.1864496 -0.31003937,
  0.24606299 2.1732662 0.31003937,0.24606299 2.1732662 -0.31003937,
  0.22009689 2.2042114 0.31003937,0.23035171 2.1864496 0.31003937,
  0.22009689 2.2042114 -0.31003937,0.22009689 2.2042114 -0.31003937,
  0.23035171 2.1864496 0.31003937,0.23035171 2.1864496 -0.31003937,
  0.21653543 2.2244094 0.31003937,0.22009689 2.2042114 0.31003937,
  0.21653543 2.2244094 -0.31003937,0.21653543 2.2244094 -0.31003937,
  0.22009689 2.2042114 0.31003937,0.22009689 2.2042114 -0.31003937,
  0.09125932 1.141463 0.31003937,0.086614173 1.1181102 0.31003937,
  0.09125932 1.141463 -0.31003937,0.09125932 1.141463 -0.31003937,
  0.086614173 1.1181102 0.31003937,0.086614173 1.1181102 -0.31003937,
  0.10448758 1.1612605 0.31003937,0.09125932 1.141463 0.31003937,
  0.10448758 1.1612605 -0.31003937,0.10448758 1.1612605 -0.31003937,
  0.09125932 1.141463 0.31003937,0.09125932 1.141463 -0.31003937,
  0.12428507 1.1744887 0.31003937,0.10448758 1.1612605 0.31003937,
  0.12428507 1.1744887 -0.31003937,0.12428507 1.1744887 -0.31003937,
  0.10448758 1.1612605 0.31003937,0.10448758 1.1612605 -0.31003937,
  0.1476378 1.1791339 0.31003937,0.12428507 1.1744887 0.31003937,
  0.1476378 1.1791339 -0.31003937,0.1476378 1.1791339 -0.31003937,
  0.12428507 1.1744887 0.31003937,0.12428507 1.1744887 -0.31003937,
  0.17099052 1.1744887 0.31003937,0.1476378 1.1791339 0.31003937,
  0.17099052 1.1744887 -0.31003937,0.17099052 1.1744887 -0.31003937,
  0.1476378 1.1791339 0.31003937,0.1476378 1.1791339 -0.31003937,
  0.19078801 1.1612605 0.31003937,0.17099052 1.1744887 0.31003937,
  0.19078801 1.1612605 -0.31003937,0.19078801 1.1612605 -0.31003937,
  0.17099052 1.1744887 0.31003937,0.17099052 1.1744887 -0.31003937,
  0.20401627 1.141463 0.31003937,0.19078801 1.1612605 0.31003937,
  0.20401627 1.141463 -0.31003937,0.20401627 1.141463 -0.31003937,
  0.19078801 1.1612605 0.31003937,0.19078801 1.1612605 -0.31003937,
  0.20866142 1.1181102 0.31003937,0.20401627 1.141463 0.31003937,
  0.20866142 1.1181102 -0.31003937,0.20866142 1.1181102 -0.31003937,
  0.20401627 1.141463 0.31003937,0.20401627 1.141463 -0.31003937,
  0.20401627 1.0947575 0.31003937,0.20866142 1.1181102 0.31003937,
  0.20401627 1.0947575 -0.31003937,0.20401627 1.0947575 -0.31003937,
  0.20866142 1.1181102 0.31003937,0.20866142 1.1181102 -0.31003937,
  0.19078801 1.07496 0.31003937,0.20401627 1.0947575 0.31003937,
  0.19078801 1.07496 -0.31003937,0.19078801 1.07496 -0.31003937,
  0.20401627 1.0947575 0.31003937,0.20401627 1.0947575 -0.31003937,
  0.17099052 1.0617318 0.31003937,0.19078801 1.07496 0.31003937,
  0.17099052 1.0617318 -0.31003937,0.17099052 1.0617318 -0.31003937,
  0.19078801 1.07496 0.31003937,0.19078801 1.07496 -0.31003937,
  0.1476378 1.0570866 0.31003937,0.17099052 1.0617318 0.31003937,
  0.1476378 1.0570866 -0.31003937,0.1476378 1.0570866 -0.31003937,
  0.17099052 1.0617318 0.31003937,0.17099052 1.0617318 -0.31003937,
  0.12428507 1.0617318 0.31003937,0.1476378 1.0570866 0.31003937,
  0.12428507 1.0617318 -0.31003937,0.12428507 1.0617318 -0.31003937,
  0.1476378 1.0570866 0.31003937,0.1476378 1.0570866 -0.31003937,
  0.10448758 1.07496 0.31003937,0.12428507 1.0617318 0.31003937,
  0.10448758 1.07496 -0.31003937,0.10448758 1.07496 -0.31003937,
  0.12428507 1.0617318 0.31003937,0.12428507 1.0617318 -0.31003937,
  0.09125932 1.0947575 0.31003937,0.10448758 1.07496 0.31003937,
  0.09125932 1.0947575 -0.31003937,0.09125932 1.0947575 -0.31003937,
  0.10448758 1.07496 0.31003937,0.10448758 1.07496 -0.31003937,
  0.086614173 1.1181102 0.31003937,0.09125932 1.0947575 0.31003937,
  0.086614173 1.1181102 -0.31003937,0.086614173 1.1181102 -0.31003937,
  0.09125932 1.0947575 0.31003937,0.09125932 1.0947575 -0.31003937,
  0 0 0.31003937,0 3.8582677 0.31003937,
  0 0 -0.31003937,0 0 -0.31003937,
  0 3.8582677 0.31003937,0 3.8582677 -0.31003937,
  5.984252 0 0.31003937,0 0 0.31003937,
  5.984252 0 -0.31003937,5.984252 0 -0.31003937,
  0 0 0.31003937,0 0 -0.31003937,
  5.984252 3.8582677 0.31003937,5.984252 0 0.31003937,
  5.984252 3.8582677 -0.31003937,5.984252 3.8582677 -0.31003937,
  5.984252 0 0.31003937,5.984252 0 -0.31003937,
  0 3.8582677 0.31003937,5.984252 3.8582677 0.31003937,
  0 3.8582677 -0.31003937,0 3.8582677 -0.31003937,
  5.984252 3.8582677 0.31003937,5.984252 3.8582677 -0.31003937,
  0.09125932 0.74776218 0.31003937,0.086614173 0.72440945 0.31003937,
  0.09125932 0.74776218 -0.31003937,0.09125932 0.74776218 -0.31003937,
  0.086614173 0.72440945 0.31003937,0.086614173 0.72440945 -0.31003937,
  0.10448758 0.76755967 0.31003937,0.09125932 0.74776218 0.31003937,
  0.10448758 0.76755967 -0.31003937,0.10448758 0.76755967 -0.31003937,
  0.09125932 0.74776218 0.31003937,0.09125932 0.74776218 -0.31003937,
  0.12428507 0.78078792 0.31003937,0.10448758 0.76755967 0.31003937,
  0.12428507 0.78078792 -0.31003937,0.12428507 0.78078792 -0.31003937,
  0.10448758 0.76755967 0.31003937,0.10448758 0.76755967 -0.31003937,
  0.1476378 0.78543307 0.31003937,0.12428507 0.78078792 0.31003937,
  0.1476378 0.78543307 -0.31003937,0.1476378 0.78543307 -0.31003937,
  0.12428507 0.78078792 0.31003937,0.12428507 0.78078792 -0.31003937,
  0.17099052 0.78078792 0.31003937,0.1476378 0.78543307 0.31003937,
  0.17099052 0.78078792 -0.31003937,0.17099052 0.78078792 -0.31003937,
  0.1476378 0.78543307 0.31003937,0.1476378 0.78543307 -0.31003937,
  0.19078801 0.76755967 0.31003937,0.17099052 0.78078792 0.31003937,
  0.19078801 0.76755967 -0.31003937,0.19078801 0.76755967 -0.31003937,
  0.17099052 0.78078792 0.31003937,0.17099052 0.78078792 -0.31003937,
  0.20401627 0.74776218 0.31003937,0.19078801 0.76755967 0.31003937,
  0.20401627 0.74776218 -0.31003937,0.20401627 0.74776218 -0.31003937,
  0.19078801 0.76755967 0.31003937,0.19078801 0.76755967 -0.31003937,
  0.20866142 0.72440945 0.31003937,0.20401627 0.74776218 0.31003937,
  0.20866142 0.72440945 -0.31003937,0.20866142 0.72440945 -0.31003937,
  0.20401627 0.74776218 0.31003937,0.20401627 0.74776218 -0.31003937,
  0.20401627 0.70105672 0.31003937,0.20866142 0.72440945 0.31003937,
  0.20401627 0.70105672 -0.31003937,0.20401627 0.70105672 -0.31003937,
  0.20866142 0.72440945 0.31003937,0.20866142 0.72440945 -0.31003937,
  0.19078801 0.68125923 0.31003937,0.20401627 0.70105672 0.31003937,
  0.19078801 0.68125923 -0.31003937,0.19078801 0.68125923 -0.31003937,
  0.20401627 0.70105672 0.31003937,0.20401627 0.70105672 -0.31003937,
  0.17099052 0.66803097 0.31003937,0.19078801 0.68125923 0.31003937,
  0.17099052 0.66803097 -0.31003937,0.17099052 0.66803097 -0.31003937,
  0.19078801 0.68125923 0.31003937,0.19078801 0.68125923 -0.31003937,
  0.1476378 0.66338583 0.31003937,0.17099052 0.66803097 0.31003937,
  0.1476378 0.66338583 -0.31003937,0.1476378 0.66338583 -0.31003937,
  0.17099052 0.66803097 0.31003937,0.17099052 0.66803097 -0.31003937,
  0.12428507 0.66803097 0.31003937,0.1476378 0.66338583 0.31003937,
  0.12428507 0.66803097 -0.31003937,0.12428507 0.66803097 -0.31003937,
  0.1476378 0.66338583 0.31003937,0.1476378 0.66338583 -0.31003937,
  0.10448758 0.68125923 0.31003937,0.12428507 0.66803097 0.31003937,
  0.10448758 0.68125923 -0.31003937,0.10448758 0.68125923 -0.31003937,
  0.12428507 0.66803097 0.31003937,0.12428507 0.66803097 -0.31003937,
  0.09125932 0.70105672 0.31003937,0.10448758 0.68125923 0.31003937,
  0.09125932 0.70105672 -0.31003937,0.09125932 0.70105672 -0.31003937,
  0.10448758 0.68125923 0.31003937,0.10448758 0.68125923 -0.31003937,
  0.086614173 0.72440945 0.31003937,0.09125932 0.70105672 0.31003937,
  0.086614173 0.72440945 -0.31003937,0.086614173 0.72440945 -0.31003937,
  0.09125932 0.70105672 0.31003937,0.09125932 0.70105672 -0.31003937,
  5.8831501 3.6380646 0.31003937,5.8877953 3.6614173 0.31003937,
  5.8831501 3.6380646 -0.31003937,5.8831501 3.6380646 -0.31003937,
  5.8877953 3.6614173 0.31003937,5.8877953 3.6614173 -0.31003937,
  5.8699219 3.6182671 0.31003937,5.8831501 3.6380646 0.31003937,
  5.8699219 3.6182671 -0.31003937,5.8699219 3.6182671 -0.31003937,
  5.8831501 3.6380646 0.31003937,5.8831501 3.6380646 -0.31003937,
  5.8501244 3.6050388 0.31003937,5.8699219 3.6182671 0.31003937,
  5.8501244 3.6050388 -0.31003937,5.8501244 3.6050388 -0.31003937,
  5.8699219 3.6182671 0.31003937,5.8699219 3.6182671 -0.31003937,
  5.8267717 3.6003937 0.31003937,5.8501244 3.6050388 0.31003937,
  5.8267717 3.6003937 -0.31003937,5.8267717 3.6003937 -0.31003937,
  5.8501244 3.6050388 0.31003937,5.8501244 3.6050388 -0.31003937,
  5.8034189 3.6050388 0.31003937,5.8267717 3.6003937 0.31003937,
  5.8034189 3.6050388 -0.31003937,5.8034189 3.6050388 -0.31003937,
  5.8267717 3.6003937 0.31003937,5.8267717 3.6003937 -0.31003937,
  5.7836214 3.6182671 0.31003937,5.8034189 3.6050388 0.31003937,
  5.7836214 3.6182671 -0.31003937,5.7836214 3.6182671 -0.31003937,
  5.8034189 3.6050388 0.31003937,5.8034189 3.6050388 -0.31003937,
  5.7703932 3.6380646 0.31003937,5.7836214 3.6182671 0.31003937,
  5.7703932 3.6380646 -0.31003937,5.7703932 3.6380646 -0.31003937,
  5.7836214 3.6182671 0.31003937,5.7836214 3.6182671 -0.31003937,
  5.765748 3.6614173 0.31003937,5.7703932 3.6380646 0.31003937,
  5.765748 3.6614173 -0.31003937,5.765748 3.6614173 -0.31003937,
  5.7703932 3.6380646 0.31003937,5.7703932 3.6380646 -0.31003937,
  5.7703932 3.6847701 0.31003937,5.765748 3.6614173 0.31003937,
  5.7703932 3.6847701 -0.31003937,5.7703932 3.6847701 -0.31003937,
  5.765748 3.6614173 0.31003937,5.765748 3.6614173 -0.31003937,
  5.7836214 3.7045675 0.31003937,5.7703932 3.6847701 0.31003937,
  5.7836214 3.7045675 -0.31003937,5.7836214 3.7045675 -0.31003937,
  5.7703932 3.6847701 0.31003937,5.7703932 3.6847701 -0.31003937,
  5.8034189 3.7177958 0.31003937,5.7836214 3.7045675 0.31003937,
  5.8034189 3.7177958 -0.31003937,5.8034189 3.7177958 -0.31003937,
  5.7836214 3.7045675 0.31003937,5.7836214 3.7045675 -0.31003937,
  5.8267717 3.7224409 0.31003937,5.8034189 3.7177958 0.31003937,
  5.8267717 3.7224409 -0.31003937,5.8267717 3.7224409 -0.31003937,
  5.8034189 3.7177958 0.31003937,5.8034189 3.7177958 -0.31003937,
  5.8501244 3.7177958 0.31003937,5.8267717 3.7224409 0.31003937,
  5.8501244 3.7177958 -0.31003937,5.8501244 3.7177958 -0.31003937,
  5.8267717 3.7224409 0.31003937,5.8267717 3.7224409 -0.31003937,
  5.8699219 3.7045675 0.31003937,5.8501244 3.7177958 0.31003937,
  5.8699219 3.7045675 -0.31003937,5.8699219 3.7045675 -0.31003937,
  5.8501244 3.7177958 0.31003937,5.8501244 3.7177958 -0.31003937,
  5.8831501 3.6847701 0.31003937,5.8699219 3.7045675 0.31003937,
  5.8831501 3.6847701 -0.31003937,5.8831501 3.6847701 -0.31003937,
  5.8699219 3.7045675 0.31003937,5.8699219 3.7045675 -0.31003937,
  5.8877953 3.6614173 0.31003937,5.8831501 3.6847701 0.31003937,
  5.8877953 3.6614173 -0.31003937,5.8877953 3.6614173 -0.31003937,
  5.8831501 3.6847701 0.31003937,5.8831501 3.6847701 -0.31003937,
  5.8831501 3.1656236 0.31003937,5.8877953 3.1889764 0.31003937,
  5.8831501 3.1656236 -0.31003937,5.8831501 3.1656236 -0.31003937,
  5.8877953 3.1889764 0.31003937,5.8877953 3.1889764 -0.31003937,
  5.8699219 3.1458262 0.31003937,5.8831501 3.1656236 0.31003937,
  5.8699219 3.1458262 -0.31003937,5.8699219 3.1458262 -0.31003937,
  5.8831501 3.1656236 0.31003937,5.8831501 3.1656236 -0.31003937,
  5.8501244 3.1325979 0.31003937,5.8699219 3.1458262 0.31003937,
  5.8501244 3.1325979 -0.31003937,5.8501244 3.1325979 -0.31003937,
  5.8699219 3.1458262 0.31003937,5.8699219 3.1458262 -0.31003937,
  5.8267717 3.1279528 0.31003937,5.8501244 3.1325979 0.31003937,
  5.8267717 3.1279528 -0.31003937,5.8267717 3.1279528 -0.31003937,
  5.8501244 3.1325979 0.31003937,5.8501244 3.1325979 -0.31003937,
  5.8034189 3.1325979 0.31003937,5.8267717 3.1279528 0.31003937,
  5.8034189 3.1325979 -0.31003937,5.8034189 3.1325979 -0.31003937,
  5.8267717 3.1279528 0.31003937,5.8267717 3.1279528 -0.31003937,
  5.7836214 3.1458262 0.31003937,5.8034189 3.1325979 0.31003937,
  5.7836214 3.1458262 -0.31003937,5.7836214 3.1458262 -0.31003937,
  5.8034189 3.1325979 0.31003937,5.8034189 3.1325979 -0.31003937,
  5.7703932 3.1656236 0.31003937,5.7836214 3.1458262 0.31003937,
  5.7703932 3.1656236 -0.31003937,5.7703932 3.1656236 -0.31003937,
  5.7836214 3.1458262 0.31003937,5.7836214 3.1458262 -0.31003937,
  5.765748 3.1889764 0.31003937,5.7703932 3.1656236 0.31003937,
  5.765748 3.1889764 -0.31003937,5.765748 3.1889764 -0.31003937,
  5.7703932 3.1656236 0.31003937,5.7703932 3.1656236 -0.31003937,
  5.7703932 3.2123291 0.31003937,5.765748 3.1889764 0.31003937,
  5.7703932 3.2123291 -0.31003937,5.7703932 3.2123291 -0.31003937,
  5.765748 3.1889764 0.31003937,5.765748 3.1889764 -0.31003937,
  5.7836214 3.2321266 0.31003937,5.7703932 3.2123291 0.31003937,
  5.7836214 3.2321266 -0.31003937,5.7836214 3.2321266 -0.31003937,
  5.7703932 3.2123291 0.31003937,5.7703932 3.2123291 -0.31003937,
  5.8034189 3.2453549 0.31003937,5.7836214 3.2321266 0.31003937,
  5.8034189 3.2453549 -0.31003937,5.8034189 3.2453549 -0.31003937,
  5.7836214 3.2321266 0.31003937,5.7836214 3.2321266 -0.31003937,
  5.8267717 3.25 0.31003937,5.8034189 3.2453549 0.31003937,
  5.8267717 3.25 -0.31003937,5.8267717 3.25 -0.31003937,
  5.8034189 3.2453549 0.31003937,5.8034189 3.2453549 -0.31003937,
  5.8501244 3.2453549 0.31003937,5.8267717 3.25 0.31003937,
  5.8501244 3.2453549 -0.31003937,5.8501244 3.2453549 -0.31003937,
  5.8267717 3.25 0.31003937,5.8267717 3.25 -0.31003937,
  5.8699219 3.2321266 0.31003937,5.8501244 3.2453549 0.31003937,
  5.8699219 3.2321266 -0.31003937,5.8699219 3.2321266 -0.31003937,
  5.8501244 3.2453549 0.31003937,5.8501244 3.2453549 -0.31003937,
  5.8831501 3.2123291 0.31003937,5.8699219 3.2321266 0.31003937,
  5.8831501 3.2123291 -0.31003937,5.8831501 3.2123291 -0.31003937,
  5.8699219 3.2321266 0.31003937,5.8699219 3.2321266 -0.31003937,
  5.8877953 3.1889764 0.31003937,5.8831501 3.2123291 0.31003937,
  5.8877953 3.1889764 -0.31003937,5.8877953 3.1889764 -0.31003937,
  5.8831501 3.2123291 0.31003937,5.8831501 3.2123291 -0.31003937,
  5.8831501 2.6931827 0.31003937,5.8877953 2.7165354 0.31003937,
  5.8831501 2.6931827 -0.31003937,5.8831501 2.6931827 -0.31003937,
  5.8877953 2.7165354 0.31003937,5.8877953 2.7165354 -0.31003937,
  5.8699219 2.6733852 0.31003937,5.8831501 2.6931827 0.31003937,
  5.8699219 2.6733852 -0.31003937,5.8699219 2.6733852 -0.31003937,
  5.8831501 2.6931827 0.31003937,5.8831501 2.6931827 -0.31003937,
  5.8501244 2.660157 0.31003937,5.8699219 2.6733852 0.31003937,
  5.8501244 2.660157 -0.31003937,5.8501244 2.660157 -0.31003937,
  5.8699219 2.6733852 0.31003937,5.8699219 2.6733852 -0.31003937,
  5.8267717 2.6555118 0.31003937,5.8501244 2.660157 0.31003937,
  5.8267717 2.6555118 -0.31003937,5.8267717 2.6555118 -0.31003937,
  5.8501244 2.660157 0.31003937,5.8501244 2.660157 -0.31003937,
  5.8034189 2.660157 0.31003937,5.8267717 2.6555118 0.31003937,
  5.8034189 2.660157 -0.31003937,5.8034189 2.660157 -0.31003937,
  5.8267717 2.6555118 0.31003937,5.8267717 2.6555118 -0.31003937,
  5.7836214 2.6733852 0.31003937,5.8034189 2.660157 0.31003937,
  5.7836214 2.6733852 -0.31003937,5.7836214 2.6733852 -0.31003937,
  5.8034189 2.660157 0.31003937,5.8034189 2.660157 -0.31003937,
  5.7703932 2.6931827 0.31003937,5.7836214 2.6733852 0.31003937,
  5.7703932 2.6931827 -0.31003937,5.7703932 2.6931827 -0.31003937,
  5.7836214 2.6733852 0.31003937,5.7836214 2.6733852 -0.31003937,
  5.765748 2.7165354 0.31003937,5.7703932 2.6931827 0.31003937,
  5.765748 2.7165354 -0.31003937,5.765748 2.7165354 -0.31003937,
  5.7703932 2.6931827 0.31003937,5.7703932 2.6931827 -0.31003937,
  5.7703932 2.7398882 0.31003937,5.765748 2.7165354 0.31003937,
  5.7703932 2.7398882 -0.31003937,5.7703932 2.7398882 -0.31003937,
  5.765748 2.7165354 0.31003937,5.765748 2.7165354 -0.31003937,
  5.7836214 2.7596857 0.31003937,5.7703932 2.7398882 0.31003937,
  5.7836214 2.7596857 -0.31003937,5.7836214 2.7596857 -0.31003937,
  5.7703932 2.7398882 0.31003937,5.7703932 2.7398882 -0.31003937,
  5.8034189 2.7729139 0.31003937,5.7836214 2.7596857 0.31003937,
  5.8034189 2.7729139 -0.31003937,5.8034189 2.7729139 -0.31003937,
  5.7836214 2.7596857 0.31003937,5.7836214 2.7596857 -0.31003937,
  5.8267717 2.7775591 0.31003937,5.8034189 2.7729139 0.31003937,
  5.8267717 2.7775591 -0.31003937,5.8267717 2.7775591 -0.31003937,
  5.8034189 2.7729139 0.31003937,5.8034189 2.7729139 -0.31003937,
  5.8501244 2.7729139 0.31003937,5.8267717 2.7775591 0.31003937,
  5.8501244 2.7729139 -0.31003937,5.8501244 2.7729139 -0.31003937,
  5.8267717 2.7775591 0.31003937,5.8267717 2.7775591 -0.31003937,
  5.8699219 2.7596857 0.31003937,5.8501244 2.7729139 0.31003937,
  5.8699219 2.7596857 -0.31003937,5.8699219 2.7596857 -0.31003937,
  5.8501244 2.7729139 0.31003937,5.8501244 2.7729139 -0.31003937,
  5.8831501 2.7398882 0.31003937,5.8699219 2.7596857 0.31003937,
  5.8831501 2.7398882 -0.31003937,5.8831501 2.7398882 -0.31003937,
  5.8699219 2.7596857 0.31003937,5.8699219 2.7596857 -0.31003937,
  5.8877953 2.7165354 0.31003937,5.8831501 2.7398882 0.31003937,
  5.8877953 2.7165354 -0.31003937,5.8877953 2.7165354 -0.31003937,
  5.8831501 2.7398882 0.31003937,5.8831501 2.7398882 -0.31003937,
  5.8831501 2.2207418 0.31003937,5.8877953 2.2440945 0.31003937,
  5.8831501 2.2207418 -0.31003937,5.8831501 2.2207418 -0.31003937,
  5.8877953 2.2440945 0.31003937,5.8877953 2.2440945 -0.31003937,
  5.8699219 2.2009443 0.31003937,5.8831501 2.2207418 0.31003937,
  5.8699219 2.2009443 -0.31003937,5.8699219 2.2009443 -0.31003937,
  5.8831501 2.2207418 0.31003937,5.8831501 2.2207418 -0.31003937,
  5.8501244 2.187716 0.31003937,5.8699219 2.2009443 0.31003937,
  5.8501244 2.187716 -0.31003937,5.8501244 2.187716 -0.31003937,
  5.8699219 2.2009443 0.31003937,5.8699219 2.2009443 -0.31003937,
  5.8267717 2.1830709 0.31003937,5.8501244 2.187716 0.31003937,
  5.8267717 2.1830709 -0.31003937,5.8267717 2.1830709 -0.31003937,
  5.8501244 2.187716 0.31003937,5.8501244 2.187716 -0.31003937,
  5.8034189 2.187716 0.31003937,5.8267717 2.1830709 0.31003937,
  5.8034189 2.187716 -0.31003937,5.8034189 2.187716 -0.31003937,
  5.8267717 2.1830709 0.31003937,5.8267717 2.1830709 -0.31003937,
  5.7836214 2.2009443 0.31003937,5.8034189 2.187716 0.31003937,
  5.7836214 2.2009443 -0.31003937,5.7836214 2.2009443 -0.31003937,
  5.8034189 2.187716 0.31003937,5.8034189 2.187716 -0.31003937,
  5.7703932 2.2207418 0.31003937,5.7836214 2.2009443 0.31003937,
  5.7703932 2.2207418 -0.31003937,5.7703932 2.2207418 -0.31003937,
  5.7836214 2.2009443 0.31003937,5.7836214 2.2009443 -0.31003937,
  5.765748 2.2440945 0.31003937,5.7703932 2.2207418 0.31003937,
  5.765748 2.2440945 -0.31003937,5.765748 2.2440945 -0.31003937,
  5.7703932 2.2207418 0.31003937,5.7703932 2.2207418 -0.31003937,
  5.7703932 2.2674472 0.31003937,5.765748 2.2440945 0.31003937,
  5.7703932 2.2674472 -0.31003937,5.7703932 2.2674472 -0.31003937,
  5.765748 2.2440945 0.31003937,5.765748 2.2440945 -0.31003937,
  5.7836214 2.2872447 0.31003937,5.7703932 2.2674472 0.31003937,
  5.7836214 2.2872447 -0.31003937,5.7836214 2.2872447 -0.31003937,
  5.7703932 2.2674472 0.31003937,5.7703932 2.2674472 -0.31003937,
  5.8034189 2.300473 0.31003937,5.7836214 2.2872447 0.31003937,
  5.8034189 2.300473 -0.31003937,5.8034189 2.300473 -0.31003937,
  5.7836214 2.2872447 0.31003937,5.7836214 2.2872447 -0.31003937,
  5.8267717 2.3051181 0.31003937,5.8034189 2.300473 0.31003937,
  5.8267717 2.3051181 -0.31003937,5.8267717 2.3051181 -0.31003937,
  5.8034189 2.300473 0.31003937,5.8034189 2.300473 -0.31003937,
  5.8501244 2.300473 0.31003937,5.8267717 2.3051181 0.31003937,
  5.8501244 2.300473 -0.31003937,5.8501244 2.300473 -0.31003937,
  5.8267717 2.3051181 0.31003937,5.8267717 2.3051181 -0.31003937,
  5.8699219 2.2872447 0.31003937,5.8501244 2.300473 0.31003937,
  5.8699219 2.2872447 -0.31003937,5.8699219 2.2872447 -0.31003937,
  5.8501244 2.300473 0.31003937,5.8501244 2.300473 -0.31003937,
  5.8831501 2.2674472 0.31003937,5.8699219 2.2872447 0.31003937,
  5.8831501 2.2674472 -0.31003937,5.8831501 2.2674472 -0.31003937,
  5.8699219 2.2872447 0.31003937,5.8699219 2.2872447 -0.31003937,
  5.8877953 2.2440945 0.31003937,5.8831501 2.2674472 0.31003937,
  5.8877953 2.2440945 -0.31003937,5.8877953 2.2440945 -0.31003937,
  5.8831501 2.2674472 0.31003937,5.8831501 2.2674472 -0.31003937,
  0.22009689 0.27610355 0.31003937,0.21653543 0.25590551 0.31003937,
  0.22009689 0.27610355 -0.31003937,0.22009689 0.27610355 -0.31003937,
  0.21653543 0.25590551 0.31003937,0.21653543 0.25590551 -0.31003937,
  0.23035171 0.29386541 0.31003937,0.22009689 0.27610355 0.31003937,
  0.23035171 0.29386541 -0.31003937,0.23035171 0.29386541 -0.31003937,
  0.22009689 0.27610355 0.31003937,0.22009689 0.27610355 -0.31003937,
  0.24606299 0.30704874 0.31003937,0.23035171 0.29386541 0.31003937,
  0.24606299 0.30704874 -0.31003937,0.24606299 0.30704874 -0.31003937,
  0.23035171 0.29386541 0.31003937,0.23035171 0.29386541 -0.31003937,
  0.26533574 0.31406345 0.31003937,0.24606299 0.30704874 0.31003937,
  0.26533574 0.31406345 -0.31003937,0.26533574 0.31406345 -0.31003937,
  0.24606299 0.30704874 0.31003937,0.24606299 0.30704874 -0.31003937,
  0.28584536 0.31406345 0.31003937,0.26533574 0.31406345 0.31003937,
  0.28584536 0.31406345 -0.31003937,0.28584536 0.31406345 -0.31003937,
  0.26533574 0.31406345 0.31003937,0.26533574 0.31406345 -0.31003937,
  0.30511811 0.30704874 0.31003937,0.28584536 0.31406345 0.31003937,
  0.30511811 0.30704874 -0.31003937,0.30511811 0.30704874 -0.31003937,
  0.28584536 0.31406345 0.31003937,0.28584536 0.31406345 -0.31003937,
  0.3208294 0.29386541 0.31003937,0.30511811 0.30704874 0.31003937,
  0.3208294 0.29386541 -0.31003937,0.3208294 0.29386541 -0.31003937,
  0.30511811 0.30704874 0.31003937,0.30511811 0.30704874 -0.31003937,
  0.33108421 0.27610355 0.31003937,0.3208294 0.29386541 0.31003937,
  0.33108421 0.27610355 -0.31003937,0.33108421 0.27610355 -0.31003937,
  0.3208294 0.29386541 0.31003937,0.3208294 0.29386541 -0.31003937,
  0.33464567 0.25590551 0.31003937,0.33108421 0.27610355 0.31003937,
  0.33464567 0.25590551 -0.31003937,0.33464567 0.25590551 -0.31003937,
  0.33108421 0.27610355 0.31003937,0.33108421 0.27610355 -0.31003937,
  0.33108421 0.23570747 0.31003937,0.33464567 0.25590551 0.31003937,
  0.33108421 0.23570747 -0.31003937,0.33108421 0.23570747 -0.31003937,
  0.33464567 0.25590551 0.31003937,0.33464567 0.25590551 -0.31003937,
  0.3208294 0.21794561 0.31003937,0.33108421 0.23570747 0.31003937,
  0.3208294 0.21794561 -0.31003937,0.3208294 0.21794561 -0.31003937,
  0.33108421 0.23570747 0.31003937,0.33108421 0.23570747 -0.31003937,
  0.30511811 0.20476228 0.31003937,0.3208294 0.21794561 0.31003937,
  0.30511811 0.20476228 -0.31003937,0.30511811 0.20476228 -0.31003937,
  0.3208294 0.21794561 0.31003937,0.3208294 0.21794561 -0.31003937,
  0.28584536 0.19774757 0.31003937,0.30511811 0.20476228 0.31003937,
  0.28584536 0.19774757 -0.31003937,0.28584536 0.19774757 -0.31003937,
  0.30511811 0.20476228 0.31003937,0.30511811 0.20476228 -0.31003937,
  0.26533574 0.19774757 0.31003937,0.28584536 0.19774757 0.31003937,
  0.26533574 0.19774757 -0.31003937,0.26533574 0.19774757 -0.31003937,
  0.28584536 0.19774757 0.31003937,0.28584536 0.19774757 -0.31003937,
  0.24606299 0.20476228 0.31003937,0.26533574 0.19774757 0.31003937,
  0.24606299 0.20476228 -0.31003937,0.24606299 0.20476228 -0.31003937,
  0.26533574 0.19774757 0.31003937,0.26533574 0.19774757 -0.31003937,
  0.23035171 0.21794561 0.31003937,0.24606299 0.20476228 0.31003937,
  0.23035171 0.21794561 -0.31003937,0.23035171 0.21794561 -0.31003937,
  0.24606299 0.20476228 0.31003937,0.24606299 0.20476228 -0.31003937,
  0.22009689 0.23570747 0.31003937,0.23035171 0.21794561 0.31003937,
  0.22009689 0.23570747 -0.31003937,0.22009689 0.23570747 -0.31003937,
  0.23035171 0.21794561 0.31003937,0.23035171 0.21794561 -0.31003937,
  0.21653543 0.25590551 0.31003937,0.22009689 0.23570747 0.31003937,
  0.21653543 0.25590551 -0.31003937,0.21653543 0.25590551 -0.31003937,
  0.22009689 0.23570747 0.31003937,0.22009689 0.23570747 -0.31003937,
  5.6531678 1.8902768 0.31003937,5.6496063 1.8700787 0.31003937,
  5.6531678 1.8902768 -0.31003937,5.6531678 1.8902768 -0.31003937,
  5.6496063 1.8700787 0.31003937,5.6496063 1.8700787 -0.31003937,
  5.6634226 1.9080386 0.31003937,5.6531678 1.8902768 0.31003937,
  5.6634226 1.9080386 -0.31003937,5.6634226 1.9080386 -0.31003937,
  5.6531678 1.8902768 0.31003937,5.6531678 1.8902768 -0.31003937,
  5.6791339 1.921222 0.31003937,5.6634226 1.9080386 0.31003937,
  5.6791339 1.921222 -0.31003937,5.6791339 1.921222 -0.31003937,
  5.6634226 1.9080386 0.31003937,5.6634226 1.9080386 -0.31003937,
  5.6984066 1.9282367 0.31003937,5.6791339 1.921222 0.31003937,
  5.6984066 1.9282367 -0.31003937,5.6984066 1.9282367 -0.31003937,
  5.6791339 1.921222 0.31003937,5.6791339 1.921222 -0.31003937,
  5.7189162 1.9282367 0.31003937,5.6984066 1.9282367 0.31003937,
  5.7189162 1.9282367 -0.31003937,5.7189162 1.9282367 -0.31003937,
  5.6984066 1.9282367 0.31003937,5.6984066 1.9282367 -0.31003937,
  5.738189 1.921222 0.31003937,5.7189162 1.9282367 0.31003937,
  5.738189 1.921222 -0.31003937,5.738189 1.921222 -0.31003937,
  5.7189162 1.9282367 0.31003937,5.7189162 1.9282367 -0.31003937,
  5.7539003 1.9080386 0.31003937,5.738189 1.921222 0.31003937,
  5.7539003 1.9080386 -0.31003937,5.7539003 1.9080386 -0.31003937,
  5.738189 1.921222 0.31003937,5.738189 1.921222 -0.31003937,
  5.7641551 1.8902768 0.31003937,5.7539003 1.9080386 0.31003937,
  5.7641551 1.8902768 -0.31003937,5.7641551 1.8902768 -0.31003937,
  5.7539003 1.9080386 0.31003937,5.7539003 1.9080386 -0.31003937,
  5.7677165 1.8700787 0.31003937,5.7641551 1.8902768 0.31003937,
  5.7677165 1.8700787 -0.31003937,5.7677165 1.8700787 -0.31003937,
  5.7641551 1.8902768 0.31003937,5.7641551 1.8902768 -0.31003937,
  5.7641551 1.8498807 0.31003937,5.7677165 1.8700787 0.31003937,
  5.7641551 1.8498807 -0.31003937,5.7641551 1.8498807 -0.31003937,
  5.7677165 1.8700787 0.31003937,5.7677165 1.8700787 -0.31003937,
  5.7539003 1.8321188 0.31003937,5.7641551 1.8498807 0.31003937,
  5.7539003 1.8321188 -0.31003937,5.7539003 1.8321188 -0.31003937,
  5.7641551 1.8498807 0.31003937,5.7641551 1.8498807 -0.31003937,
  5.738189 1.8189355 0.31003937,5.7539003 1.8321188 0.31003937,
  5.738189 1.8189355 -0.31003937,5.738189 1.8189355 -0.31003937,
  5.7539003 1.8321188 0.31003937,5.7539003 1.8321188 -0.31003937,
  5.7189162 1.8119208 0.31003937,5.738189 1.8189355 0.31003937,
  5.7189162 1.8119208 -0.31003937,5.7189162 1.8119208 -0.31003937,
  5.738189 1.8189355 0.31003937,5.738189 1.8189355 -0.31003937,
  5.6984066 1.8119208 0.31003937,5.7189162 1.8119208 0.31003937,
  5.6984066 1.8119208 -0.31003937,5.6984066 1.8119208 -0.31003937,
  5.7189162 1.8119208 0.31003937,5.7189162 1.8119208 -0.31003937,
  5.6791339 1.8189355 0.31003937,5.6984066 1.8119208 0.31003937,
  5.6791339 1.8189355 -0.31003937,5.6791339 1.8189355 -0.31003937,
  5.6984066 1.8119208 0.31003937,5.6984066 1.8119208 -0.31003937,
  5.6634226 1.8321188 0.31003937,5.6791339 1.8189355 0.31003937,
  5.6634226 1.8321188 -0.31003937,5.6634226 1.8321188 -0.31003937,
  5.6791339 1.8189355 0.31003937,5.6791339 1.8189355 -0.31003937,
  5.6531678 1.8498807 0.31003937,5.6634226 1.8321188 0.31003937,
  5.6531678 1.8498807 -0.31003937,5.6531678 1.8498807 -0.31003937,
  5.6634226 1.8321188 0.31003937,5.6634226 1.8321188 -0.31003937,
  5.6496063 1.8700787 0.31003937,5.6531678 1.8498807 0.31003937,
  5.6496063 1.8700787 -0.31003937,5.6496063 1.8700787 -0.31003937,
  5.6531678 1.8498807 0.31003937,5.6531678 1.8498807 -0.31003937,
  5.3807886 2.7580244 0.31003937,5.3772272 2.7378264 0.31003937,
  5.3807886 2.7580244 -0.31003937,5.3807886 2.7580244 -0.31003937,
  5.3772272 2.7378264 0.31003937,5.3772272 2.7378264 -0.31003937,
  5.3910434 2.7757863 0.31003937,5.3807886 2.7580244 0.31003937,
  5.3910434 2.7757863 -0.31003937,5.3910434 2.7757863 -0.31003937,
  5.3807886 2.7580244 0.31003937,5.3807886 2.7580244 -0.31003937,
  5.4067547 2.7889696 0.31003937,5.3910434 2.7757863 0.31003937,
  5.4067547 2.7889696 -0.31003937,5.4067547 2.7889696 -0.31003937,
  5.3910434 2.7757863 0.31003937,5.3910434 2.7757863 -0.31003937,
  5.4260275 2.7959843 0.31003937,5.4067547 2.7889696 0.31003937,
  5.4260275 2.7959843 -0.31003937,5.4260275 2.7959843 -0.31003937,
  5.4067547 2.7889696 0.31003937,5.4067547 2.7889696 -0.31003937,
  5.4465371 2.7959843 0.31003937,5.4260275 2.7959843 0.31003937,
  5.4465371 2.7959843 -0.31003937,5.4465371 2.7959843 -0.31003937,
  5.4260275 2.7959843 0.31003937,5.4260275 2.7959843 -0.31003937,
  5.4658098 2.7889696 0.31003937,5.4465371 2.7959843 0.31003937,
  5.4658098 2.7889696 -0.31003937,5.4658098 2.7889696 -0.31003937,
  5.4465371 2.7959843 0.31003937,5.4465371 2.7959843 -0.31003937,
  5.4815211 2.7757863 0.31003937,5.4658098 2.7889696 0.31003937,
  5.4815211 2.7757863 -0.31003937,5.4815211 2.7757863 -0.31003937,
  5.4658098 2.7889696 0.31003937,5.4658098 2.7889696 -0.31003937,
  5.4917759 2.7580244 0.31003937,5.4815211 2.7757863 0.31003937,
  5.4917759 2.7580244 -0.31003937,5.4917759 2.7580244 -0.31003937,
  5.4815211 2.7757863 0.31003937,5.4815211 2.7757863 -0.31003937,
  5.4953374 2.7378264 0.31003937,5.4917759 2.7580244 0.31003937,
  5.4953374 2.7378264 -0.31003937,5.4953374 2.7378264 -0.31003937,
  5.4917759 2.7580244 0.31003937,5.4917759 2.7580244 -0.31003937,
  5.4917759 2.7176283 0.31003937,5.4953374 2.7378264 0.31003937,
  5.4917759 2.7176283 -0.31003937,5.4917759 2.7176283 -0.31003937,
  5.4953374 2.7378264 0.31003937,5.4953374 2.7378264 -0.31003937,
  5.4815211 2.6998665 0.31003937,5.4917759 2.7176283 0.31003937,
  5.4815211 2.6998665 -0.31003937,5.4815211 2.6998665 -0.31003937,
  5.4917759 2.7176283 0.31003937,5.4917759 2.7176283 -0.31003937,
  5.4658098 2.6866831 0.31003937,5.4815211 2.6998665 0.31003937,
  5.4658098 2.6866831 -0.31003937,5.4658098 2.6866831 -0.31003937,
  5.4815211 2.6998665 0.31003937,5.4815211 2.6998665 -0.31003937,
  5.4465371 2.6796684 0.31003937,5.4658098 2.6866831 0.31003937,
  5.4465371 2.6796684 -0.31003937,5.4465371 2.6796684 -0.31003937,
  5.4658098 2.6866831 0.31003937,5.4658098 2.6866831 -0.31003937,
  5.4260275 2.6796684 0.31003937,5.4465371 2.6796684 0.31003937,
  5.4260275 2.6796684 -0.31003937,5.4260275 2.6796684 -0.31003937,
  5.4465371 2.6796684 0.31003937,5.4465371 2.6796684 -0.31003937,
  5.4067547 2.6866831 0.31003937,5.4260275 2.6796684 0.31003937,
  5.4067547 2.6866831 -0.31003937,5.4067547 2.6866831 -0.31003937,
  5.4260275 2.6796684 0.31003937,5.4260275 2.6796684 -0.31003937,
  5.3910434 2.6998665 0.31003937,5.4067547 2.6866831 0.31003937,
  5.3910434 2.6998665 -0.31003937,5.3910434 2.6998665 -0.31003937,
  5.4067547 2.6866831 0.31003937,5.4067547 2.6866831 -0.31003937,
  5.3807886 2.7176283 0.31003937,5.3910434 2.6998665 0.31003937,
  5.3807886 2.7176283 -0.31003937,5.3807886 2.7176283 -0.31003937,
  5.3910434 2.6998665 0.31003937,5.3910434 2.6998665 -0.31003937,
  5.3772272 2.7378264 0.31003937,5.3807886 2.7176283 0.31003937,
  5.3772272 2.7378264 -0.31003937,5.3772272 2.7378264 -0.31003937,
  5.3807886 2.7176283 0.31003937,5.3807886 2.7176283 -0.31003937,
  4.7476559 3.5831902 0.31003937,4.7440945 3.5629921 0.31003937,
  4.7476559 3.5831902 -0.31003937,4.7476559 3.5831902 -0.31003937,
  4.7440945 3.5629921 0.31003937,4.7440945 3.5629921 -0.31003937,
  4.7579108 3.600952 0.31003937,4.7476559 3.5831902 0.31003937,
  4.7579108 3.600952 -0.31003937,4.7579108 3.600952 -0.31003937,
  4.7476559 3.5831902 0.31003937,4.7476559 3.5831902 -0.31003937,
  4.773622 3.6141354 0.31003937,4.7579108 3.600952 0.31003937,
  4.773622 3.6141354 -0.31003937,4.773622 3.6141354 -0.31003937,
  4.7579108 3.600952 0.31003937,4.7579108 3.600952 -0.31003937,
  4.7928948 3.6211501 0.31003937,4.773622 3.6141354 0.31003937,
  4.7928948 3.6211501 -0.31003937,4.7928948 3.6211501 -0.31003937,
  4.773622 3.6141354 0.31003937,4.773622 3.6141354 -0.31003937,
  4.8134044 3.6211501 0.31003937,4.7928948 3.6211501 0.31003937,
  4.8134044 3.6211501 -0.31003937,4.8134044 3.6211501 -0.31003937,
  4.7928948 3.6211501 0.31003937,4.7928948 3.6211501 -0.31003937,
  4.8326772 3.6141354 0.31003937,4.8134044 3.6211501 0.31003937,
  4.8326772 3.6141354 -0.31003937,4.8326772 3.6141354 -0.31003937,
  4.8134044 3.6211501 0.31003937,4.8134044 3.6211501 -0.31003937,
  4.8483885 3.600952 0.31003937,4.8326772 3.6141354 0.31003937,
  4.8483885 3.600952 -0.31003937,4.8483885 3.600952 -0.31003937,
  4.8326772 3.6141354 0.31003937,4.8326772 3.6141354 -0.31003937,
  4.8586433 3.5831902 0.31003937,4.8483885 3.600952 0.31003937,
  4.8586433 3.5831902 -0.31003937,4.8586433 3.5831902 -0.31003937,
  4.8483885 3.600952 0.31003937,4.8483885 3.600952 -0.31003937,
  4.8622047 3.5629921 0.31003937,4.8586433 3.5831902 0.31003937,
  4.8622047 3.5629921 -0.31003937,4.8622047 3.5629921 -0.31003937,
  4.8586433 3.5831902 0.31003937,4.8586433 3.5831902 -0.31003937,
  4.8586433 3.5427941 0.31003937,4.8622047 3.5629921 0.31003937,
  4.8586433 3.5427941 -0.31003937,4.8586433 3.5427941 -0.31003937,
  4.8622047 3.5629921 0.31003937,4.8622047 3.5629921 -0.31003937,
  4.8483885 3.5250322 0.31003937,4.8586433 3.5427941 0.31003937,
  4.8483885 3.5250322 -0.31003937,4.8483885 3.5250322 -0.31003937,
  4.8586433 3.5427941 0.31003937,4.8586433 3.5427941 -0.31003937,
  4.8326772 3.5118489 0.31003937,4.8483885 3.5250322 0.31003937,
  4.8326772 3.5118489 -0.31003937,4.8326772 3.5118489 -0.31003937,
  4.8483885 3.5250322 0.31003937,4.8483885 3.5250322 -0.31003937,
  4.8134044 3.5048342 0.31003937,4.8326772 3.5118489 0.31003937,
  4.8134044 3.5048342 -0.31003937,4.8134044 3.5048342 -0.31003937,
  4.8326772 3.5118489 0.31003937,4.8326772 3.5118489 -0.31003937,
  4.7928948 3.5048342 0.31003937,4.8134044 3.5048342 0.31003937,
  4.7928948 3.5048342 -0.31003937,4.7928948 3.5048342 -0.31003937,
  4.8134044 3.5048342 0.31003937,4.8134044 3.5048342 -0.31003937,
  4.773622 3.5118489 0.31003937,4.7928948 3.5048342 0.31003937,
  4.773622 3.5118489 -0.31003937,4.773622 3.5118489 -0.31003937,
  4.7928948 3.5048342 0.31003937,4.7928948 3.5048342 -0.31003937,
  4.7579108 3.5250322 0.31003937,4.773622 3.5118489 0.31003937,
  4.7579108 3.5250322 -0.31003937,4.7579108 3.5250322 -0.31003937,
  4.773622 3.5118489 0.31003937,4.773622 3.5118489 -0.31003937,
  4.7476559 3.5427941 0.31003937,4.7579108 3.5250322 0.31003937,
  4.7476559 3.5427941 -0.31003937,4.7476559 3.5427941 -0.31003937,
  4.7579108 3.5250322 0.31003937,4.7579108 3.5250322 -0.31003937,
  4.7440945 3.5629921 0.31003937,4.7476559 3.5427941 0.31003937,
  4.7440945 3.5629921 -0.31003937,4.7440945 3.5629921 -0.31003937,
  4.7476559 3.5427941 0.31003937,4.7476559 3.5427941 -0.31003937,
  4.3539552 1.496576 0.31003937,4.3503937 1.476378 0.31003937,
  4.3539552 1.496576 -0.31003937,4.3539552 1.496576 -0.31003937,
  4.3503937 1.476378 0.31003937,4.3503937 1.476378 -0.31003937,
  4.36421 1.5143379 0.31003937,4.3539552 1.496576 0.31003937,
  4.36421 1.5143379 -0.31003937,4.36421 1.5143379 -0.31003937,
  4.3539552 1.496576 0.31003937,4.3539552 1.496576 -0.31003937,
  4.3799213 1.5275212 0.31003937,4.36421 1.5143379 0.31003937,
  4.3799213 1.5275212 -0.31003937,4.3799213 1.5275212 -0.31003937,
  4.36421 1.5143379 0.31003937,4.36421 1.5143379 -0.31003937,
  4.399194 1.5345359 0.31003937,4.3799213 1.5275212 0.31003937,
  4.399194 1.5345359 -0.31003937,4.399194 1.5345359 -0.31003937,
  4.3799213 1.5275212 0.31003937,4.3799213 1.5275212 -0.31003937,
  4.4197036 1.5345359 0.31003937,4.399194 1.5345359 0.31003937,
  4.4197036 1.5345359 -0.31003937,4.4197036 1.5345359 -0.31003937,
  4.399194 1.5345359 0.31003937,4.399194 1.5345359 -0.31003937,
  4.4389764 1.5275212 0.31003937,4.4197036 1.5345359 0.31003937,
  4.4389764 1.5275212 -0.31003937,4.4389764 1.5275212 -0.31003937,
  4.4197036 1.5345359 0.31003937,4.4197036 1.5345359 -0.31003937,
  4.4546877 1.5143379 0.31003937,4.4389764 1.5275212 0.31003937,
  4.4546877 1.5143379 -0.31003937,4.4546877 1.5143379 -0.31003937,
  4.4389764 1.5275212 0.31003937,4.4389764 1.5275212 -0.31003937,
  4.4649425 1.496576 0.31003937,4.4546877 1.5143379 0.31003937,
  4.4649425 1.496576 -0.31003937,4.4649425 1.496576 -0.31003937,
  4.4546877 1.5143379 0.31003937,4.4546877 1.5143379 -0.31003937,
  4.4685039 1.476378 0.31003937,4.4649425 1.496576 0.31003937,
  4.4685039 1.476378 -0.31003937,4.4685039 1.476378 -0.31003937,
  4.4649425 1.496576 0.31003937,4.4649425 1.496576 -0.31003937,
  4.4649425 1.4561799 0.31003937,4.4685039 1.476378 0.31003937,
  4.4649425 1.4561799 -0.31003937,4.4649425 1.4561799 -0.31003937,
  4.4685039 1.476378 0.31003937,4.4685039 1.476378 -0.31003937,
  4.4546877 1.4384181 0.31003937,4.4649425 1.4561799 0.31003937,
  4.4546877 1.4384181 -0.31003937,4.4546877 1.4384181 -0.31003937,
  4.4649425 1.4561799 0.31003937,4.4649425 1.4561799 -0.31003937,
  4.4389764 1.4252347 0.31003937,4.4546877 1.4384181 0.31003937,
  4.4389764 1.4252347 -0.31003937,4.4389764 1.4252347 -0.31003937,
  4.4546877 1.4384181 0.31003937,4.4546877 1.4384181 -0.31003937,
  4.4197036 1.41822 0.31003937,4.4389764 1.4252347 0.31003937,
  4.4197036 1.41822 -0.31003937,4.4197036 1.41822 -0.31003937,
  4.4389764 1.4252347 0.31003937,4.4389764 1.4252347 -0.31003937,
  4.399194 1.41822 0.31003937,4.4197036 1.41822 0.31003937,
  4.399194 1.41822 -0.31003937,4.399194 1.41822 -0.31003937,
  4.4197036 1.41822 0.31003937,4.4197036 1.41822 -0.31003937,
  4.3799213 1.4252347 0.31003937,4.399194 1.41822 0.31003937,
  4.3799213 1.4252347 -0.31003937,4.3799213 1.4252347 -0.31003937,
  4.399194 1.41822 0.31003937,4.399194 1.41822 -0.31003937,
  4.36421 1.4384181 0.31003937,4.3799213 1.4252347 0.31003937,
  4.36421 1.4384181 -0.31003937,4.36421 1.4384181 -0.31003937,
  4.3799213 1.4252347 0.31003937,4.3799213 1.4252347 -0.31003937,
  4.3539552 1.4561799 0.31003937,4.36421 1.4384181 0.31003937,
  4.3539552 1.4561799 -0.31003937,4.3539552 1.4561799 -0.31003937,
  4.36421 1.4384181 0.31003937,4.36421 1.4384181 -0.31003937,
  4.3503937 1.476378 0.31003937,4.3539552 1.4561799 0.31003937,
  4.3503937 1.476378 -0.31003937,4.3503937 1.476378 -0.31003937,
  4.3539552 1.4561799 0.31003937,4.3539552 1.4561799 -0.31003937,
  3.5271346 2.1423685 0.31003937,3.5306961 2.1625665 0.31003937,
  3.5271346 2.1423685 -0.31003937,3.5271346 2.1423685 -0.31003937,
  3.5306961 2.1625665 0.31003937,3.5306961 2.1625665 -0.31003937,
  3.5168798 2.1246066 0.31003937,3.5271346 2.1423685 0.31003937,
  3.5168798 2.1246066 -0.31003937,3.5168798 2.1246066 -0.31003937,
  3.5271346 2.1423685 0.31003937,3.5271346 2.1423685 -0.31003937,
  3.5011685 2.1114233 0.31003937,3.5168798 2.1246066 0.31003937,
  3.5011685 2.1114233 -0.31003937,3.5011685 2.1114233 -0.31003937,
  3.5168798 2.1246066 0.31003937,3.5168798 2.1246066 -0.31003937,
  3.4818958 2.1044086 0.31003937,3.5011685 2.1114233 0.31003937,
  3.4818958 2.1044086 -0.31003937,3.4818958 2.1044086 -0.31003937,
  3.5011685 2.1114233 0.31003937,3.5011685 2.1114233 -0.31003937,
  3.4613861 2.1044086 0.31003937,3.4818958 2.1044086 0.31003937,
  3.4613861 2.1044086 -0.31003937,3.4613861 2.1044086 -0.31003937,
  3.4818958 2.1044086 0.31003937,3.4818958 2.1044086 -0.31003937,
  3.4421134 2.1114233 0.31003937,3.4613861 2.1044086 0.31003937,
  3.4421134 2.1114233 -0.31003937,3.4421134 2.1114233 -0.31003937,
  3.4613861 2.1044086 0.31003937,3.4613861 2.1044086 -0.31003937,
  3.4264021 2.1246066 0.31003937,3.4421134 2.1114233 0.31003937,
  3.4264021 2.1246066 -0.31003937,3.4264021 2.1246066 -0.31003937,
  3.4421134 2.1114233 0.31003937,3.4421134 2.1114233 -0.31003937,
  3.4161473 2.1423685 0.31003937,3.4264021 2.1246066 0.31003937,
  3.4161473 2.1423685 -0.31003937,3.4161473 2.1423685 -0.31003937,
  3.4264021 2.1246066 0.31003937,3.4264021 2.1246066 -0.31003937,
  3.4125858 2.1625665 0.31003937,3.4161473 2.1423685 0.31003937,
  3.4125858 2.1625665 -0.31003937,3.4125858 2.1625665 -0.31003937,
  3.4161473 2.1423685 0.31003937,3.4161473 2.1423685 -0.31003937,
  3.4161473 2.1827646 0.31003937,3.4125858 2.1625665 0.31003937,
  3.4161473 2.1827646 -0.31003937,3.4161473 2.1827646 -0.31003937,
  3.4125858 2.1625665 0.31003937,3.4125858 2.1625665 -0.31003937,
  3.4264021 2.2005264 0.31003937,3.4161473 2.1827646 0.31003937,
  3.4264021 2.2005264 -0.31003937,3.4264021 2.2005264 -0.31003937,
  3.4161473 2.1827646 0.31003937,3.4161473 2.1827646 -0.31003937,
  3.4421134 2.2137098 0.31003937,3.4264021 2.2005264 0.31003937,
  3.4421134 2.2137098 -0.31003937,3.4421134 2.2137098 -0.31003937,
  3.4264021 2.2005264 0.31003937,3.4264021 2.2005264 -0.31003937,
  3.4613861 2.2207245 0.31003937,3.4421134 2.2137098 0.31003937,
  3.4613861 2.2207245 -0.31003937,3.4613861 2.2207245 -0.31003937,
  3.4421134 2.2137098 0.31003937,3.4421134 2.2137098 -0.31003937,
  3.4818958 2.2207245 0.31003937,3.4613861 2.2207245 0.31003937,
  3.4818958 2.2207245 -0.31003937,3.4818958 2.2207245 -0.31003937,
  3.4613861 2.2207245 0.31003937,3.4613861 2.2207245 -0.31003937,
  3.5011685 2.2137098 0.31003937,3.4818958 2.2207245 0.31003937,
  3.5011685 2.2137098 -0.31003937,3.5011685 2.2137098 -0.31003937,
  3.4818958 2.2207245 0.31003937,3.4818958 2.2207245 -0.31003937,
  3.5168798 2.2005264 0.31003937,3.5011685 2.2137098 0.31003937,
  3.5168798 2.2005264 -0.31003937,3.5168798 2.2005264 -0.31003937,
  3.5011685 2.2137098 0.31003937,3.5011685 2.2137098 -0.31003937,
  3.5271346 2.1827646 0.31003937,3.5168798 2.2005264 0.31003937,
  3.5271346 2.1827646 -0.31003937,3.5271346 2.1827646 -0.31003937,
  3.5168798 2.2005264 0.31003937,3.5168798 2.2005264 -0.31003937,
  3.5306961 2.1625665 0.31003937,3.5271346 2.1827646 0.31003937,
  3.5306961 2.1625665 -0.31003937,3.5306961 2.1625665 -0.31003937,
  3.5271346 2.1827646 0.31003937,3.5271346 2.1827646 -0.31003937,
  3.8421441 0.63043426 0.31003937,3.8385827 0.61023622 0.31003937,
  3.8421441 0.63043426 -0.31003937,3.8421441 0.63043426 -0.31003937,
  3.8385827 0.61023622 0.31003937,3.8385827 0.61023622 -0.31003937,
  3.852399 0.64819612 0.31003937,3.8421441 0.63043426 0.31003937,
  3.852399 0.64819612 -0.31003937,3.852399 0.64819612 -0.31003937,
  3.8421441 0.63043426 0.31003937,3.8421441 0.63043426 -0.31003937,
  3.8681102 0.66137945 0.31003937,3.852399 0.64819612 0.31003937,
  3.8681102 0.66137945 -0.31003937,3.8681102 0.66137945 -0.31003937,
  3.852399 0.64819612 0.31003937,3.852399 0.64819612 -0.31003937,
  3.887383 0.66839416 0.31003937,3.8681102 0.66137945 0.31003937,
  3.887383 0.66839416 -0.31003937,3.887383 0.66839416 -0.31003937,
  3.8681102 0.66137945 0.31003937,3.8681102 0.66137945 -0.31003937,
  3.9078926 0.66839416 0.31003937,3.887383 0.66839416 0.31003937,
  3.9078926 0.66839416 -0.31003937,3.9078926 0.66839416 -0.31003937,
  3.887383 0.66839416 0.31003937,3.887383 0.66839416 -0.31003937,
  3.9271654 0.66137945 0.31003937,3.9078926 0.66839416 0.31003937,
  3.9271654 0.66137945 -0.31003937,3.9271654 0.66137945 -0.31003937,
  3.9078926 0.66839416 0.31003937,3.9078926 0.66839416 -0.31003937,
  3.9428766 0.64819612 0.31003937,3.9271654 0.66137945 0.31003937,
  3.9428766 0.64819612 -0.31003937,3.9428766 0.64819612 -0.31003937,
  3.9271654 0.66137945 0.31003937,3.9271654 0.66137945 -0.31003937,
  3.9531315 0.63043426 0.31003937,3.9428766 0.64819612 0.31003937,
  3.9531315 0.63043426 -0.31003937,3.9531315 0.63043426 -0.31003937,
  3.9428766 0.64819612 0.31003937,3.9428766 0.64819612 -0.31003937,
  3.9566929 0.61023622 0.31003937,3.9531315 0.63043426 0.31003937,
  3.9566929 0.61023622 -0.31003937,3.9566929 0.61023622 -0.31003937,
  3.9531315 0.63043426 0.31003937,3.9531315 0.63043426 -0.31003937,
  3.9531315 0.59003818 0.31003937,3.9566929 0.61023622 0.31003937,
  3.9531315 0.59003818 -0.31003937,3.9531315 0.59003818 -0.31003937,
  3.9566929 0.61023622 0.31003937,3.9566929 0.61023622 -0.31003937,
  3.9428766 0.57227632 0.31003937,3.9531315 0.59003818 0.31003937,
  3.9428766 0.57227632 -0.31003937,3.9428766 0.57227632 -0.31003937,
  3.9531315 0.59003818 0.31003937,3.9531315 0.59003818 -0.31003937,
  3.9271654 0.55909299 0.31003937,3.9428766 0.57227632 0.31003937,
  3.9271654 0.55909299 -0.31003937,3.9271654 0.55909299 -0.31003937,
  3.9428766 0.57227632 0.31003937,3.9428766 0.57227632 -0.31003937,
  3.9078926 0.55207828 0.31003937,3.9271654 0.55909299 0.31003937,
  3.9078926 0.55207828 -0.31003937,3.9078926 0.55207828 -0.31003937,
  3.9271654 0.55909299 0.31003937,3.9271654 0.55909299 -0.31003937,
  3.887383 0.55207828 0.31003937,3.9078926 0.55207828 0.31003937,
  3.887383 0.55207828 -0.31003937,3.887383 0.55207828 -0.31003937,
  3.9078926 0.55207828 0.31003937,3.9078926 0.55207828 -0.31003937,
  3.8681102 0.55909299 0.31003937,3.887383 0.55207828 0.31003937,
  3.8681102 0.55909299 -0.31003937,3.8681102 0.55909299 -0.31003937,
  3.887383 0.55207828 0.31003937,3.887383 0.55207828 -0.31003937,
  3.852399 0.57227632 0.31003937,3.8681102 0.55909299 0.31003937,
  3.852399 0.57227632 -0.31003937,3.852399 0.57227632 -0.31003937,
  3.8681102 0.55909299 0.31003937,3.8681102 0.55909299 -0.31003937,
  3.8421441 0.59003818 0.31003937,3.852399 0.57227632 0.31003937,
  3.8421441 0.59003818 -0.31003937,3.8421441 0.59003818 -0.31003937,
  3.852399 0.57227632 0.31003937,3.852399 0.57227632 -0.31003937,
  3.8385827 0.61023622 0.31003937,3.8421441 0.59003818 0.31003937,
  3.8385827 0.61023622 -0.31003937,3.8385827 0.61023622 -0.31003937,
  3.8421441 0.59003818 0.31003937,3.8421441 0.59003818 -0.31003937,
  4.5901756 0.5516941 0.31003937,4.5866142 0.53149606 0.31003937,
  4.5901756 0.5516941 -0.31003937,4.5901756 0.5516941 -0.31003937,
  4.5866142 0.53149606 0.31003937,4.5866142 0.53149606 -0.31003937,
  4.6004304 0.56945596 0.31003937,4.5901756 0.5516941 0.31003937,
  4.6004304 0.56945596 -0.31003937,4.6004304 0.56945596 -0.31003937,
  4.5901756 0.5516941 0.31003937,4.5901756 0.5516941 -0.31003937,
  4.6161417 0.5826393 0.31003937,4.6004304 0.56945596 0.31003937,
  4.6161417 0.5826393 -0.31003937,4.6161417 0.5826393 -0.31003937,
  4.6004304 0.56945596 0.31003937,4.6004304 0.56945596 -0.31003937,
  4.6354145 0.589654 0.31003937,4.6161417 0.5826393 0.31003937,
  4.6354145 0.589654 -0.31003937,4.6354145 0.589654 -0.31003937,
  4.6161417 0.5826393 0.31003937,4.6161417 0.5826393 -0.31003937,
  4.6559241 0.589654 0.31003937,4.6354145 0.589654 0.31003937,
  4.6559241 0.589654 -0.31003937,4.6559241 0.589654 -0.31003937,
  4.6354145 0.589654 0.31003937,4.6354145 0.589654 -0.31003937,
  4.6751969 0.5826393 0.31003937,4.6559241 0.589654 0.31003937,
  4.6751969 0.5826393 -0.31003937,4.6751969 0.5826393 -0.31003937,
  4.6559241 0.589654 0.31003937,4.6559241 0.589654 -0.31003937,
  4.6909081 0.56945596 0.31003937,4.6751969 0.5826393 0.31003937,
  4.6909081 0.56945596 -0.31003937,4.6909081 0.56945596 -0.31003937,
  4.6751969 0.5826393 0.31003937,4.6751969 0.5826393 -0.31003937,
  4.701163 0.5516941 0.31003937,4.6909081 0.56945596 0.31003937,
  4.701163 0.5516941 -0.31003937,4.701163 0.5516941 -0.31003937,
  4.6909081 0.56945596 0.31003937,4.6909081 0.56945596 -0.31003937,
  4.7047244 0.53149606 0.31003937,4.701163 0.5516941 0.31003937,
  4.7047244 0.53149606 -0.31003937,4.7047244 0.53149606 -0.31003937,
  4.701163 0.5516941 0.31003937,4.701163 0.5516941 -0.31003937,
  4.701163 0.51129802 0.31003937,4.7047244 0.53149606 0.31003937,
  4.701163 0.51129802 -0.31003937,4.701163 0.51129802 -0.31003937,
  4.7047244 0.53149606 0.31003937,4.7047244 0.53149606 -0.31003937,
  4.6909081 0.49353616 0.31003937,4.701163 0.51129802 0.31003937,
  4.6909081 0.49353616 -0.31003937,4.6909081 0.49353616 -0.31003937,
  4.701163 0.51129802 0.31003937,4.701163 0.51129802 -0.31003937,
  4.6751969 0.48035283 0.31003937,4.6909081 0.49353616 0.31003937,
  4.6751969 0.48035283 -0.31003937,4.6751969 0.48035283 -0.31003937,
  4.6909081 0.49353616 0.31003937,4.6909081 0.49353616 -0.31003937,
  4.6559241 0.47333812 0.31003937,4.6751969 0.48035283 0.31003937,
  4.6559241 0.47333812 -0.31003937,4.6559241 0.47333812 -0.31003937,
  4.6751969 0.48035283 0.31003937,4.6751969 0.48035283 -0.31003937,
  4.6354145 0.47333812 0.31003937,4.6559241 0.47333812 0.31003937,
  4.6354145 0.47333812 -0.31003937,4.6354145 0.47333812 -0.31003937,
  4.6559241 0.47333812 0.31003937,4.6559241 0.47333812 -0.31003937,
  4.6161417 0.48035283 0.31003937,4.6354145 0.47333812 0.31003937,
  4.6161417 0.48035283 -0.31003937,4.6161417 0.48035283 -0.31003937,
  4.6354145 0.47333812 0.31003937,4.6354145 0.47333812 -0.31003937,
  4.6004304 0.49353616 0.31003937,4.6161417 0.48035283 0.31003937,
  4.6004304 0.49353616 -0.31003937,4.6004304 0.49353616 -0.31003937,
  4.6161417 0.48035283 0.31003937,4.6161417 0.48035283 -0.31003937,
  4.5901756 0.51129802 0.31003937,4.6004304 0.49353616 0.31003937,
  4.5901756 0.51129802 -0.31003937,4.5901756 0.51129802 -0.31003937,
  4.6004304 0.49353616 0.31003937,4.6004304 0.49353616 -0.31003937,
  4.5866142 0.53149606 0.31003937,4.5901756 0.51129802 0.31003937,
  4.5866142 0.53149606 -0.31003937,4.5866142 0.53149606 -0.31003937,
  4.5901756 0.51129802 0.31003937,4.5901756 0.51129802 -0.31003937,
  3.2968318 2.7961728 0.31003937,3.3173414 2.7961728 0.31003937,
  3.2968318 2.7961728 -0.31003937,3.2968318 2.7961728 -0.31003937,
  3.3173414 2.7961728 0.31003937,3.3173414 2.7961728 -0.31003937,
  3.2775591 2.8031875 0.31003937,3.2968318 2.7961728 0.31003937,
  3.2775591 2.8031875 -0.31003937,3.2775591 2.8031875 -0.31003937,
  3.2968318 2.7961728 0.31003937,3.2968318 2.7961728 -0.31003937,
  3.2618478 2.8163708 0.31003937,3.2775591 2.8031875 0.31003937,
  3.2618478 2.8163708 -0.31003937,3.2618478 2.8163708 -0.31003937,
  3.2775591 2.8031875 0.31003937,3.2775591 2.8031875 -0.31003937,
  3.251593 2.8341327 0.31003937,3.2618478 2.8163708 0.31003937,
  3.251593 2.8341327 -0.31003937,3.251593 2.8341327 -0.31003937,
  3.2618478 2.8163708 0.31003937,3.2618478 2.8163708 -0.31003937,
  3.2480315 2.8543307 0.31003937,3.251593 2.8341327 0.31003937,
  3.2480315 2.8543307 -0.31003937,3.2480315 2.8543307 -0.31003937,
  3.251593 2.8341327 0.31003937,3.251593 2.8341327 -0.31003937,
  3.251593 2.8745287 0.31003937,3.2480315 2.8543307 0.31003937,
  3.251593 2.8745287 -0.31003937,3.251593 2.8745287 -0.31003937,
  3.2480315 2.8543307 0.31003937,3.2480315 2.8543307 -0.31003937,
  3.2618478 2.8922906 0.31003937,3.251593 2.8745287 0.31003937,
  3.2618478 2.8922906 -0.31003937,3.2618478 2.8922906 -0.31003937,
  3.251593 2.8745287 0.31003937,3.251593 2.8745287 -0.31003937,
  3.2775591 2.9054739 0.31003937,3.2618478 2.8922906 0.31003937,
  3.2775591 2.9054739 -0.31003937,3.2775591 2.9054739 -0.31003937,
  3.2618478 2.8922906 0.31003937,3.2618478 2.8922906 -0.31003937,
  3.2968318 2.9124886 0.31003937,3.2775591 2.9054739 0.31003937,
  3.2968318 2.9124886 -0.31003937,3.2968318 2.9124886 -0.31003937,
  3.2775591 2.9054739 0.31003937,3.2775591 2.9054739 -0.31003937,
  3.3173414 2.9124886 0.31003937,3.2968318 2.9124886 0.31003937,
  3.3173414 2.9124886 -0.31003937,3.3173414 2.9124886 -0.31003937,
  3.2968318 2.9124886 0.31003937,3.2968318 2.9124886 -0.31003937,
  3.3366142 2.9054739 0.31003937,3.3173414 2.9124886 0.31003937,
  3.3366142 2.9054739 -0.31003937,3.3366142 2.9054739 -0.31003937,
  3.3173414 2.9124886 0.31003937,3.3173414 2.9124886 -0.31003937,
  3.3523255 2.8922906 0.31003937,3.3366142 2.9054739 0.31003937,
  3.3523255 2.8922906 -0.31003937,3.3523255 2.8922906 -0.31003937,
  3.3366142 2.9054739 0.31003937,3.3366142 2.9054739 -0.31003937,
  3.3625803 2.8745287 0.31003937,3.3523255 2.8922906 0.31003937,
  3.3625803 2.8745287 -0.31003937,3.3625803 2.8745287 -0.31003937,
  3.3523255 2.8922906 0.31003937,3.3523255 2.8922906 -0.31003937,
  3.3661417 2.8543307 0.31003937,3.3625803 2.8745287 0.31003937,
  3.3661417 2.8543307 -0.31003937,3.3661417 2.8543307 -0.31003937,
  3.3625803 2.8745287 0.31003937,3.3625803 2.8745287 -0.31003937,
  3.3625803 2.8341327 0.31003937,3.3661417 2.8543307 0.31003937,
  3.3625803 2.8341327 -0.31003937,3.3625803 2.8341327 -0.31003937,
  3.3661417 2.8543307 0.31003937,3.3661417 2.8543307 -0.31003937,
  3.3523255 2.8163708 0.31003937,3.3625803 2.8341327 0.31003937,
  3.3523255 2.8163708 -0.31003937,3.3523255 2.8163708 -0.31003937,
  3.3625803 2.8341327 0.31003937,3.3625803 2.8341327 -0.31003937,
  3.3366142 2.8031875 0.31003937,3.3523255 2.8163708 0.31003937,
  3.3366142 2.8031875 -0.31003937,3.3366142 2.8031875 -0.31003937,
  3.3523255 2.8163708 0.31003937,3.3523255 2.8163708 -0.31003937,
  3.3173414 2.7961728 0.31003937,3.3366142 2.8031875 0.31003937,
  3.3173414 2.7961728 -0.31003937,3.3173414 2.7961728 -0.31003937,
  3.3366142 2.8031875 0.31003937,3.3366142 2.8031875 -0.31003937,
  3.3303331 0.27610355 0.31003937,3.3267717 0.25590551 0.31003937,
  3.3303331 0.27610355 -0.31003937,3.3303331 0.27610355 -0.31003937,
  3.3267717 0.25590551 0.31003937,3.3267717 0.25590551 -0.31003937,
  3.3405879 0.29386541 0.31003937,3.3303331 0.27610355 0.31003937,
  3.3405879 0.29386541 -0.31003937,3.3405879 0.29386541 -0.31003937,
  3.3303331 0.27610355 0.31003937,3.3303331 0.27610355 -0.31003937,
  3.3562992 0.30704874 0.31003937,3.3405879 0.29386541 0.31003937,
  3.3562992 0.30704874 -0.31003937,3.3562992 0.30704874 -0.31003937,
  3.3405879 0.29386541 0.31003937,3.3405879 0.29386541 -0.31003937,
  3.375572 0.31406345 0.31003937,3.3562992 0.30704874 0.31003937,
  3.375572 0.31406345 -0.31003937,3.375572 0.31406345 -0.31003937,
  3.3562992 0.30704874 0.31003937,3.3562992 0.30704874 -0.31003937,
  3.3960816 0.31406345 0.31003937,3.375572 0.31406345 0.31003937,
  3.3960816 0.31406345 -0.31003937,3.3960816 0.31406345 -0.31003937,
  3.375572 0.31406345 0.31003937,3.375572 0.31406345 -0.31003937,
  3.4153543 0.30704874 0.31003937,3.3960816 0.31406345 0.31003937,
  3.4153543 0.30704874 -0.31003937,3.4153543 0.30704874 -0.31003937,
  3.3960816 0.31406345 0.31003937,3.3960816 0.31406345 -0.31003937,
  3.4310656 0.29386541 0.31003937,3.4153543 0.30704874 0.31003937,
  3.4310656 0.29386541 -0.31003937,3.4310656 0.29386541 -0.31003937,
  3.4153543 0.30704874 0.31003937,3.4153543 0.30704874 -0.31003937,
  3.4413204 0.27610355 0.31003937,3.4310656 0.29386541 0.31003937,
  3.4413204 0.27610355 -0.31003937,3.4413204 0.27610355 -0.31003937,
  3.4310656 0.29386541 0.31003937,3.4310656 0.29386541 -0.31003937,
  3.4448819 0.25590551 0.31003937,3.4413204 0.27610355 0.31003937,
  3.4448819 0.25590551 -0.31003937,3.4448819 0.25590551 -0.31003937,
  3.4413204 0.27610355 0.31003937,3.4413204 0.27610355 -0.31003937,
  3.4413204 0.23570747 0.31003937,3.4448819 0.25590551 0.31003937,
  3.4413204 0.23570747 -0.31003937,3.4413204 0.23570747 -0.31003937,
  3.4448819 0.25590551 0.31003937,3.4448819 0.25590551 -0.31003937,
  3.4310656 0.21794561 0.31003937,3.4413204 0.23570747 0.31003937,
  3.4310656 0.21794561 -0.31003937,3.4310656 0.21794561 -0.31003937,
  3.4413204 0.23570747 0.31003937,3.4413204 0.23570747 -0.31003937,
  3.4153543 0.20476228 0.31003937,3.4310656 0.21794561 0.31003937,
  3.4153543 0.20476228 -0.31003937,3.4153543 0.20476228 -0.31003937,
  3.4310656 0.21794561 0.31003937,3.4310656 0.21794561 -0.31003937,
  3.3960816 0.19774757 0.31003937,3.4153543 0.20476228 0.31003937,
  3.3960816 0.19774757 -0.31003937,3.3960816 0.19774757 -0.31003937,
  3.4153543 0.20476228 0.31003937,3.4153543 0.20476228 -0.31003937,
  3.375572 0.19774757 0.31003937,3.3960816 0.19774757 0.31003937,
  3.375572 0.19774757 -0.31003937,3.375572 0.19774757 -0.31003937,
  3.3960816 0.19774757 0.31003937,3.3960816 0.19774757 -0.31003937,
  3.3562992 0.20476228 0.31003937,3.375572 0.19774757 0.31003937,
  3.3562992 0.20476228 -0.31003937,3.3562992 0.20476228 -0.31003937,
  3.375572 0.19774757 0.31003937,3.375572 0.19774757 -0.31003937,
  3.3405879 0.21794561 0.31003937,3.3562992 0.20476228 0.31003937,
  3.3405879 0.21794561 -0.31003937,3.3405879 0.21794561 -0.31003937,
  3.3562992 0.20476228 0.31003937,3.3562992 0.20476228 -0.31003937,
  3.3303331 0.23570747 0.31003937,3.3405879 0.21794561 0.31003937,
  3.3303331 0.23570747 -0.31003937,3.3303331 0.23570747 -0.31003937,
  3.3405879 0.21794561 0.31003937,3.3405879 0.21794561 -0.31003937,
  3.3267717 0.25590551 0.31003937,3.3303331 0.23570747 0.31003937,
  3.3267717 0.25590551 -0.31003937,3.3267717 0.25590551 -0.31003937,
  3.3303331 0.23570747 0.31003937,3.3303331 0.23570747 -0.31003937,
  5.0626166 0.27610355 0.31003937,5.0590551 0.25590551 0.31003937,
  5.0626166 0.27610355 -0.31003937,5.0626166 0.27610355 -0.31003937,
  5.0590551 0.25590551 0.31003937,5.0590551 0.25590551 -0.31003937,
  5.0728714 0.29386541 0.31003937,5.0626166 0.27610355 0.31003937,
  5.0728714 0.29386541 -0.31003937,5.0728714 0.29386541 -0.31003937,
  5.0626166 0.27610355 0.31003937,5.0626166 0.27610355 -0.31003937,
  5.0885827 0.30704874 0.31003937,5.0728714 0.29386541 0.31003937,
  5.0885827 0.30704874 -0.31003937,5.0885827 0.30704874 -0.31003937,
  5.0728714 0.29386541 0.31003937,5.0728714 0.29386541 -0.31003937,
  5.1078554 0.31406345 0.31003937,5.0885827 0.30704874 0.31003937,
  5.1078554 0.31406345 -0.31003937,5.1078554 0.31406345 -0.31003937,
  5.0885827 0.30704874 0.31003937,5.0885827 0.30704874 -0.31003937,
  5.128365 0.31406345 0.31003937,5.1078554 0.31406345 0.31003937,
  5.128365 0.31406345 -0.31003937,5.128365 0.31406345 -0.31003937,
  5.1078554 0.31406345 0.31003937,5.1078554 0.31406345 -0.31003937,
  5.1476378 0.30704874 0.31003937,5.128365 0.31406345 0.31003937,
  5.1476378 0.30704874 -0.31003937,5.1476378 0.30704874 -0.31003937,
  5.128365 0.31406345 0.31003937,5.128365 0.31406345 -0.31003937,
  5.1633491 0.29386541 0.31003937,5.1476378 0.30704874 0.31003937,
  5.1633491 0.29386541 -0.31003937,5.1633491 0.29386541 -0.31003937,
  5.1476378 0.30704874 0.31003937,5.1476378 0.30704874 -0.31003937,
  5.1736039 0.27610355 0.31003937,5.1633491 0.29386541 0.31003937,
  5.1736039 0.27610355 -0.31003937,5.1736039 0.27610355 -0.31003937,
  5.1633491 0.29386541 0.31003937,5.1633491 0.29386541 -0.31003937,
  5.1771654 0.25590551 0.31003937,5.1736039 0.27610355 0.31003937,
  5.1771654 0.25590551 -0.31003937,5.1771654 0.25590551 -0.31003937,
  5.1736039 0.27610355 0.31003937,5.1736039 0.27610355 -0.31003937,
  5.1736039 0.23570747 0.31003937,5.1771654 0.25590551 0.31003937,
  5.1736039 0.23570747 -0.31003937,5.1736039 0.23570747 -0.31003937,
  5.1771654 0.25590551 0.31003937,5.1771654 0.25590551 -0.31003937,
  5.1633491 0.21794561 0.31003937,5.1736039 0.23570747 0.31003937,
  5.1633491 0.21794561 -0.31003937,5.1633491 0.21794561 -0.31003937,
  5.1736039 0.23570747 0.31003937,5.1736039 0.23570747 -0.31003937,
  5.1476378 0.20476228 0.31003937,5.1633491 0.21794561 0.31003937,
  5.1476378 0.20476228 -0.31003937,5.1476378 0.20476228 -0.31003937,
  5.1633491 0.21794561 0.31003937,5.1633491 0.21794561 -0.31003937,
  5.128365 0.19774757 0.31003937,5.1476378 0.20476228 0.31003937,
  5.128365 0.19774757 -0.31003937,5.128365 0.19774757 -0.31003937,
  5.1476378 0.20476228 0.31003937,5.1476378 0.20476228 -0.31003937,
  5.1078554 0.19774757 0.31003937,5.128365 0.19774757 0.31003937,
  5.1078554 0.19774757 -0.31003937,5.1078554 0.19774757 -0.31003937,
  5.128365 0.19774757 0.31003937,5.128365 0.19774757 -0.31003937,
  5.0885827 0.20476228 0.31003937,5.1078554 0.19774757 0.31003937,
  5.0885827 0.20476228 -0.31003937,5.0885827 0.20476228 -0.31003937,
  5.1078554 0.19774757 0.31003937,5.1078554 0.19774757 -0.31003937,
  5.0728714 0.21794561 0.31003937,5.0885827 0.20476228 0.31003937,
  5.0728714 0.21794561 -0.31003937,5.0728714 0.21794561 -0.31003937,
  5.0885827 0.20476228 0.31003937,5.0885827 0.20476228 -0.31003937,
  5.0626166 0.23570747 0.31003937,5.0728714 0.21794561 0.31003937,
  5.0626166 0.23570747 -0.31003937,5.0626166 0.23570747 -0.31003937,
  5.0728714 0.21794561 0.31003937,5.0728714 0.21794561 -0.31003937,
  5.0590551 0.25590551 0.31003937,5.0626166 0.23570747 0.31003937,
  5.0590551 0.25590551 -0.31003937,5.0590551 0.25590551 -0.31003937,
  5.0626166 0.23570747 0.31003937,5.0626166 0.23570747 -0.31003937,
  5.6531678 0.5516941 0.31003937,5.6496063 0.53149606 0.31003937,
  5.6531678 0.5516941 -0.31003937,5.6531678 0.5516941 -0.31003937,
  5.6496063 0.53149606 0.31003937,5.6496063 0.53149606 -0.31003937,
  5.6634226 0.56945596 0.31003937,5.6531678 0.5516941 0.31003937,
  5.6634226 0.56945596 -0.31003937,5.6634226 0.56945596 -0.31003937,
  5.6531678 0.5516941 0.31003937,5.6531678 0.5516941 -0.31003937,
  5.6791339 0.5826393 0.31003937,5.6634226 0.56945596 0.31003937,
  5.6791339 0.5826393 -0.31003937,5.6791339 0.5826393 -0.31003937,
  5.6634226 0.56945596 0.31003937,5.6634226 0.56945596 -0.31003937,
  5.6984066 0.589654 0.31003937,5.6791339 0.5826393 0.31003937,
  5.6984066 0.589654 -0.31003937,5.6984066 0.589654 -0.31003937,
  5.6791339 0.5826393 0.31003937,5.6791339 0.5826393 -0.31003937,
  5.7189162 0.589654 0.31003937,5.6984066 0.589654 0.31003937,
  5.7189162 0.589654 -0.31003937,5.7189162 0.589654 -0.31003937,
  5.6984066 0.589654 0.31003937,5.6984066 0.589654 -0.31003937,
  5.738189 0.5826393 0.31003937,5.7189162 0.589654 0.31003937,
  5.738189 0.5826393 -0.31003937,5.738189 0.5826393 -0.31003937,
  5.7189162 0.589654 0.31003937,5.7189162 0.589654 -0.31003937,
  5.7539003 0.56945596 0.31003937,5.738189 0.5826393 0.31003937,
  5.7539003 0.56945596 -0.31003937,5.7539003 0.56945596 -0.31003937,
  5.738189 0.5826393 0.31003937,5.738189 0.5826393 -0.31003937,
  5.7641551 0.5516941 0.31003937,5.7539003 0.56945596 0.31003937,
  5.7641551 0.5516941 -0.31003937,5.7641551 0.5516941 -0.31003937,
  5.7539003 0.56945596 0.31003937,5.7539003 0.56945596 -0.31003937,
  5.7677165 0.53149606 0.31003937,5.7641551 0.5516941 0.31003937,
  5.7677165 0.53149606 -0.31003937,5.7677165 0.53149606 -0.31003937,
  5.7641551 0.5516941 0.31003937,5.7641551 0.5516941 -0.31003937,
  5.7641551 0.51129802 0.31003937,5.7677165 0.53149606 0.31003937,
  5.7641551 0.51129802 -0.31003937,5.7641551 0.51129802 -0.31003937,
  5.7677165 0.53149606 0.31003937,5.7677165 0.53149606 -0.31003937,
  5.7539003 0.49353616 0.31003937,5.7641551 0.51129802 0.31003937,
  5.7539003 0.49353616 -0.31003937,5.7539003 0.49353616 -0.31003937,
  5.7641551 0.51129802 0.31003937,5.7641551 0.51129802 -0.31003937,
  5.738189 0.48035283 0.31003937,5.7539003 0.49353616 0.31003937,
  5.738189 0.48035283 -0.31003937,5.738189 0.48035283 -0.31003937,
  5.7539003 0.49353616 0.31003937,5.7539003 0.49353616 -0.31003937,
  5.7189162 0.47333812 0.31003937,5.738189 0.48035283 0.31003937,
  5.7189162 0.47333812 -0.31003937,5.7189162 0.47333812 -0.31003937,
  5.738189 0.48035283 0.31003937,5.738189 0.48035283 -0.31003937,
  5.6984066 0.47333812 0.31003937,5.7189162 0.47333812 0.31003937,
  5.6984066 0.47333812 -0.31003937,5.6984066 0.47333812 -0.31003937,
  5.7189162 0.47333812 0.31003937,5.7189162 0.47333812 -0.31003937,
  5.6791339 0.48035283 0.31003937,5.6984066 0.47333812 0.31003937,
  5.6791339 0.48035283 -0.31003937,5.6791339 0.48035283 -0.31003937,
  5.6984066 0.47333812 0.31003937,5.6984066 0.47333812 -0.31003937,
  5.6634226 0.49353616 0.31003937,5.6791339 0.48035283 0.31003937,
  5.6634226 0.49353616 -0.31003937,5.6634226 0.49353616 -0.31003937,
  5.6791339 0.48035283 0.31003937,5.6791339 0.48035283 -0.31003937,
  5.6531678 0.51129802 0.31003937,5.6634226 0.49353616 0.31003937,
  5.6531678 0.51129802 -0.31003937,5.6531678 0.51129802 -0.31003937,
  5.6634226 0.49353616 0.31003937,5.6634226 0.49353616 -0.31003937,
  5.6496063 0.53149606 0.31003937,5.6531678 0.51129802 0.31003937,
  5.6496063 0.53149606 -0.31003937,5.6496063 0.53149606 -0.31003937,
  5.6531678 0.51129802 0.31003937,5.6531678 0.51129802 -0.31003937,
  3.0153725 3.5831902 0.31003937,3.011811 3.5629921 0.31003937,
  3.0153725 3.5831902 -0.31003937,3.0153725 3.5831902 -0.31003937,
  3.011811 3.5629921 0.31003937,3.011811 3.5629921 -0.31003937,
  3.0256273 3.600952 0.31003937,3.0153725 3.5831902 0.31003937,
  3.0256273 3.600952 -0.31003937,3.0256273 3.600952 -0.31003937,
  3.0153725 3.5831902 0.31003937,3.0153725 3.5831902 -0.31003937,
  3.0413386 3.6141354 0.31003937,3.0256273 3.600952 0.31003937,
  3.0413386 3.6141354 -0.31003937,3.0413386 3.6141354 -0.31003937,
  3.0256273 3.600952 0.31003937,3.0256273 3.600952 -0.31003937,
  3.0606113 3.6211501 0.31003937,3.0413386 3.6141354 0.31003937,
  3.0606113 3.6211501 -0.31003937,3.0606113 3.6211501 -0.31003937,
  3.0413386 3.6141354 0.31003937,3.0413386 3.6141354 -0.31003937,
  3.081121 3.6211501 0.31003937,3.0606113 3.6211501 0.31003937,
  3.081121 3.6211501 -0.31003937,3.081121 3.6211501 -0.31003937,
  3.0606113 3.6211501 0.31003937,3.0606113 3.6211501 -0.31003937,
  3.1003937 3.6141354 0.31003937,3.081121 3.6211501 0.31003937,
  3.1003937 3.6141354 -0.31003937,3.1003937 3.6141354 -0.31003937,
  3.081121 3.6211501 0.31003937,3.081121 3.6211501 -0.31003937,
  3.116105 3.600952 0.31003937,3.1003937 3.6141354 0.31003937,
  3.116105 3.600952 -0.31003937,3.116105 3.600952 -0.31003937,
  3.1003937 3.6141354 0.31003937,3.1003937 3.6141354 -0.31003937,
  3.1263598 3.5831902 0.31003937,3.116105 3.600952 0.31003937,
  3.1263598 3.5831902 -0.31003937,3.1263598 3.5831902 -0.31003937,
  3.116105 3.600952 0.31003937,3.116105 3.600952 -0.31003937,
  3.1299213 3.5629921 0.31003937,3.1263598 3.5831902 0.31003937,
  3.1299213 3.5629921 -0.31003937,3.1299213 3.5629921 -0.31003937,
  3.1263598 3.5831902 0.31003937,3.1263598 3.5831902 -0.31003937,
  3.1263598 3.5427941 0.31003937,3.1299213 3.5629921 0.31003937,
  3.1263598 3.5427941 -0.31003937,3.1263598 3.5427941 -0.31003937,
  3.1299213 3.5629921 0.31003937,3.1299213 3.5629921 -0.31003937,
  3.116105 3.5250322 0.31003937,3.1263598 3.5427941 0.31003937,
  3.116105 3.5250322 -0.31003937,3.116105 3.5250322 -0.31003937,
  3.1263598 3.5427941 0.31003937,3.1263598 3.5427941 -0.31003937,
  3.1003937 3.5118489 0.31003937,3.116105 3.5250322 0.31003937,
  3.1003937 3.5118489 -0.31003937,3.1003937 3.5118489 -0.31003937,
  3.116105 3.5250322 0.31003937,3.116105 3.5250322 -0.31003937,
  3.081121 3.5048342 0.31003937,3.1003937 3.5118489 0.31003937,
  3.081121 3.5048342 -0.31003937,3.081121 3.5048342 -0.31003937,
  3.1003937 3.5118489 0.31003937,3.1003937 3.5118489 -0.31003937,
  3.0606113 3.5048342 0.31003937,3.081121 3.5048342 0.31003937,
  3.0606113 3.5048342 -0.31003937,3.0606113 3.5048342 -0.31003937,
  3.081121 3.5048342 0.31003937,3.081121 3.5048342 -0.31003937,
  3.0413386 3.5118489 0.31003937,3.0606113 3.5048342 0.31003937,
  3.0413386 3.5118489 -0.31003937,3.0413386 3.5118489 -0.31003937,
  3.0606113 3.5048342 0.31003937,3.0606113 3.5048342 -0.31003937,
  3.0256273 3.5250322 0.31003937,3.0413386 3.5118489 0.31003937,
  3.0256273 3.5250322 -0.31003937,3.0256273 3.5250322 -0.31003937,
  3.0413386 3.5118489 0.31003937,3.0413386 3.5118489 -0.31003937,
  3.0153725 3.5427941 0.31003937,3.0256273 3.5250322 0.31003937,
  3.0153725 3.5427941 -0.31003937,3.0153725 3.5427941 -0.31003937,
  3.0256273 3.5250322 0.31003937,3.0256273 3.5250322 -0.31003937,
  3.011811 3.5629921 0.31003937,3.0153725 3.5427941 0.31003937,
  3.011811 3.5629921 -0.31003937,3.011811 3.5629921 -0.31003937,
  3.0153725 3.5427941 0.31003937,3.0153725 3.5427941 -0.31003937,
  1.709037 3.5427941 0.31003937,1.7125984 3.5629921 0.31003937,
  1.709037 3.5427941 -0.31003937,1.709037 3.5427941 -0.31003937,
  1.7125984 3.5629921 0.31003937,1.7125984 3.5629921 -0.31003937,
  1.6987822 3.5250322 0.31003937,1.709037 3.5427941 0.31003937,
  1.6987822 3.5250322 -0.31003937,1.6987822 3.5250322 -0.31003937,
  1.709037 3.5427941 0.31003937,1.709037 3.5427941 -0.31003937,
  1.6830709 3.5118489 0.31003937,1.6987822 3.5250322 0.31003937,
  1.6830709 3.5118489 -0.31003937,1.6830709 3.5118489 -0.31003937,
  1.6987822 3.5250322 0.31003937,1.6987822 3.5250322 -0.31003937,
  1.6637981 3.5048342 0.31003937,1.6830709 3.5118489 0.31003937,
  1.6637981 3.5048342 -0.31003937,1.6637981 3.5048342 -0.31003937,
  1.6830709 3.5118489 0.31003937,1.6830709 3.5118489 -0.31003937,
  1.6432885 3.5048342 0.31003937,1.6637981 3.5048342 0.31003937,
  1.6432885 3.5048342 -0.31003937,1.6432885 3.5048342 -0.31003937,
  1.6637981 3.5048342 0.31003937,1.6637981 3.5048342 -0.31003937,
  1.6240157 3.5118489 0.31003937,1.6432885 3.5048342 0.31003937,
  1.6240157 3.5118489 -0.31003937,1.6240157 3.5118489 -0.31003937,
  1.6432885 3.5048342 0.31003937,1.6432885 3.5048342 -0.31003937,
  1.6083045 3.5250322 0.31003937,1.6240157 3.5118489 0.31003937,
  1.6083045 3.5250322 -0.31003937,1.6083045 3.5250322 -0.31003937,
  1.6240157 3.5118489 0.31003937,1.6240157 3.5118489 -0.31003937,
  1.5980496 3.5427941 0.31003937,1.6083045 3.5250322 0.31003937,
  1.5980496 3.5427941 -0.31003937,1.5980496 3.5427941 -0.31003937,
  1.6083045 3.5250322 0.31003937,1.6083045 3.5250322 -0.31003937,
  1.5944882 3.5629921 0.31003937,1.5980496 3.5427941 0.31003937,
  1.5944882 3.5629921 -0.31003937,1.5944882 3.5629921 -0.31003937,
  1.5980496 3.5427941 0.31003937,1.5980496 3.5427941 -0.31003937,
  1.5980496 3.5831902 0.31003937,1.5944882 3.5629921 0.31003937,
  1.5980496 3.5831902 -0.31003937,1.5980496 3.5831902 -0.31003937,
  1.5944882 3.5629921 0.31003937,1.5944882 3.5629921 -0.31003937,
  1.6083045 3.600952 0.31003937,1.5980496 3.5831902 0.31003937,
  1.6083045 3.600952 -0.31003937,1.6083045 3.600952 -0.31003937,
  1.5980496 3.5831902 0.31003937,1.5980496 3.5831902 -0.31003937,
  1.6240157 3.6141354 0.31003937,1.6083045 3.600952 0.31003937,
  1.6240157 3.6141354 -0.31003937,1.6240157 3.6141354 -0.31003937,
  1.6083045 3.600952 0.31003937,1.6083045 3.600952 -0.31003937,
  1.6432885 3.6211501 0.31003937,1.6240157 3.6141354 0.31003937,
  1.6432885 3.6211501 -0.31003937,1.6432885 3.6211501 -0.31003937,
  1.6240157 3.6141354 0.31003937,1.6240157 3.6141354 -0.31003937,
  1.6637981 3.6211501 0.31003937,1.6432885 3.6211501 0.31003937,
  1.6637981 3.6211501 -0.31003937,1.6637981 3.6211501 -0.31003937,
  1.6432885 3.6211501 0.31003937,1.6432885 3.6211501 -0.31003937,
  1.6830709 3.6141354 0.31003937,1.6637981 3.6211501 0.31003937,
  1.6830709 3.6141354 -0.31003937,1.6830709 3.6141354 -0.31003937,
  1.6637981 3.6211501 0.31003937,1.6637981 3.6211501 -0.31003937,
  1.6987822 3.600952 0.31003937,1.6830709 3.6141354 0.31003937,
  1.6987822 3.600952 -0.31003937,1.6987822 3.600952 -0.31003937,
  1.6830709 3.6141354 0.31003937,1.6830709 3.6141354 -0.31003937,
  1.709037 3.5831902 0.31003937,1.6987822 3.600952 0.31003937,
  1.709037 3.5831902 -0.31003937,1.709037 3.5831902 -0.31003937,
  1.6987822 3.600952 0.31003937,1.6987822 3.600952 -0.31003937,
  1.7125984 3.5629921 0.31003937,1.709037 3.5831902 0.31003937,
  1.7125984 3.5629921 -0.31003937,1.7125984 3.5629921 -0.31003937,
  1.709037 3.5831902 0.31003937,1.709037 3.5831902 -0.31003937,
  2.7224042 0.29386541 0.31003937,2.7066929 0.30704874 0.31003937,
  2.7224042 0.29386541 -0.31003937,2.7224042 0.29386541 -0.31003937,
  2.7066929 0.30704874 0.31003937,2.7066929 0.30704874 -0.31003937,
  2.732659 0.27610355 0.31003937,2.7224042 0.29386541 0.31003937,
  2.732659 0.27610355 -0.31003937,2.732659 0.27610355 -0.31003937,
  2.7224042 0.29386541 0.31003937,2.7224042 0.29386541 -0.31003937,
  2.7362205 0.25590551 0.31003937,2.732659 0.27610355 0.31003937,
  2.7362205 0.25590551 -0.31003937,2.7362205 0.25590551 -0.31003937,
  2.732659 0.27610355 0.31003937,2.732659 0.27610355 -0.31003937,
  2.732659 0.23570747 0.31003937,2.7362205 0.25590551 0.31003937,
  2.732659 0.23570747 -0.31003937,2.732659 0.23570747 -0.31003937,
  2.7362205 0.25590551 0.31003937,2.7362205 0.25590551 -0.31003937,
  2.7224042 0.21794561 0.31003937,2.732659 0.23570747 0.31003937,
  2.7224042 0.21794561 -0.31003937,2.7224042 0.21794561 -0.31003937,
  2.732659 0.23570747 0.31003937,2.732659 0.23570747 -0.31003937,
  2.7066929 0.20476228 0.31003937,2.7224042 0.21794561 0.31003937,
  2.7066929 0.20476228 -0.31003937,2.7066929 0.20476228 -0.31003937,
  2.7224042 0.21794561 0.31003937,2.7224042 0.21794561 -0.31003937,
  2.6874202 0.19774757 0.31003937,2.7066929 0.20476228 0.31003937,
  2.6874202 0.19774757 -0.31003937,2.6874202 0.19774757 -0.31003937,
  2.7066929 0.20476228 0.31003937,2.7066929 0.20476228 -0.31003937,
  2.6669105 0.19774757 0.31003937,2.6874202 0.19774757 0.31003937,
  2.6669105 0.19774757 -0.31003937,2.6669105 0.19774757 -0.31003937,
  2.6874202 0.19774757 0.31003937,2.6874202 0.19774757 -0.31003937,
  2.6476378 0.20476228 0.31003937,2.6669105 0.19774757 0.31003937,
  2.6476378 0.20476228 -0.31003937,2.6476378 0.20476228 -0.31003937,
  2.6669105 0.19774757 0.31003937,2.6669105 0.19774757 -0.31003937,
  2.6319265 0.21794561 0.31003937,2.6476378 0.20476228 0.31003937,
  2.6319265 0.21794561 -0.31003937,2.6319265 0.21794561 -0.31003937,
  2.6476378 0.20476228 0.31003937,2.6476378 0.20476228 -0.31003937,
  2.6216717 0.23570747 0.31003937,2.6319265 0.21794561 0.31003937,
  2.6216717 0.23570747 -0.31003937,2.6216717 0.23570747 -0.31003937,
  2.6319265 0.21794561 0.31003937,2.6319265 0.21794561 -0.31003937,
  2.6181102 0.25590551 0.31003937,2.6216717 0.23570747 0.31003937,
  2.6181102 0.25590551 -0.31003937,2.6181102 0.25590551 -0.31003937,
  2.6216717 0.23570747 0.31003937,2.6216717 0.23570747 -0.31003937,
  2.6216717 0.27610355 0.31003937,2.6181102 0.25590551 0.31003937,
  2.6216717 0.27610355 -0.31003937,2.6216717 0.27610355 -0.31003937,
  2.6181102 0.25590551 0.31003937,2.6181102 0.25590551 -0.31003937,
  2.6319265 0.29386541 0.31003937,2.6216717 0.27610355 0.31003937,
  2.6319265 0.29386541 -0.31003937,2.6319265 0.29386541 -0.31003937,
  2.6216717 0.27610355 0.31003937,2.6216717 0.27610355 -0.31003937,
  2.6476378 0.30704874 0.31003937,2.6319265 0.29386541 0.31003937,
  2.6476378 0.30704874 -0.31003937,2.6476378 0.30704874 -0.31003937,
  2.6319265 0.29386541 0.31003937,2.6319265 0.29386541 -0.31003937,
  2.6669105 0.31406345 0.31003937,2.6476378 0.30704874 0.31003937,
  2.6669105 0.31406345 -0.31003937,2.6669105 0.31406345 -0.31003937,
  2.6476378 0.30704874 0.31003937,2.6476378 0.30704874 -0.31003937,
  2.6874202 0.31406345 0.31003937,2.6669105 0.31406345 0.31003937,
  2.6874202 0.31406345 -0.31003937,2.6874202 0.31406345 -0.31003937,
  2.6669105 0.31406345 0.31003937,2.6669105 0.31406345 -0.31003937,
  2.7066929 0.30704874 0.31003937,2.6874202 0.31406345 0.31003937,
  2.7066929 0.30704874 -0.31003937,2.7066929 0.30704874 -0.31003937,
  2.6874202 0.31406345 0.31003937,2.6874202 0.31406345 -0.31003937,
  2.0020052 2.6195204 0.31003937,2.0177165 2.6063371 0.31003937,
  2.0020052 2.6195204 -0.31003937,2.0020052 2.6195204 -0.31003937,
  2.0177165 2.6063371 0.31003937,2.0177165 2.6063371 -0.31003937,
  1.9917504 2.6372823 0.31003937,2.0020052 2.6195204 0.31003937,
  1.9917504 2.6372823 -0.31003937,1.9917504 2.6372823 -0.31003937,
  2.0020052 2.6195204 0.31003937,2.0020052 2.6195204 -0.31003937,
  1.988189 2.6574803 0.31003937,1.9917504 2.6372823 0.31003937,
  1.988189 2.6574803 -0.31003937,1.988189 2.6574803 -0.31003937,
  1.9917504 2.6372823 0.31003937,1.9917504 2.6372823 -0.31003937,
  1.9917504 2.6776784 0.31003937,1.988189 2.6574803 0.31003937,
  1.9917504 2.6776784 -0.31003937,1.9917504 2.6776784 -0.31003937,
  1.988189 2.6574803 0.31003937,1.988189 2.6574803 -0.31003937,
  2.0020052 2.6954402 0.31003937,1.9917504 2.6776784 0.31003937,
  2.0020052 2.6954402 -0.31003937,2.0020052 2.6954402 -0.31003937,
  1.9917504 2.6776784 0.31003937,1.9917504 2.6776784 -0.31003937,
  2.0177165 2.7086235 0.31003937,2.0020052 2.6954402 0.31003937,
  2.0177165 2.7086235 -0.31003937,2.0177165 2.7086235 -0.31003937,
  2.0020052 2.6954402 0.31003937,2.0020052 2.6954402 -0.31003937,
  2.0369893 2.7156383 0.31003937,2.0177165 2.7086235 0.31003937,
  2.0369893 2.7156383 -0.31003937,2.0369893 2.7156383 -0.31003937,
  2.0177165 2.7086235 0.31003937,2.0177165 2.7086235 -0.31003937,
  2.0574989 2.7156383 0.31003937,2.0369893 2.7156383 0.31003937,
  2.0574989 2.7156383 -0.31003937,2.0574989 2.7156383 -0.31003937,
  2.0369893 2.7156383 0.31003937,2.0369893 2.7156383 -0.31003937,
  2.0767717 2.7086235 0.31003937,2.0574989 2.7156383 0.31003937,
  2.0767717 2.7086235 -0.31003937,2.0767717 2.7086235 -0.31003937,
  2.0574989 2.7156383 0.31003937,2.0574989 2.7156383 -0.31003937,
  2.0924829 2.6954402 0.31003937,2.0767717 2.7086235 0.31003937,
  2.0924829 2.6954402 -0.31003937,2.0924829 2.6954402 -0.31003937,
  2.0767717 2.7086235 0.31003937,2.0767717 2.7086235 -0.31003937,
  2.1027378 2.6776784 0.31003937,2.0924829 2.6954402 0.31003937,
  2.1027378 2.6776784 -0.31003937,2.1027378 2.6776784 -0.31003937,
  2.0924829 2.6954402 0.31003937,2.0924829 2.6954402 -0.31003937,
  2.1062992 2.6574803 0.31003937,2.1027378 2.6776784 0.31003937,
  2.1062992 2.6574803 -0.31003937,2.1062992 2.6574803 -0.31003937,
  2.1027378 2.6776784 0.31003937,2.1027378 2.6776784 -0.31003937,
  2.1027378 2.6372823 0.31003937,2.1062992 2.6574803 0.31003937,
  2.1027378 2.6372823 -0.31003937,2.1027378 2.6372823 -0.31003937,
  2.1062992 2.6574803 0.31003937,2.1062992 2.6574803 -0.31003937,
  2.0924829 2.6195204 0.31003937,2.1027378 2.6372823 0.31003937,
  2.0924829 2.6195204 -0.31003937,2.0924829 2.6195204 -0.31003937,
  2.1027378 2.6372823 0.31003937,2.1027378 2.6372823 -0.31003937,
  2.0767717 2.6063371 0.31003937,2.0924829 2.6195204 0.31003937,
  2.0767717 2.6063371 -0.31003937,2.0767717 2.6063371 -0.31003937,
  2.0924829 2.6195204 0.31003937,2.0924829 2.6195204 -0.31003937,
  2.0574989 2.5993224 0.31003937,2.0767717 2.6063371 0.31003937,
  2.0574989 2.5993224 -0.31003937,2.0574989 2.5993224 -0.31003937,
  2.0767717 2.6063371 0.31003937,2.0767717 2.6063371 -0.31003937,
  2.0369893 2.5993224 0.31003937,2.0574989 2.5993224 0.31003937,
  2.0369893 2.5993224 -0.31003937,2.0369893 2.5993224 -0.31003937,
  2.0574989 2.5993224 0.31003937,2.0574989 2.5993224 -0.31003937,
  2.0177165 2.6063371 0.31003937,2.0369893 2.5993224 0.31003937,
  2.0177165 2.6063371 -0.31003937,2.0177165 2.6063371 -0.31003937,
  2.0369893 2.5993224 0.31003937,2.0369893 2.5993224 -0.31003937,
  2.0311205 1.6934264 0.31003937,2.0275591 1.6732283 0.31003937,
  2.0311205 1.6934264 -0.31003937,2.0311205 1.6934264 -0.31003937,
  2.0275591 1.6732283 0.31003937,2.0275591 1.6732283 -0.31003937,
  2.0413753 1.7111882 0.31003937,2.0311205 1.6934264 0.31003937,
  2.0413753 1.7111882 -0.31003937,2.0413753 1.7111882 -0.31003937,
  2.0311205 1.6934264 0.31003937,2.0311205 1.6934264 -0.31003937,
  2.0570866 1.7243716 0.31003937,2.0413753 1.7111882 0.31003937,
  2.0570866 1.7243716 -0.31003937,2.0570866 1.7243716 -0.31003937,
  2.0413753 1.7111882 0.31003937,2.0413753 1.7111882 -0.31003937,
  2.0763594 1.7313863 0.31003937,2.0570866 1.7243716 0.31003937,
  2.0763594 1.7313863 -0.31003937,2.0763594 1.7313863 -0.31003937,
  2.0570866 1.7243716 0.31003937,2.0570866 1.7243716 -0.31003937,
  2.096869 1.7313863 0.31003937,2.0763594 1.7313863 0.31003937,
  2.096869 1.7313863 -0.31003937,2.096869 1.7313863 -0.31003937,
  2.0763594 1.7313863 0.31003937,2.0763594 1.7313863 -0.31003937,
  2.1161417 1.7243716 0.31003937,2.096869 1.7313863 0.31003937,
  2.1161417 1.7243716 -0.31003937,2.1161417 1.7243716 -0.31003937,
  2.096869 1.7313863 0.31003937,2.096869 1.7313863 -0.31003937,
  2.131853 1.7111882 0.31003937,2.1161417 1.7243716 0.31003937,
  2.131853 1.7111882 -0.31003937,2.131853 1.7111882 -0.31003937,
  2.1161417 1.7243716 0.31003937,2.1161417 1.7243716 -0.31003937,
  2.1421078 1.6934264 0.31003937,2.131853 1.7111882 0.31003937,
  2.1421078 1.6934264 -0.31003937,2.1421078 1.6934264 -0.31003937,
  2.131853 1.7111882 0.31003937,2.131853 1.7111882 -0.31003937,
  2.1456693 1.6732283 0.31003937,2.1421078 1.6934264 0.31003937,
  2.1456693 1.6732283 -0.31003937,2.1456693 1.6732283 -0.31003937,
  2.1421078 1.6934264 0.31003937,2.1421078 1.6934264 -0.31003937,
  2.1421078 1.6530303 0.31003937,2.1456693 1.6732283 0.31003937,
  2.1421078 1.6530303 -0.31003937,2.1421078 1.6530303 -0.31003937,
  2.1456693 1.6732283 0.31003937,2.1456693 1.6732283 -0.31003937,
  2.131853 1.6352684 0.31003937,2.1421078 1.6530303 0.31003937,
  2.131853 1.6352684 -0.31003937,2.131853 1.6352684 -0.31003937,
  2.1421078 1.6530303 0.31003937,2.1421078 1.6530303 -0.31003937,
  2.1161417 1.6220851 0.31003937,2.131853 1.6352684 0.31003937,
  2.1161417 1.6220851 -0.31003937,2.1161417 1.6220851 -0.31003937,
  2.131853 1.6352684 0.31003937,2.131853 1.6352684 -0.31003937,
  2.096869 1.6150704 0.31003937,2.1161417 1.6220851 0.31003937,
  2.096869 1.6150704 -0.31003937,2.096869 1.6150704 -0.31003937,
  2.1161417 1.6220851 0.31003937,2.1161417 1.6220851 -0.31003937,
  2.0763594 1.6150704 0.31003937,2.096869 1.6150704 0.31003937,
  2.0763594 1.6150704 -0.31003937,2.0763594 1.6150704 -0.31003937,
  2.096869 1.6150704 0.31003937,2.096869 1.6150704 -0.31003937,
  2.0570866 1.6220851 0.31003937,2.0763594 1.6150704 0.31003937,
  2.0570866 1.6220851 -0.31003937,2.0570866 1.6220851 -0.31003937,
  2.0763594 1.6150704 0.31003937,2.0763594 1.6150704 -0.31003937,
  2.0413753 1.6352684 0.31003937,2.0570866 1.6220851 0.31003937,
  2.0413753 1.6352684 -0.31003937,2.0413753 1.6352684 -0.31003937,
  2.0570866 1.6220851 0.31003937,2.0570866 1.6220851 -0.31003937,
  2.0311205 1.6530303 0.31003937,2.0413753 1.6352684 0.31003937,
  2.0311205 1.6530303 -0.31003937,2.0311205 1.6530303 -0.31003937,
  2.0413753 1.6352684 0.31003937,2.0413753 1.6352684 -0.31003937,
  2.0275591 1.6732283 0.31003937,2.0311205 1.6530303 0.31003937,
  2.0275591 1.6732283 -0.31003937,2.0275591 1.6732283 -0.31003937,
  2.0311205 1.6530303 0.31003937,2.0311205 1.6530303 -0.31003937,
  2.5823016 1.0635051 0.31003937,2.5787402 1.0433071 0.31003937,
  2.5823016 1.0635051 -0.31003937,2.5823016 1.0635051 -0.31003937,
  2.5787402 1.0433071 0.31003937,2.5787402 1.0433071 -0.31003937,
  2.5925564 1.081267 0.31003937,2.5823016 1.0635051 0.31003937,
  2.5925564 1.081267 -0.31003937,2.5925564 1.081267 -0.31003937,
  2.5823016 1.0635051 0.31003937,2.5823016 1.0635051 -0.31003937,
  2.6082677 1.0944503 0.31003937,2.5925564 1.081267 0.31003937,
  2.6082677 1.0944503 -0.31003937,2.6082677 1.0944503 -0.31003937,
  2.5925564 1.081267 0.31003937,2.5925564 1.081267 -0.31003937,
  2.6275405 1.101465 0.31003937,2.6082677 1.0944503 0.31003937,
  2.6275405 1.101465 -0.31003937,2.6275405 1.101465 -0.31003937,
  2.6082677 1.0944503 0.31003937,2.6082677 1.0944503 -0.31003937,
  2.6480501 1.101465 0.31003937,2.6275405 1.101465 0.31003937,
  2.6480501 1.101465 -0.31003937,2.6480501 1.101465 -0.31003937,
  2.6275405 1.101465 0.31003937,2.6275405 1.101465 -0.31003937,
  2.6673228 1.0944503 0.31003937,2.6480501 1.101465 0.31003937,
  2.6673228 1.0944503 -0.31003937,2.6673228 1.0944503 -0.31003937,
  2.6480501 1.101465 0.31003937,2.6480501 1.101465 -0.31003937,
  2.6830341 1.081267 0.31003937,2.6673228 1.0944503 0.31003937,
  2.6830341 1.081267 -0.31003937,2.6830341 1.081267 -0.31003937,
  2.6673228 1.0944503 0.31003937,2.6673228 1.0944503 -0.31003937,
  2.6932889 1.0635051 0.31003937,2.6830341 1.081267 0.31003937,
  2.6932889 1.0635051 -0.31003937,2.6932889 1.0635051 -0.31003937,
  2.6830341 1.081267 0.31003937,2.6830341 1.081267 -0.31003937,
  2.6968504 1.0433071 0.31003937,2.6932889 1.0635051 0.31003937,
  2.6968504 1.0433071 -0.31003937,2.6968504 1.0433071 -0.31003937,
  2.6932889 1.0635051 0.31003937,2.6932889 1.0635051 -0.31003937,
  2.6932889 1.023109 0.31003937,2.6968504 1.0433071 0.31003937,
  2.6932889 1.023109 -0.31003937,2.6932889 1.023109 -0.31003937,
  2.6968504 1.0433071 0.31003937,2.6968504 1.0433071 -0.31003937,
  2.6830341 1.0053472 0.31003937,2.6932889 1.023109 0.31003937,
  2.6830341 1.0053472 -0.31003937,2.6830341 1.0053472 -0.31003937,
  2.6932889 1.023109 0.31003937,2.6932889 1.023109 -0.31003937,
  2.6673228 0.99216385 0.31003937,2.6830341 1.0053472 0.31003937,
  2.6673228 0.99216385 -0.31003937,2.6673228 0.99216385 -0.31003937,
  2.6830341 1.0053472 0.31003937,2.6830341 1.0053472 -0.31003937,
  2.6480501 0.98514915 0.31003937,2.6673228 0.99216385 0.31003937,
  2.6480501 0.98514915 -0.31003937,2.6480501 0.98514915 -0.31003937,
  2.6673228 0.99216385 0.31003937,2.6673228 0.99216385 -0.31003937,
  2.6275405 0.98514915 0.31003937,2.6480501 0.98514915 0.31003937,
  2.6275405 0.98514915 -0.31003937,2.6275405 0.98514915 -0.31003937,
  2.6480501 0.98514915 0.31003937,2.6480501 0.98514915 -0.31003937,
  2.6082677 0.99216385 0.31003937,2.6275405 0.98514915 0.31003937,
  2.6082677 0.99216385 -0.31003937,2.6082677 0.99216385 -0.31003937,
  2.6275405 0.98514915 0.31003937,2.6275405 0.98514915 -0.31003937,
  2.5925564 1.0053472 0.31003937,2.6082677 0.99216385 0.31003937,
  2.5925564 1.0053472 -0.31003937,2.5925564 1.0053472 -0.31003937,
  2.6082677 0.99216385 0.31003937,2.6082677 0.99216385 -0.31003937,
  2.5823016 1.023109 0.31003937,2.5925564 1.0053472 0.31003937,
  2.5823016 1.023109 -0.31003937,2.5823016 1.023109 -0.31003937,
  2.5925564 1.0053472 0.31003937,2.5925564 1.0053472 -0.31003937,
  2.5787402 1.0433071 0.31003937,2.5823016 1.023109 0.31003937,
  2.5787402 1.0433071 -0.31003937,2.5787402 1.0433071 -0.31003937,
  2.5823016 1.023109 0.31003937,2.5823016 1.023109 -0.31003937] }
 coordIndex [
  0,1,2,-1,3,4,5,-1,6,7,8,-1,9,10,11,-1,12,13,14,-1,15,16,17,-1,18,19,20,-1,21,22,23,-1,
  24,25,26,-1,27,28,29,-1,30,31,32,-1,33,34,35,-1,36,37,38,-1,39,40,41,-1,42,43,44,-1,45,46,47,-1,
  48,49,50,-1,51,52,53,-1,54,55,56,-1,57,58,59,-1,60,61,62,-1,63,64,65,-1,66,67,68,-1,69,70,71,-1,
  72,73,74,-1,75,76,77,-1,78,79,80,-1,81,82,83,-1,84,85,86,-1,87,88,89,-1,90,91,92,-1,93,94,95,-1,
  96,97,98,-1,99,100,101,-1,102,103,104,-1,105,106,107,-1,108,109,110,-1,111,112,113,-1,114,115,116,-1,117,118,119,-1,
  120,121,122,-1,123,124,125,-1,126,127,128,-1,129,130,131,-1,132,133,134,-1,135,136,137,-1,138,139,140,-1,141,142,143,-1,
  144,145,146,-1,147,148,149,-1,150,151,152,-1,153,154,155,-1,156,157,158,-1,159,160,161,-1,162,163,164,-1,165,166,167,-1,
  168,169,170,-1,171,172,173,-1,174,175,176,-1,177,178,179,-1,180,181,182,-1,183,184,185,-1,186,187,188,-1,189,190,191,-1,
  192,193,194,-1,195,196,197,-1,198,199,200,-1,201,202,203,-1,204,205,206,-1,207,208,209,-1,210,211,212,-1,213,214,215,-1,
  216,217,218,-1,219,220,221,-1,222,223,224,-1,225,226,227,-1,228,229,230,-1,231,232,233,-1,234,235,236,-1,237,238,239,-1,
  240,241,242,-1,243,244,245,-1,246,247,248,-1,249,250,251,-1,252,253,254,-1,255,256,257,-1,258,259,260,-1,261,262,263,-1,
  264,265,266,-1,267,268,269,-1,270,271,272,-1,273,274,275,-1,276,277,278,-1,279,280,281,-1,282,283,284,-1,285,286,287,-1,
  288,289,290,-1,291,292,293,-1,294,295,296,-1,297,298,299,-1,300,301,302,-1,303,304,305,-1,306,307,308,-1,309,310,311,-1,
  312,313,314,-1,315,316,317,-1,318,319,320,-1,321,322,323,-1,324,325,326,-1,327,328,329,-1,330,331,332,-1,333,334,335,-1,
  336,337,338,-1,339,340,341,-1,342,343,344,-1,345,346,347,-1,348,349,350,-1,351,352,353,-1,354,355,356,-1,357,358,359,-1,
  360,361,362,-1,363,364,365,-1,366,367,368,-1,369,370,371,-1,372,373,374,-1,375,376,377,-1,378,379,380,-1,381,382,383,-1,
  384,385,386,-1,387,388,389,-1,390,391,392,-1,393,394,395,-1,396,397,398,-1,399,400,401,-1,402,403,404,-1,405,406,407,-1,
  408,409,410,-1,411,412,413,-1,414,415,416,-1,417,418,419,-1,420,421,422,-1,423,424,425,-1,426,427,428,-1,429,430,431,-1,
  432,433,434,-1,435,436,437,-1,438,439,440,-1,441,442,443,-1,444,445,446,-1,447,448,449,-1,450,451,452,-1,453,454,455,-1,
  456,457,458,-1,459,460,461,-1,462,463,464,-1,465,466,467,-1,468,469,470,-1,471,472,473,-1,474,475,476,-1,477,478,479,-1,
  480,481,482,-1,483,484,485,-1,486,487,488,-1,489,490,491,-1,492,493,494,-1,495,496,497,-1,498,499,500,-1,501,502,503,-1,
  504,505,506,-1,507,508,509,-1,510,511,512,-1,513,514,515,-1,516,517,518,-1,519,520,521,-1,522,523,524,-1,525,526,527,-1,
  528,529,530,-1,531,532,533,-1,534,535,536,-1,537,538,539,-1,540,541,542,-1,543,544,545,-1,546,547,548,-1,549,550,551,-1,
  552,553,554,-1,555,556,557,-1,558,559,560,-1,561,562,563,-1,564,565,566,-1,567,568,569,-1,570,571,572,-1,573,574,575,-1,
  576,577,578,-1,579,580,581,-1,582,583,584,-1,585,586,587,-1,588,589,590,-1,591,592,593,-1,594,595,596,-1,597,598,599,-1,
  600,601,602,-1,603,604,605,-1,606,607,608,-1,609,610,611,-1,612,613,614,-1,615,616,617,-1,618,619,620,-1,621,622,623,-1,
  624,625,626,-1,627,628,629,-1,630,631,632,-1,633,634,635,-1,636,637,638,-1,639,640,641,-1,642,643,644,-1,645,646,647,-1,
  648,649,650,-1,651,652,653,-1,654,655,656,-1,657,658,659,-1,660,661,662,-1,663,664,665,-1,666,667,668,-1,669,670,671,-1,
  672,673,674,-1,675,676,677,-1,678,679,680,-1,681,682,683,-1,684,685,686,-1,687,688,689,-1,690,691,692,-1,693,694,695,-1,
  696,697,698,-1,699,700,701,-1,702,703,704,-1,705,706,707,-1,708,709,710,-1,711,712,713,-1,714,715,716,-1,717,718,719,-1,
  720,721,722,-1,723,724,725,-1,726,727,728,-1,729,730,731,-1,732,733,734,-1,735,736,737,-1,738,739,740,-1,741,742,743,-1,
  744,745,746,-1,747,748,749,-1,750,751,752,-1,753,754,755,-1,756,757,758,-1,759,760,761,-1,762,763,764,-1,765,766,767,-1,
  768,769,770,-1,771,772,773,-1,774,775,776,-1,777,778,779,-1,780,781,782,-1,783,784,785,-1,786,787,788,-1,789,790,791,-1,
  792,793,794,-1,795,796,797,-1,798,799,800,-1,801,802,803,-1,804,805,806,-1,807,808,809,-1,810,811,812,-1,813,814,815,-1,
  816,817,818,-1,819,820,821,-1,822,823,824,-1,825,826,827,-1,828,829,830,-1,831,832,833,-1,834,835,836,-1,837,838,839,-1,
  840,841,842,-1,843,844,845,-1,846,847,848,-1,849,850,851,-1,852,853,854,-1,855,856,857,-1,858,859,860,-1,861,862,863,-1,
  864,865,866,-1,867,868,869,-1,870,871,872,-1,873,874,875,-1,876,877,878,-1,879,880,881,-1,882,883,884,-1,885,886,887,-1,
  888,889,890,-1,891,892,893,-1,894,895,896,-1,897,898,899,-1,900,901,902,-1,903,904,905,-1,906,907,908,-1,909,910,911,-1,
  912,913,914,-1,915,916,917,-1,918,919,920,-1,921,922,923,-1,924,925,926,-1,927,928,929,-1,930,931,932,-1,933,934,935,-1,
  936,937,938,-1,939,940,941,-1,942,943,944,-1,945,946,947,-1,948,949,950,-1,951,952,953,-1,954,955,956,-1,957,958,959,-1,
  960,961,962,-1,963,964,965,-1,966,967,968,-1,969,970,971,-1,972,973,974,-1,975,976,977,-1,978,979,980,-1,981,982,983,-1,
  984,985,986,-1,987,988,989,-1,990,991,992,-1,993,994,995,-1,996,997,998,-1,999,1000,1001,-1,1002,1003,1004,-1,1005,1006,1007,-1,
  1008,1009,1010,-1,1011,1012,1013,-1,1014,1015,1016,-1,1017,1018,1019,-1,1020,1021,1022,-1,1023,1024,1025,-1,1026,1027,1028,-1,1029,1030,1031,-1,
  1032,1033,1034,-1,1035,1036,1037,-1,1038,1039,1040,-1,1041,1042,1043,-1,1044,1045,1046,-1,1047,1048,1049,-1,1050,1051,1052,-1,1053,1054,1055,-1,
  1056,1057,1058,-1,1059,1060,1061,-1,1062,1063,1064,-1,1065,1066,1067,-1,1068,1069,1070,-1,1071,1072,1073,-1,1074,1075,1076,-1,1077,1078,1079,-1,
  1080,1081,1082,-1,1083,1084,1085,-1,1086,1087,1088,-1,1089,1090,1091,-1,1092,1093,1094,-1,1095,1096,1097,-1,1098,1099,1100,-1,1101,1102,1103,-1,
  1104,1105,1106,-1,1107,1108,1109,-1,1110,1111,1112,-1,1113,1114,1115,-1,1116,1117,1118,-1,1119,1120,1121,-1,1122,1123,1124,-1,1125,1126,1127,-1,
  1128,1129,1130,-1,1131,1132,1133,-1,1134,1135,1136,-1,1137,1138,1139,-1,1140,1141,1142,-1,1143,1144,1145,-1,1146,1147,1148,-1,1149,1150,1151,-1,
  1152,1153,1154,-1,1155,1156,1157,-1,1158,1159,1160,-1,1161,1162,1163,-1,1164,1165,1166,-1,1167,1168,1169,-1,1170,1171,1172,-1,1173,1174,1175,-1,
  1176,1177,1178,-1,1179,1180,1181,-1,1182,1183,1184,-1,1185,1186,1187,-1,1188,1189,1190,-1,1191,1192,1193,-1,1194,1195,1196,-1,1197,1198,1199,-1,
  1200,1201,1202,-1,1203,1204,1205,-1,1206,1207,1208,-1,1209,1210,1211,-1,1212,1213,1214,-1,1215,1216,1217,-1,1218,1219,1220,-1,1221,1222,1223,-1,
  1224,1225,1226,-1,1227,1228,1229,-1,1230,1231,1232,-1,1233,1234,1235,-1,1236,1237,1238,-1,1239,1240,1241,-1,1242,1243,1244,-1,1245,1246,1247,-1,
  1248,1249,1250,-1,1251,1252,1253,-1,1254,1255,1256,-1,1257,1258,1259,-1,1260,1261,1262,-1,1263,1264,1265,-1,1266,1267,1268,-1,1269,1270,1271,-1,
  1272,1273,1274,-1,1275,1276,1277,-1,1278,1279,1280,-1,1281,1282,1283,-1,1284,1285,1286,-1,1287,1288,1289,-1,1290,1291,1292,-1,1293,1294,1295,-1,
  1296,1297,1298,-1,1299,1300,1301,-1,1302,1303,1304,-1,1305,1306,1307,-1,1308,1309,1310,-1,1311,1312,1313,-1,1314,1315,1316,-1,1317,1318,1319,-1,
  1320,1321,1322,-1,1323,1324,1325,-1,1326,1327,1328,-1,1329,1330,1331,-1,1332,1333,1334,-1,1335,1336,1337,-1,1338,1339,1340,-1,1341,1342,1343,-1,
  1344,1345,1346,-1,1347,1348,1349,-1,1350,1351,1352,-1,1353,1354,1355,-1,1356,1357,1358,-1,1359,1360,1361,-1,1362,1363,1364,-1,1365,1366,1367,-1,
  1368,1369,1370,-1,1371,1372,1373,-1,1374,1375,1376,-1,1377,1378,1379,-1,1380,1381,1382,-1,1383,1384,1385,-1,1386,1387,1388,-1,1389,1390,1391,-1,
  1392,1393,1394,-1,1395,1396,1397,-1,1398,1399,1400,-1,1401,1402,1403,-1,1404,1405,1406,-1,1407,1408,1409,-1,1410,1411,1412,-1,1413,1414,1415,-1,
  1416,1417,1418,-1,1419,1420,1421,-1,1422,1423,1424,-1,1425,1426,1427,-1,1428,1429,1430,-1,1431,1432,1433,-1,1434,1435,1436,-1,1437,1438,1439,-1,
  1440,1441,1442,-1,1443,1444,1445,-1,1446,1447,1448,-1,1449,1450,1451,-1,1452,1453,1454,-1,1455,1456,1457,-1,1458,1459,1460,-1,1461,1462,1463,-1,
  1464,1465,1466,-1,1467,1468,1469,-1,1470,1471,1472,-1,1473,1474,1475,-1,1476,1477,1478,-1,1479,1480,1481,-1,1482,1483,1484,-1,1485,1486,1487,-1,
  1488,1489,1490,-1,1491,1492,1493,-1,1494,1495,1496,-1,1497,1498,1499,-1,1500,1501,1502,-1,1503,1504,1505,-1,1506,1507,1508,-1,1509,1510,1511,-1,
  1512,1513,1514,-1,1515,1516,1517,-1,1518,1519,1520,-1,1521,1522,1523,-1,1524,1525,1526,-1,1527,1528,1529,-1,1530,1531,1532,-1,1533,1534,1535,-1,
  1536,1537,1538,-1,1539,1540,1541,-1,1542,1543,1544,-1,1545,1546,1547,-1,1548,1549,1550,-1,1551,1552,1553,-1,1554,1555,1556,-1,1557,1558,1559,-1,
  1560,1561,1562,-1,1563,1564,1565,-1,1566,1567,1568,-1,1569,1570,1571,-1,1572,1573,1574,-1,1575,1576,1577,-1,1578,1579,1580,-1,1581,1582,1583,-1,
  1584,1585,1586,-1,1587,1588,1589,-1,1590,1591,1592,-1,1593,1594,1595,-1,1596,1597,1598,-1,1599,1600,1601,-1,1602,1603,1604,-1,1605,1606,1607,-1,
  1608,1609,1610,-1,1611,1612,1613,-1,1614,1615,1616,-1,1617,1618,1619,-1,1620,1621,1622,-1,1623,1624,1625,-1,1626,1627,1628,-1,1629,1630,1631,-1,
  1632,1633,1634,-1,1635,1636,1637,-1,1638,1639,1640,-1,1641,1642,1643,-1,1644,1645,1646,-1,1647,1648,1649,-1,1650,1651,1652,-1,1653,1654,1655,-1,
  1656,1657,1658,-1,1659,1660,1661,-1,1662,1663,1664,-1,1665,1666,1667,-1,1668,1669,1670,-1,1671,1672,1673,-1,1674,1675,1676,-1,1677,1678,1679,-1,
  1680,1681,1682,-1,1683,1684,1685,-1,1686,1687,1688,-1,1689,1690,1691,-1,1692,1693,1694,-1,1695,1696,1697,-1,1698,1699,1700,-1,1701,1702,1703,-1,
  1704,1705,1706,-1,1707,1708,1709,-1,1710,1711,1712,-1,1713,1714,1715,-1,1716,1717,1718,-1,1719,1720,1721,-1,1722,1723,1724,-1,1725,1726,1727,-1,
  1728,1729,1730,-1,1731,1732,1733,-1,1734,1735,1736,-1,1737,1738,1739,-1,1740,1741,1742,-1,1743,1744,1745,-1,1746,1747,1748,-1,1749,1750,1751,-1,
  1752,1753,1754,-1,1755,1756,1757,-1,1758,1759,1760,-1,1761,1762,1763,-1,1764,1765,1766,-1,1767,1768,1769,-1,1770,1771,1772,-1,1773,1774,1775,-1,
  1776,1777,1778,-1,1779,1780,1781,-1,1782,1783,1784,-1,1785,1786,1787,-1,1788,1789,1790,-1,1791,1792,1793,-1,1794,1795,1796,-1,1797,1798,1799,-1,
  1800,1801,1802,-1,1803,1804,1805,-1,1806,1807,1808,-1,1809,1810,1811,-1,1812,1813,1814,-1,1815,1816,1817,-1,1818,1819,1820,-1,1821,1822,1823,-1,
  1824,1825,1826,-1,1827,1828,1829,-1,1830,1831,1832,-1,1833,1834,1835,-1,1836,1837,1838,-1,1839,1840,1841,-1,1842,1843,1844,-1,1845,1846,1847,-1,
  1848,1849,1850,-1,1851,1852,1853,-1,1854,1855,1856,-1,1857,1858,1859,-1,1860,1861,1862,-1,1863,1864,1865,-1,1866,1867,1868,-1,1869,1870,1871,-1,
  1872,1873,1874,-1,1875,1876,1877,-1,1878,1879,1880,-1,1881,1882,1883,-1,1884,1885,1886,-1,1887,1888,1889,-1,1890,1891,1892,-1,1893,1894,1895,-1,
  1896,1897,1898,-1,1899,1900,1901,-1,1902,1903,1904,-1,1905,1906,1907,-1,1908,1909,1910,-1,1911,1912,1913,-1,1914,1915,1916,-1,1917,1918,1919,-1,
  1920,1921,1922,-1,1923,1924,1925,-1,1926,1927,1928,-1,1929,1930,1931,-1,1932,1933,1934,-1,1935,1936,1937,-1,1938,1939,1940,-1,1941,1942,1943,-1,
  1944,1945,1946,-1,1947,1948,1949,-1,1950,1951,1952,-1,1953,1954,1955,-1,1956,1957,1958,-1,1959,1960,1961,-1,1962,1963,1964,-1,1965,1966,1967,-1,
  1968,1969,1970,-1,1971,1972,1973,-1,1974,1975,1976,-1,1977,1978,1979,-1,1980,1981,1982,-1,1983,1984,1985,-1,1986,1987,1988,-1,1989,1990,1991,-1,
  1992,1993,1994,-1,1995,1996,1997,-1,1998,1999,2000,-1,2001,2002,2003,-1,2004,2005,2006,-1,2007,2008,2009,-1,2010,2011,2012,-1,2013,2014,2015,-1,
  2016,2017,2018,-1,2019,2020,2021,-1,2022,2023,2024,-1,2025,2026,2027,-1,2028,2029,2030,-1,2031,2032,2033,-1,2034,2035,2036,-1,2037,2038,2039,-1,
  2040,2041,2042,-1,2043,2044,2045,-1,2046,2047,2048,-1,2049,2050,2051,-1,2052,2053,2054,-1,2055,2056,2057,-1,2058,2059,2060,-1,2061,2062,2063,-1,
  2064,2065,2066,-1,2067,2068,2069,-1,2070,2071,2072,-1,2073,2074,2075,-1,2076,2077,2078,-1,2079,2080,2081,-1,2082,2083,2084,-1,2085,2086,2087,-1,
  2088,2089,2090,-1,2091,2092,2093,-1,2094,2095,2096,-1,2097,2098,2099,-1,2100,2101,2102,-1,2103,2104,2105,-1,2106,2107,2108,-1,2109,2110,2111,-1,
  2112,2113,2114,-1,2115,2116,2117,-1,2118,2119,2120,-1,2121,2122,2123,-1,2124,2125,2126,-1,2127,2128,2129,-1,2130,2131,2132,-1,2133,2134,2135,-1,
  2136,2137,2138,-1,2139,2140,2141,-1,2142,2143,2144,-1,2145,2146,2147,-1,2148,2149,2150,-1,2151,2152,2153,-1,2154,2155,2156,-1,2157,2158,2159,-1,
  2160,2161,2162,-1,2163,2164,2165,-1,2166,2167,2168,-1,2169,2170,2171,-1,2172,2173,2174,-1,2175,2176,2177,-1,2178,2179,2180,-1,2181,2182,2183,-1,
  2184,2185,2186,-1,2187,2188,2189,-1,2190,2191,2192,-1,2193,2194,2195,-1,2196,2197,2198,-1,2199,2200,2201,-1,2202,2203,2204,-1,2205,2206,2207,-1,
  2208,2209,2210,-1,2211,2212,2213,-1,2214,2215,2216,-1,2217,2218,2219,-1,2220,2221,2222,-1,2223,2224,2225,-1,2226,2227,2228,-1,2229,2230,2231,-1,
  2232,2233,2234,-1,2235,2236,2237,-1,2238,2239,2240,-1,2241,2242,2243,-1,2244,2245,2246,-1,2247,2248,2249,-1,2250,2251,2252,-1,2253,2254,2255,-1,
  2256,2257,2258,-1,2259,2260,2261,-1,2262,2263,2264,-1,2265,2266,2267,-1,2268,2269,2270,-1,2271,2272,2273,-1,2274,2275,2276,-1,2277,2278,2279,-1,
  2280,2281,2282,-1,2283,2284,2285,-1,2286,2287,2288,-1,2289,2290,2291,-1,2292,2293,2294,-1,2295,2296,2297,-1,2298,2299,2300,-1,2301,2302,2303,-1,
  2304,2305,2306,-1,2307,2308,2309,-1,2310,2311,2312,-1,2313,2314,2315,-1,2316,2317,2318,-1,2319,2320,2321,-1,2322,2323,2324,-1,2325,2326,2327,-1,
  2328,2329,2330,-1,2331,2332,2333,-1,2334,2335,2336,-1,2337,2338,2339,-1,2340,2341,2342,-1,2343,2344,2345,-1,2346,2347,2348,-1,2349,2350,2351,-1,
  2352,2353,2354,-1,2355,2356,2357,-1,2358,2359,2360,-1,2361,2362,2363,-1,2364,2365,2366,-1,2367,2368,2369,-1,2370,2371,2372,-1,2373,2374,2375,-1,
  2376,2377,2378,-1,2379,2380,2381,-1,2382,2383,2384,-1,2385,2386,2387,-1,2388,2389,2390,-1,2391,2392,2393,-1,2394,2395,2396,-1,2397,2398,2399,-1,
  2400,2401,2402,-1,2403,2404,2405,-1,2406,2407,2408,-1,2409,2410,2411,-1,2412,2413,2414,-1,2415,2416,2417,-1,2418,2419,2420,-1,2421,2422,2423,-1,
  2424,2425,2426,-1,2427,2428,2429,-1,2430,2431,2432,-1,2433,2434,2435,-1,2436,2437,2438,-1,2439,2440,2441,-1,2442,2443,2444,-1,2445,2446,2447,-1,
  2448,2449,2450,-1,2451,2452,2453,-1,2454,2455,2456,-1,2457,2458,2459,-1,2460,2461,2462,-1,2463,2464,2465,-1,2466,2467,2468,-1,2469,2470,2471,-1,
  2472,2473,2474,-1,2475,2476,2477,-1,2478,2479,2480,-1,2481,2482,2483,-1,2484,2485,2486,-1,2487,2488,2489,-1,2490,2491,2492,-1,2493,2494,2495,-1,
  2496,2497,2498,-1,2499,2500,2501,-1,2502,2503,2504,-1,2505,2506,2507,-1,2508,2509,2510,-1,2511,2512,2513,-1,2514,2515,2516,-1,2517,2518,2519,-1,
  2520,2521,2522,-1,2523,2524,2525,-1,2526,2527,2528,-1,2529,2530,2531,-1,2532,2533,2534,-1,2535,2536,2537,-1,2538,2539,2540,-1,2541,2542,2543,-1,
  2544,2545,2546,-1,2547,2548,2549,-1,2550,2551,2552,-1,2553,2554,2555,-1,2556,2557,2558,-1,2559,2560,2561,-1,2562,2563,2564,-1,2565,2566,2567,-1,
  2568,2569,2570,-1,2571,2572,2573,-1,2574,2575,2576,-1,2577,2578,2579,-1,2580,2581,2582,-1,2583,2584,2585,-1,2586,2587,2588,-1,2589,2590,2591,-1,
  2592,2593,2594,-1,2595,2596,2597,-1,2598,2599,2600,-1,2601,2602,2603,-1,2604,2605,2606,-1,2607,2608,2609,-1,2610,2611,2612,-1,2613,2614,2615,-1,
  2616,2617,2618,-1,2619,2620,2621,-1,2622,2623,2624,-1,2625,2626,2627,-1,2628,2629,2630,-1,2631,2632,2633,-1,2634,2635,2636,-1,2637,2638,2639,-1,
  2640,2641,2642,-1,2643,2644,2645,-1,2646,2647,2648,-1,2649,2650,2651,-1,2652,2653,2654,-1,2655,2656,2657,-1,2658,2659,2660,-1,2661,2662,2663,-1,
  2664,2665,2666,-1,2667,2668,2669,-1,2670,2671,2672,-1,2673,2674,2675,-1,2676,2677,2678,-1,2679,2680,2681,-1,2682,2683,2684,-1,2685,2686,2687,-1,
  2688,2689,2690,-1,2691,2692,2693,-1,2694,2695,2696,-1,2697,2698,2699,-1,2700,2701,2702,-1,2703,2704,2705,-1,2706,2707,2708,-1,2709,2710,2711,-1,
  2712,2713,2714,-1,2715,2716,2717,-1,2718,2719,2720,-1,2721,2722,2723,-1,2724,2725,2726,-1,2727,2728,2729,-1,2730,2731,2732,-1,2733,2734,2735,-1,
  2736,2737,2738,-1,2739,2740,2741,-1,2742,2743,2744,-1,2745,2746,2747,-1,2748,2749,2750,-1,2751,2752,2753,-1,2754,2755,2756,-1,2757,2758,2759,-1,
  2760,2761,2762,-1,2763,2764,2765,-1,2766,2767,2768,-1,2769,2770,2771,-1,2772,2773,2774,-1,2775,2776,2777,-1,2778,2779,2780,-1,2781,2782,2783,-1,
  2784,2785,2786,-1,2787,2788,2789,-1,2790,2791,2792,-1,2793,2794,2795,-1,2796,2797,2798,-1,2799,2800,2801,-1,2802,2803,2804,-1,2805,2806,2807,-1,
  2808,2809,2810,-1,2811,2812,2813,-1,2814,2815,2816,-1,2817,2818,2819,-1,2820,2821,2822,-1,2823,2824,2825,-1,2826,2827,2828,-1,2829,2830,2831,-1,
  2832,2833,2834,-1,2835,2836,2837,-1,2838,2839,2840,-1,2841,2842,2843,-1,2844,2845,2846,-1,2847,2848,2849,-1,2850,2851,2852,-1,2853,2854,2855,-1,
  2856,2857,2858,-1,2859,2860,2861,-1,2862,2863,2864,-1,2865,2866,2867,-1,2868,2869,2870,-1,2871,2872,2873,-1,2874,2875,2876,-1,2877,2878,2879,-1,
  2880,2881,2882,-1,2883,2884,2885,-1,2886,2887,2888,-1,2889,2890,2891,-1,2892,2893,2894,-1,2895,2896,2897,-1,2898,2899,2900,-1,2901,2902,2903,-1,
  2904,2905,2906,-1,2907,2908,2909,-1,2910,2911,2912,-1,2913,2914,2915,-1,2916,2917,2918,-1,2919,2920,2921,-1,2922,2923,2924,-1,2925,2926,2927,-1,
  2928,2929,2930,-1,2931,2932,2933,-1,2934,2935,2936,-1,2937,2938,2939,-1,2940,2941,2942,-1,2943,2944,2945,-1,2946,2947,2948,-1,2949,2950,2951,-1,
  2952,2953,2954,-1,2955,2956,2957,-1,2958,2959,2960,-1,2961,2962,2963,-1,2964,2965,2966,-1,2967,2968,2969,-1,2970,2971,2972,-1,2973,2974,2975,-1,
  2976,2977,2978,-1,2979,2980,2981,-1,2982,2983,2984,-1,2985,2986,2987,-1,2988,2989,2990,-1,2991,2992,2993,-1,2994,2995,2996,-1,2997,2998,2999,-1,
  3000,3001,3002,-1,3003,3004,3005,-1,3006,3007,3008,-1,3009,3010,3011,-1,3012,3013,3014,-1,3015,3016,3017,-1,3018,3019,3020,-1,3021,3022,3023,-1,
  3024,3025,3026,-1,3027,3028,3029,-1,3030,3031,3032,-1,3033,3034,3035,-1,3036,3037,3038,-1,3039,3040,3041,-1,3042,3043,3044,-1,3045,3046,3047,-1,
  3048,3049,3050,-1,3051,3052,3053,-1,3054,3055,3056,-1,3057,3058,3059,-1,3060,3061,3062,-1,3063,3064,3065,-1,3066,3067,3068,-1,3069,3070,3071,-1,
  3072,3073,3074,-1,3075,3076,3077,-1,3078,3079,3080,-1,3081,3082,3083,-1]
  normalPerVertex TRUE
  normal DEF NORM_372 Normal { vector [
  0.8660254 -0.5 0,0.8660254 -0.5 0,
  0.8660254 -0.5 0,0.8660254 -0.5 0,
  0.8660254 -0.5 0,0.8660254 -0.5 0,
  0.64278761 -0.76604444 0,0.64278761 -0.76604444 0,
  0.64278761 -0.76604444 0,0.64278761 -0.76604444 0,
  0.64278761 -0.76604444 0,0.64278761 -0.76604444 0,
  0.34202014 -0.93969262 0,0.34202014 -0.93969262 0,
  0.34202014 -0.93969262 0,0.34202014 -0.93969262 0,
  0.34202014 -0.93969262 0,0.34202014 -0.93969262 0,
  0 -1 0,0 -1 0,
  0 -1 0,0 -1 0,
  0 -1 0,0 -1 0,
  -0.34202014 -0.93969262 0,-0.34202014 -0.93969262 0,
  -0.34202014 -0.93969262 0,-0.34202014 -0.93969262 0,
  -0.34202014 -0.93969262 0,-0.34202014 -0.93969262 0,
  -0.64278761 -0.76604444 0,-0.64278761 -0.76604444 0,
  -0.64278761 -0.76604444 0,-0.64278761 -0.76604444 0,
  -0.64278761 -0.76604444 0,-0.64278761 -0.76604444 0,
  -0.8660254 -0.5 0,-0.8660254 -0.5 0,
  -0.8660254 -0.5 0,-0.8660254 -0.5 0,
  -0.8660254 -0.5 0,-0.8660254 -0.5 0,
  -0.98480775 -0.17364818 0,-0.98480775 -0.17364818 0,
  -0.98480775 -0.17364818 0,-0.98480775 -0.17364818 0,
  -0.98480775 -0.17364818 0,-0.98480775 -0.17364818 0,
  -0.98480775 0.17364818 0,-0.98480775 0.17364818 0,
  -0.98480775 0.17364818 0,-0.98480775 0.17364818 0,
  -0.98480775 0.17364818 0,-0.98480775 0.17364818 0,
  -0.8660254 0.5 0,-0.8660254 0.5 0,
  -0.8660254 0.5 0,-0.8660254 0.5 0,
  -0.8660254 0.5 0,-0.8660254 0.5 0,
  -0.64278761 0.76604444 0,-0.64278761 0.76604444 0,
  -0.64278761 0.76604444 0,-0.64278761 0.76604444 0,
  -0.64278761 0.76604444 0,-0.64278761 0.76604444 0,
  -0.34202014 0.93969262 0,-0.34202014 0.93969262 0,
  -0.34202014 0.93969262 0,-0.34202014 0.93969262 0,
  -0.34202014 0.93969262 0,-0.34202014 0.93969262 0,
  0 1 0,0 1 0,
  0 1 0,0 1 0,
  0 1 0,0 1 0,
  0.34202014 0.93969262 0,0.34202014 0.93969262 0,
  0.34202014 0.93969262 0,0.34202014 0.93969262 0,
  0.34202014 0.93969262 0,0.34202014 0.93969262 0,
  0.64278761 0.76604444 0,0.64278761 0.76604444 0,
  0.64278761 0.76604444 0,0.64278761 0.76604444 0,
  0.64278761 0.76604444 0,0.64278761 0.76604444 0,
  0.8660254 0.5 0,0.8660254 0.5 0,
  0.8660254 0.5 0,0.8660254 0.5 0,
  0.8660254 0.5 0,0.8660254 0.5 0,
  0.98480775 0.17364818 0,0.98480775 0.17364818 0,
  0.98480775 0.17364818 0,0.98480775 0.17364818 0,
  0.98480775 0.17364818 0,0.98480775 0.17364818 0,
  0.98480775 -0.17364818 0,0.98480775 -0.17364818 0,
  0.98480775 -0.17364818 0,0.98480775 -0.17364818 0,
  0.98480775 -0.17364818 0,0.98480775 -0.17364818 0,
  -0.98480775 0.17364818 0,-0.98480775 0.17364818 0,
  -0.98480775 0.17364818 0,-0.98480775 0.17364818 0,
  -0.98480775 0.17364818 0,-0.98480775 0.17364818 0,
  -0.8660254 0.5 0,-0.8660254 0.5 0,
  -0.8660254 0.5 0,-0.8660254 0.5 0,
  -0.8660254 0.5 0,-0.8660254 0.5 0,
  -0.64278761 0.76604444 0,-0.64278761 0.76604444 0,
  -0.64278761 0.76604444 0,-0.64278761 0.76604444 0,
  -0.64278761 0.76604444 0,-0.64278761 0.76604444 0,
  -0.34202014 0.93969262 0,-0.34202014 0.93969262 0,
  -0.34202014 0.93969262 0,-0.34202014 0.93969262 0,
  -0.34202014 0.93969262 0,-0.34202014 0.93969262 0,
  0 1 0,0 1 0,
  0 1 0,0 1 0,
  0 1 0,0 1 0,
  0.34202014 0.93969262 0,0.34202014 0.93969262 0,
  0.34202014 0.93969262 0,0.34202014 0.93969262 0,
  0.34202014 0.93969262 0,0.34202014 0.93969262 0,
  0.64278761 0.76604444 0,0.64278761 0.76604444 0,
  0.64278761 0.76604444 0,0.64278761 0.76604444 0,
  0.64278761 0.76604444 0,0.64278761 0.76604444 0,
  0.8660254 0.5 0,0.8660254 0.5 0,
  0.8660254 0.5 0,0.8660254 0.5 0,
  0.8660254 0.5 0,0.8660254 0.5 0,
  0.98480775 0.17364818 0,0.98480775 0.17364818 0,
  0.98480775 0.17364818 0,0.98480775 0.17364818 0,
  0.98480775 0.17364818 0,0.98480775 0.17364818 0,
  0.98480775 -0.17364818 0,0.98480775 -0.17364818 0,
  0.98480775 -0.17364818 0,0.98480775 -0.17364818 0,
  0.98480775 -0.17364818 0,0.98480775 -0.17364818 0,
  0.8660254 -0.5 0,0.8660254 -0.5 0,
  0.8660254 -0.5 0,0.8660254 -0.5 0,
  0.8660254 -0.5 0,0.8660254 -0.5 0,
  0.64278761 -0.76604444 0,0.64278761 -0.76604444 0,
  0.64278761 -0.76604444 0,0.64278761 -0.76604444 0,
  0.64278761 -0.76604444 0,0.64278761 -0.76604444 0,
  0.34202014 -0.93969262 0,0.34202014 -0.93969262 0,
  0.34202014 -0.93969262 0,0.34202014 -0.93969262 0,
  0.34202014 -0.93969262 0,0.34202014 -0.93969262 0,
  0 -1 0,0 -1 0,
  0 -1 0,0 -1 0,
  0 -1 0,0 -1 0,
  -0.34202014 -0.93969262 0,-0.34202014 -0.93969262 0,
  -0.34202014 -0.93969262 0,-0.34202014 -0.93969262 0,
  -0.34202014 -0.93969262 0,-0.34202014 -0.93969262 0,
  -0.64278761 -0.76604444 0,-0.64278761 -0.76604444 0,
  -0.64278761 -0.76604444 0,-0.64278761 -0.76604444 0,
  -0.64278761 -0.76604444 0,-0.64278761 -0.76604444 0,
  -0.8660254 -0.5 0,-0.8660254 -0.5 0,
  -0.8660254 -0.5 0,-0.8660254 -0.5 0,
  -0.8660254 -0.5 0,-0.8660254 -0.5 0,
  -0.98480775 -0.17364818 0,-0.98480775 -0.17364818 0,
  -0.98480775 -0.17364818 0,-0.98480775 -0.17364818 0,
  -0.98480775 -0.17364818 0,-0.98480775 -0.17364818 0,
  0.98480775 -0.17364818 0,0.98480775 -0.17364818 0,
  0.98480775 -0.17364818 0,0.98480775 -0.17364818 0,
  0.98480775 -0.17364818 0,0.98480775 -0.17364818 0,
  0.8660254 -0.5 0,0.8660254 -0.5 0,
  0.8660254 -0.5 0,0.8660254 -0.5 0,
  0.8660254 -0.5 0,0.8660254 -0.5 0,
  0.64278761 -0.76604444 0,0.64278761 -0.76604444 0,
  0.64278761 -0.76604444 0,0.64278761 -0.76604444 0,
  0.64278761 -0.76604444 0,0.64278761 -0.76604444 0,
  0.34202014 -0.93969262 0,0.34202014 -0.93969262 0,
  0.34202014 -0.93969262 0,0.34202014 -0.93969262 0,
  0.34202014 -0.93969262 0,0.34202014 -0.93969262 0,
  0 -1 0,0 -1 0,
  0 -1 0,0 -1 0,
  0 -1 0,0 -1 0,
  -0.34202014 -0.93969262 0,-0.34202014 -0.93969262 0,
  -0.34202014 -0.93969262 0,-0.34202014 -0.93969262 0,
  -0.34202014 -0.93969262 0,-0.34202014 -0.93969262 0,
  -0.64278761 -0.76604444 0,-0.64278761 -0.76604444 0,
  -0.64278761 -0.76604444 0,-0.64278761 -0.76604444 0,
  -0.64278761 -0.76604444 0,-0.64278761 -0.76604444 0,
  -0.8660254 -0.5 0,-0.8660254 -0.5 0,
  -0.8660254 -0.5 0,-0.8660254 -0.5 0,
  -0.8660254 -0.5 0,-0.8660254 -0.5 0,
  -0.98480775 -0.17364818 0,-0.98480775 -0.17364818 0,
  -0.98480775 -0.17364818 0,-0.98480775 -0.17364818 0,
  -0.98480775 -0.17364818 0,-0.98480775 -0.17364818 0,
  -0.98480775 0.17364818 0,-0.98480775 0.17364818 0,
  -0.98480775 0.17364818 0,-0.98480775 0.17364818 0,
  -0.98480775 0.17364818 0,-0.98480775 0.17364818 0,
  -0.8660254 0.5 0,-0.8660254 0.5 0,
  -0.8660254 0.5 0,-0.8660254 0.5 0,
  -0.8660254 0.5 0,-0.8660254 0.5 0,
  -0.64278761 0.76604444 0,-0.64278761 0.76604444 0,
  -0.64278761 0.76604444 0,-0.64278761 0.76604444 0,
  -0.64278761 0.76604444 0,-0.64278761 0.76604444 0,
  -0.34202014 0.93969262 0,-0.34202014 0.93969262 0,
  -0.34202014 0.93969262 0,-0.34202014 0.93969262 0,
  -0.34202014 0.93969262 0,-0.34202014 0.93969262 0,
  0 1 0,0 1 0,
  0 1 0,0 1 0,
  0 1 0,0 1 0,
  0.34202014 0.93969262 0,0.34202014 0.93969262 0,
  0.34202014 0.93969262 0,0.34202014 0.93969262 0,
  0.34202014 0.93969262 0,0.34202014 0.93969262 0,
  0.64278761 0.76604444 0,0.64278761 0.76604444 0,
  0.64278761 0.76604444 0,0.64278761 0.76604444 0,
  0.64278761 0.76604444 0,0.64278761 0.76604444 0,
  0.8660254 0.5 0,0.8660254 0.5 0,
  0.8660254 0.5 0,0.8660254 0.5 0,
  0.8660254 0.5 0,0.8660254 0.5 0,
  0.98480775 0.17364818 0,0.98480775 0.17364818 0,
  0.98480775 0.17364818 0,0.98480775 0.17364818 0,
  0.98480775 0.17364818 0,0.98480775 0.17364818 0,
  0.98480775 -0.17364818 0,0.98480775 -0.17364818 0,
  0.98480775 -0.17364818 0,0.98480775 -0.17364818 0,
  0.98480775 -0.17364818 0,0.98480775 -0.17364818 0,
  0.8660254 -0.5 0,0.8660254 -0.5 0,
  0.8660254 -0.5 0,0.8660254 -0.5 0,
  0.8660254 -0.5 0,0.8660254 -0.5 0,
  0.64278761 -0.76604444 0,0.64278761 -0.76604444 0,
  0.64278761 -0.76604444 0,0.64278761 -0.76604444 0,
  0.64278761 -0.76604444 0,0.64278761 -0.76604444 0,
  0.34202014 -0.93969262 0,0.34202014 -0.93969262 0,
  0.34202014 -0.93969262 0,0.34202014 -0.93969262 0,
  0.34202014 -0.93969262 0,0.34202014 -0.93969262 0,
  0 -1 0,0 -1 0,
  0 -1 0,0 -1 0,
  0 -1 0,0 -1 0,
  -0.34202014 -0.93969262 0,-0.34202014 -0.93969262 0,
  -0.34202014 -0.93969262 0,-0.34202014 -0.93969262 0,
  -0.34202014 -0.93969262 0,-0.34202014 -0.93969262 0,
  -0.64278761 -0.76604444 0,-0.64278761 -0.76604444 0,
  -0.64278761 -0.76604444 0,-0.64278761 -0.76604444 0,
  -0.64278761 -0.76604444 0,-0.64278761 -0.76604444 0,
  -0.8660254 -0.5 0,-0.8660254 -0.5 0,
  -0.8660254 -0.5 0,-0.8660254 -0.5 0,
  -0.8660254 -0.5 0,-0.8660254 -0.5 0,
  -0.98480775 -0.17364818 0,-0.98480775 -0.17364818 0,
  -0.98480775 -0.17364818 0,-0.98480775 -0.17364818 0,
  -0.98480775 -0.17364818 0,-0.98480775 -0.17364818 0,
  -0.98480775 0.17364818 0,-0.98480775 0.17364818 0,
  -0.98480775 0.17364818 0,-0.98480775 0.17364818 0,
  -0.98480775 0.17364818 0,-0.98480775 0.17364818 0,
  -0.8660254 0.5 0,-0.8660254 0.5 0,
  -0.8660254 0.5 0,-0.8660254 0.5 0,
  -0.8660254 0.5 0,-0.8660254 0.5 0,
  -0.64278761 0.76604444 0,-0.64278761 0.76604444 0,
  -0.64278761 0.76604444 0,-0.64278761 0.76604444 0,
  -0.64278761 0.76604444 0,-0.64278761 0.76604444 0,
  -0.34202014 0.93969262 0,-0.34202014 0.93969262 0,
  -0.34202014 0.93969262 0,-0.34202014 0.93969262 0,
  -0.34202014 0.93969262 0,-0.34202014 0.93969262 0,
  0 1 0,0 1 0,
  0 1 0,0 1 0,
  0 1 0,0 1 0,
  0.34202014 0.93969262 0,0.34202014 0.93969262 0,
  0.34202014 0.93969262 0,0.34202014 0.93969262 0,
  0.34202014 0.93969262 0,0.34202014 0.93969262 0,
  0.64278761 0.76604444 0,0.64278761 0.76604444 0,
  0.64278761 0.76604444 0,0.64278761 0.76604444 0,
  0.64278761 0.76604444 0,0.64278761 0.76604444 0,
  0.8660254 0.5 0,0.8660254 0.5 0,
  0.8660254 0.5 0,0.8660254 0.5 0,
  0.8660254 0.5 0,0.8660254 0.5 0,
  0.98480775 0.17364818 0,0.98480775 0.17364818 0,
  0.98480775 0.17364818 0,0.98480775 0.17364818 0,
  0.98480775 0.17364818 0,0.98480775 0.17364818 0,
  0.98480775 -0.17364818 0,0.98480775 -0.17364818 0,
  0.98480775 -0.17364818 0,0.98480775 -0.17364818 0,
  0.98480775 -0.17364818 0,0.98480775 -0.17364818 0,
  0.8660254 -0.5 0,0.8660254 -0.5 0,
  0.8660254 -0.5 0,0.8660254 -0.5 0,
  0.8660254 -0.5 0,0.8660254 -0.5 0,
  0.64278761 -0.76604444 0,0.64278761 -0.76604444 0,
  0.64278761 -0.76604444 0,0.64278761 -0.76604444 0,
  0.64278761 -0.76604444 0,0.64278761 -0.76604444 0,
  0.34202014 -0.93969262 0,0.34202014 -0.93969262 0,
  0.34202014 -0.93969262 0,0.34202014 -0.93969262 0,
  0.34202014 -0.93969262 0,0.34202014 -0.93969262 0,
  0 -1 0,0 -1 0,
  0 -1 0,0 -1 0,
  0 -1 0,0 -1 0,
  -0.34202014 -0.93969262 0,-0.34202014 -0.93969262 0,
  -0.34202014 -0.93969262 0,-0.34202014 -0.93969262 0,
  -0.34202014 -0.93969262 0,-0.34202014 -0.93969262 0,
  -0.64278761 -0.76604444 0,-0.64278761 -0.76604444 0,
  -0.64278761 -0.76604444 0,-0.64278761 -0.76604444 0,
  -0.64278761 -0.76604444 0,-0.64278761 -0.76604444 0,
  -0.8660254 -0.5 0,-0.8660254 -0.5 0,
  -0.8660254 -0.5 0,-0.8660254 -0.5 0,
  -0.8660254 -0.5 0,-0.8660254 -0.5 0,
  -0.98480775 -0.17364818 0,-0.98480775 -0.17364818 0,
  -0.98480775 -0.17364818 0,-0.98480775 -0.17364818 0,
  -0.98480775 -0.17364818 0,-0.98480775 -0.17364818 0,
  -0.98480775 0.17364818 0,-0.98480775 0.17364818 0,
  -0.98480775 0.17364818 0,-0.98480775 0.17364818 0,
  -0.98480775 0.17364818 0,-0.98480775 0.17364818 0,
  -0.8660254 0.5 0,-0.8660254 0.5 0,
  -0.8660254 0.5 0,-0.8660254 0.5 0,
  -0.8660254 0.5 0,-0.8660254 0.5 0,
  -0.64278761 0.76604444 0,-0.64278761 0.76604444 0,
  -0.64278761 0.76604444 0,-0.64278761 0.76604444 0,
  -0.64278761 0.76604444 0,-0.64278761 0.76604444 0,
  -0.34202014 0.93969262 0,-0.34202014 0.93969262 0,
  -0.34202014 0.93969262 0,-0.34202014 0.93969262 0,
  -0.34202014 0.93969262 0,-0.34202014 0.93969262 0,
  0 1 0,0 1 0,
  0 1 0,0 1 0,
  0 1 0,0 1 0,
  0.34202014 0.93969262 0,0.34202014 0.93969262 0,
  0.34202014 0.93969262 0,0.34202014 0.93969262 0,
  0.34202014 0.93969262 0,0.34202014 0.93969262 0,
  0.64278761 0.76604444 0,0.64278761 0.76604444 0,
  0.64278761 0.76604444 0,0.64278761 0.76604444 0,
  0.64278761 0.76604444 0,0.64278761 0.76604444 0,
  0.8660254 0.5 0,0.8660254 0.5 0,
  0.8660254 0.5 0,0.8660254 0.5 0,
  0.8660254 0.5 0,0.8660254 0.5 0,
  0.98480775 0.17364818 0,0.98480775 0.17364818 0,
  0.98480775 0.17364818 0,0.98480775 0.17364818 0,
  0.98480775 0.17364818 0,0.98480775 0.17364818 0,
  0.98078528 -0.19509032 0,0.98078528 -0.19509032 0,
  0.98078528 -0.19509032 0,0.98078528 -0.19509032 0,
  0.98078528 -0.19509032 0,0.98078528 -0.19509032 0,
  0.83146961 -0.55557023 0,0.83146961 -0.55557023 0,
  0.83146961 -0.55557023 0,0.83146961 -0.55557023 0,
  0.83146961 -0.55557023 0,0.83146961 -0.55557023 0,
  0.55557023 -0.83146961 0,0.55557023 -0.83146961 0,
  0.55557023 -0.83146961 0,0.55557023 -0.83146961 0,
  0.55557023 -0.83146961 0,0.55557023 -0.83146961 0,
  0.19509032 -0.98078528 0,0.19509032 -0.98078528 0,
  0.19509032 -0.98078528 0,0.19509032 -0.98078528 0,
  0.19509032 -0.98078528 0,0.19509032 -0.98078528 0,
  -0.19509032 -0.98078528 0,-0.19509032 -0.98078528 0,
  -0.19509032 -0.98078528 0,-0.19509032 -0.98078528 0,
  -0.19509032 -0.98078528 0,-0.19509032 -0.98078528 0,
  -0.55557023 -0.83146961 0,-0.55557023 -0.83146961 0,
  -0.55557023 -0.83146961 0,-0.55557023 -0.83146961 0,
  -0.55557023 -0.83146961 0,-0.55557023 -0.83146961 0,
  -0.83146961 -0.55557023 0,-0.83146961 -0.55557023 0,
  -0.83146961 -0.55557023 0,-0.83146961 -0.55557023 0,
  -0.83146961 -0.55557023 0,-0.83146961 -0.55557023 0,
  -0.98078528 -0.19509032 0,-0.98078528 -0.19509032 0,
  -0.98078528 -0.19509032 0,-0.98078528 -0.19509032 0,
  -0.98078528 -0.19509032 0,-0.98078528 -0.19509032 0,
  -0.98078528 0.19509032 0,-0.98078528 0.19509032 0,
  -0.98078528 0.19509032 0,-0.98078528 0.19509032 0,
  -0.98078528 0.19509032 0,-0.98078528 0.19509032 0,
  -0.83146961 0.55557023 0,-0.83146961 0.55557023 0,
  -0.83146961 0.55557023 0,-0.83146961 0.55557023 0,
  -0.83146961 0.55557023 0,-0.83146961 0.55557023 0,
  -0.55557023 0.83146961 0,-0.55557023 0.83146961 0,
  -0.55557023 0.83146961 0,-0.55557023 0.83146961 0,
  -0.55557023 0.83146961 0,-0.55557023 0.83146961 0,
  -0.19509032 0.98078528 0,-0.19509032 0.98078528 0,
  -0.19509032 0.98078528 0,-0.19509032 0.98078528 0,
  -0.19509032 0.98078528 0,-0.19509032 0.98078528 0,
  0.19509032 0.98078528 0,0.19509032 0.98078528 0,
  0.19509032 0.98078528 0,0.19509032 0.98078528 0,
  0.19509032 0.98078528 0,0.19509032 0.98078528 0,
  0.55557023 0.83146961 0,0.55557023 0.83146961 0,
  0.55557023 0.83146961 0,0.55557023 0.83146961 0,
  0.55557023 0.83146961 0,0.55557023 0.83146961 0,
  0.83146961 0.55557023 0,0.83146961 0.55557023 0,
  0.83146961 0.55557023 0,0.83146961 0.55557023 0,
  0.83146961 0.55557023 0,0.83146961 0.55557023 0,
  0.98078528 0.19509032 0,0.98078528 0.19509032 0,
  0.98078528 0.19509032 0,0.98078528 0.19509032 0,
  0.98078528 0.19509032 0,0.98078528 0.19509032 0,
  -1 0 0,-1 0 0,
  -1 0 0,-1 0 0,
  -1 0 0,-1 0 0,
  0 -1 0,0 -1 0,
  0 -1 0,0 -1 0,
  0 -1 0,0 -1 0,
  1 0 0,1 0 0,
  1 0 0,1 0 0,
  1 0 0,1 0 0,
  0 1 0,0 1 0,
  0 1 0,0 1 0,
  0 1 0,0 1 0,
  0.98078528 -0.19509032 0,0.98078528 -0.19509032 0,
  0.98078528 -0.19509032 0,0.98078528 -0.19509032 0,
  0.98078528 -0.19509032 0,0.98078528 -0.19509032 0,
  0.83146961 -0.55557023 0,0.83146961 -0.55557023 0,
  0.83146961 -0.55557023 0,0.83146961 -0.55557023 0,
  0.83146961 -0.55557023 0,0.83146961 -0.55557023 0,
  0.55557023 -0.83146961 0,0.55557023 -0.83146961 0,
  0.55557023 -0.83146961 0,0.55557023 -0.83146961 0,
  0.55557023 -0.83146961 0,0.55557023 -0.83146961 0,
  0.19509032 -0.98078528 0,0.19509032 -0.98078528 0,
  0.19509032 -0.98078528 0,0.19509032 -0.98078528 0,
  0.19509032 -0.98078528 0,0.19509032 -0.98078528 0,
  -0.19509032 -0.98078528 0,-0.19509032 -0.98078528 0,
  -0.19509032 -0.98078528 0,-0.19509032 -0.98078528 0,
  -0.19509032 -0.98078528 0,-0.19509032 -0.98078528 0,
  -0.55557023 -0.83146961 0,-0.55557023 -0.83146961 0,
  -0.55557023 -0.83146961 0,-0.55557023 -0.83146961 0,
  -0.55557023 -0.83146961 0,-0.55557023 -0.83146961 0,
  -0.83146961 -0.55557023 0,-0.83146961 -0.55557023 0,
  -0.83146961 -0.55557023 0,-0.83146961 -0.55557023 0,
  -0.83146961 -0.55557023 0,-0.83146961 -0.55557023 0,
  -0.98078528 -0.19509032 0,-0.98078528 -0.19509032 0,
  -0.98078528 -0.19509032 0,-0.98078528 -0.19509032 0,
  -0.98078528 -0.19509032 0,-0.98078528 -0.19509032 0,
  -0.98078528 0.19509032 0,-0.98078528 0.19509032 0,
  -0.98078528 0.19509032 0,-0.98078528 0.19509032 0,
  -0.98078528 0.19509032 0,-0.98078528 0.19509032 0,
  -0.83146961 0.55557023 0,-0.83146961 0.55557023 0,
  -0.83146961 0.55557023 0,-0.83146961 0.55557023 0,
  -0.83146961 0.55557023 0,-0.83146961 0.55557023 0,
  -0.55557023 0.83146961 0,-0.55557023 0.83146961 0,
  -0.55557023 0.83146961 0,-0.55557023 0.83146961 0,
  -0.55557023 0.83146961 0,-0.55557023 0.83146961 0,
  -0.19509032 0.98078528 0,-0.19509032 0.98078528 0,
  -0.19509032 0.98078528 0,-0.19509032 0.98078528 0,
  -0.19509032 0.98078528 0,-0.19509032 0.98078528 0,
  0.19509032 0.98078528 0,0.19509032 0.98078528 0,
  0.19509032 0.98078528 0,0.19509032 0.98078528 0,
  0.19509032 0.98078528 0,0.19509032 0.98078528 0,
  0.55557023 0.83146961 0,0.55557023 0.83146961 0,
  0.55557023 0.83146961 0,0.55557023 0.83146961 0,
  0.55557023 0.83146961 0,0.55557023 0.83146961 0,
  0.83146961 0.55557023 0,0.83146961 0.55557023 0,
  0.83146961 0.55557023 0,0.83146961 0.55557023 0,
  0.83146961 0.55557023 0,0.83146961 0.55557023 0,
  0.98078528 0.19509032 0,0.98078528 0.19509032 0,
  0.98078528 0.19509032 0,0.98078528 0.19509032 0,
  0.98078528 0.19509032 0,0.98078528 0.19509032 0,
  -0.98078528 0.19509032 0,-0.98078528 0.19509032 0,
  -0.98078528 0.19509032 0,-0.98078528 0.19509032 0,
  -0.98078528 0.19509032 0,-0.98078528 0.19509032 0,
  -0.83146961 0.55557023 0,-0.83146961 0.55557023 0,
  -0.83146961 0.55557023 0,-0.83146961 0.55557023 0,
  -0.83146961 0.55557023 0,-0.83146961 0.55557023 0,
  -0.55557023 0.83146961 0,-0.55557023 0.83146961 0,
  -0.55557023 0.83146961 0,-0.55557023 0.83146961 0,
  -0.55557023 0.83146961 0,-0.55557023 0.83146961 0,
  -0.19509032 0.98078528 0,-0.19509032 0.98078528 0,
  -0.19509032 0.98078528 0,-0.19509032 0.98078528 0,
  -0.19509032 0.98078528 0,-0.19509032 0.98078528 0,
  0.19509032 0.98078528 0,0.19509032 0.98078528 0,
  0.19509032 0.98078528 0,0.19509032 0.98078528 0,
  0.19509032 0.98078528 0,0.19509032 0.98078528 0,
  0.55557023 0.83146961 0,0.55557023 0.83146961 0,
  0.55557023 0.83146961 0,0.55557023 0.83146961 0,
  0.55557023 0.83146961 0,0.55557023 0.83146961 0,
  0.83146961 0.55557023 0,0.83146961 0.55557023 0,
  0.83146961 0.55557023 0,0.83146961 0.55557023 0,
  0.83146961 0.55557023 0,0.83146961 0.55557023 0,
  0.98078528 0.19509032 0,0.98078528 0.19509032 0,
  0.98078528 0.19509032 0,0.98078528 0.19509032 0,
  0.98078528 0.19509032 0,0.98078528 0.19509032 0,
  0.98078528 -0.19509032 0,0.98078528 -0.19509032 0,
  0.98078528 -0.19509032 0,0.98078528 -0.19509032 0,
  0.98078528 -0.19509032 0,0.98078528 -0.19509032 0,
  0.83146961 -0.55557023 0,0.83146961 -0.55557023 0,
  0.83146961 -0.55557023 0,0.83146961 -0.55557023 0,
  0.83146961 -0.55557023 0,0.83146961 -0.55557023 0,
  0.55557023 -0.83146961 0,0.55557023 -0.83146961 0,
  0.55557023 -0.83146961 0,0.55557023 -0.83146961 0,
  0.55557023 -0.83146961 0,0.55557023 -0.83146961 0,
  0.19509032 -0.98078528 0,0.19509032 -0.98078528 0,
  0.19509032 -0.98078528 0,0.19509032 -0.98078528 0,
  0.19509032 -0.98078528 0,0.19509032 -0.98078528 0,
  -0.19509032 -0.98078528 0,-0.19509032 -0.98078528 0,
  -0.19509032 -0.98078528 0,-0.19509032 -0.98078528 0,
  -0.19509032 -0.98078528 0,-0.19509032 -0.98078528 0,
  -0.55557023 -0.83146961 0,-0.55557023 -0.83146961 0,
  -0.55557023 -0.83146961 0,-0.55557023 -0.83146961 0,
  -0.55557023 -0.83146961 0,-0.55557023 -0.83146961 0,
  -0.83146961 -0.55557023 0,-0.83146961 -0.55557023 0,
  -0.83146961 -0.55557023 0,-0.83146961 -0.55557023 0,
  -0.83146961 -0.55557023 0,-0.83146961 -0.55557023 0,
  -0.98078528 -0.19509032 0,-0.98078528 -0.19509032 0,
  -0.98078528 -0.19509032 0,-0.98078528 -0.19509032 0,
  -0.98078528 -0.19509032 0,-0.98078528 -0.19509032 0,
  -0.98078528 0.19509032 0,-0.98078528 0.19509032 0,
  -0.98078528 0.19509032 0,-0.98078528 0.19509032 0,
  -0.98078528 0.19509032 0,-0.98078528 0.19509032 0,
  -0.83146961 0.55557023 0,-0.83146961 0.55557023 0,
  -0.83146961 0.55557023 0,-0.83146961 0.55557023 0,
  -0.83146961 0.55557023 0,-0.83146961 0.55557023 0,
  -0.55557023 0.83146961 0,-0.55557023 0.83146961 0,
  -0.55557023 0.83146961 0,-0.55557023 0.83146961 0,
  -0.55557023 0.83146961 0,-0.55557023 0.83146961 0,
  -0.19509032 0.98078528 0,-0.19509032 0.98078528 0,
  -0.19509032 0.98078528 0,-0.19509032 0.98078528 0,
  -0.19509032 0.98078528 0,-0.19509032 0.98078528 0,
  0.19509032 0.98078528 0,0.19509032 0.98078528 0,
  0.19509032 0.98078528 0,0.19509032 0.98078528 0,
  0.19509032 0.98078528 0,0.19509032 0.98078528 0,
  0.55557023 0.83146961 0,0.55557023 0.83146961 0,
  0.55557023 0.83146961 0,0.55557023 0.83146961 0,
  0.55557023 0.83146961 0,0.55557023 0.83146961 0,
  0.83146961 0.55557023 0,0.83146961 0.55557023 0,
  0.83146961 0.55557023 0,0.83146961 0.55557023 0,
  0.83146961 0.55557023 0,0.83146961 0.55557023 0,
  0.98078528 0.19509032 0,0.98078528 0.19509032 0,
  0.98078528 0.19509032 0,0.98078528 0.19509032 0,
  0.98078528 0.19509032 0,0.98078528 0.19509032 0,
  0.98078528 -0.19509032 0,0.98078528 -0.19509032 0,
  0.98078528 -0.19509032 0,0.98078528 -0.19509032 0,
  0.98078528 -0.19509032 0,0.98078528 -0.19509032 0,
  0.83146961 -0.55557023 0,0.83146961 -0.55557023 0,
  0.83146961 -0.55557023 0,0.83146961 -0.55557023 0,
  0.83146961 -0.55557023 0,0.83146961 -0.55557023 0,
  0.55557023 -0.83146961 0,0.55557023 -0.83146961 0,
  0.55557023 -0.83146961 0,0.55557023 -0.83146961 0,
  0.55557023 -0.83146961 0,0.55557023 -0.83146961 0,
  0.19509032 -0.98078528 0,0.19509032 -0.98078528 0,
  0.19509032 -0.98078528 0,0.19509032 -0.98078528 0,
  0.19509032 -0.98078528 0,0.19509032 -0.98078528 0,
  -0.19509032 -0.98078528 0,-0.19509032 -0.98078528 0,
  -0.19509032 -0.98078528 0,-0.19509032 -0.98078528 0,
  -0.19509032 -0.98078528 0,-0.19509032 -0.98078528 0,
  -0.55557023 -0.83146961 0,-0.55557023 -0.83146961 0,
  -0.55557023 -0.83146961 0,-0.55557023 -0.83146961 0,
  -0.55557023 -0.83146961 0,-0.55557023 -0.83146961 0,
  -0.83146961 -0.55557023 0,-0.83146961 -0.55557023 0,
  -0.83146961 -0.55557023 0,-0.83146961 -0.55557023 0,
  -0.83146961 -0.55557023 0,-0.83146961 -0.55557023 0,
  -0.98078528 -0.19509032 0,-0.98078528 -0.19509032 0,
  -0.98078528 -0.19509032 0,-0.98078528 -0.19509032 0,
  -0.98078528 -0.19509032 0,-0.98078528 -0.19509032 0,
  -0.98078528 0.19509032 0,-0.98078528 0.19509032 0,
  -0.98078528 0.19509032 0,-0.98078528 0.19509032 0,
  -0.98078528 0.19509032 0,-0.98078528 0.19509032 0,
  -0.83146961 0.55557023 0,-0.83146961 0.55557023 0,
  -0.83146961 0.55557023 0,-0.83146961 0.55557023 0,
  -0.83146961 0.55557023 0,-0.83146961 0.55557023 0,
  -0.55557023 0.83146961 0,-0.55557023 0.83146961 0,
  -0.55557023 0.83146961 0,-0.55557023 0.83146961 0,
  -0.55557023 0.83146961 0,-0.55557023 0.83146961 0,
  -0.19509032 0.98078528 0,-0.19509032 0.98078528 0,
  -0.19509032 0.98078528 0,-0.19509032 0.98078528 0,
  -0.19509032 0.98078528 0,-0.19509032 0.98078528 0,
  0.19509032 0.98078528 0,0.19509032 0.98078528 0,
  0.19509032 0.98078528 0,0.19509032 0.98078528 0,
  0.19509032 0.98078528 0,0.19509032 0.98078528 0,
  0.55557023 0.83146961 0,0.55557023 0.83146961 0,
  0.55557023 0.83146961 0,0.55557023 0.83146961 0,
  0.55557023 0.83146961 0,0.55557023 0.83146961 0,
  0.83146961 0.55557023 0,0.83146961 0.55557023 0,
  0.83146961 0.55557023 0,0.83146961 0.55557023 0,
  0.83146961 0.55557023 0,0.83146961 0.55557023 0,
  0.98078528 0.19509032 0,0.98078528 0.19509032 0,
  0.98078528 0.19509032 0,0.98078528 0.19509032 0,
  0.98078528 0.19509032 0,0.98078528 0.19509032 0,
  0.98078528 -0.19509032 0,0.98078528 -0.19509032 0,
  0.98078528 -0.19509032 0,0.98078528 -0.19509032 0,
  0.98078528 -0.19509032 0,0.98078528 -0.19509032 0,
  0.83146961 -0.55557023 0,0.83146961 -0.55557023 0,
  0.83146961 -0.55557023 0,0.83146961 -0.55557023 0,
  0.83146961 -0.55557023 0,0.83146961 -0.55557023 0,
  0.55557023 -0.83146961 0,0.55557023 -0.83146961 0,
  0.55557023 -0.83146961 0,0.55557023 -0.83146961 0,
  0.55557023 -0.83146961 0,0.55557023 -0.83146961 0,
  0.19509032 -0.98078528 0,0.19509032 -0.98078528 0,
  0.19509032 -0.98078528 0,0.19509032 -0.98078528 0,
  0.19509032 -0.98078528 0,0.19509032 -0.98078528 0,
  -0.19509032 -0.98078528 0,-0.19509032 -0.98078528 0,
  -0.19509032 -0.98078528 0,-0.19509032 -0.98078528 0,
  -0.19509032 -0.98078528 0,-0.19509032 -0.98078528 0,
  -0.55557023 -0.83146961 0,-0.55557023 -0.83146961 0,
  -0.55557023 -0.83146961 0,-0.55557023 -0.83146961 0,
  -0.55557023 -0.83146961 0,-0.55557023 -0.83146961 0,
  -0.83146961 -0.55557023 0,-0.83146961 -0.55557023 0,
  -0.83146961 -0.55557023 0,-0.83146961 -0.55557023 0,
  -0.83146961 -0.55557023 0,-0.83146961 -0.55557023 0,
  -0.98078528 -0.19509032 0,-0.98078528 -0.19509032 0,
  -0.98078528 -0.19509032 0,-0.98078528 -0.19509032 0,
  -0.98078528 -0.19509032 0,-0.98078528 -0.19509032 0,
  -0.98078528 0.19509032 0,-0.98078528 0.19509032 0,
  -0.98078528 0.19509032 0,-0.98078528 0.19509032 0,
  -0.98078528 0.19509032 0,-0.98078528 0.19509032 0,
  -0.83146961 0.55557023 0,-0.83146961 0.55557023 0,
  -0.83146961 0.55557023 0,-0.83146961 0.55557023 0,
  -0.83146961 0.55557023 0,-0.83146961 0.55557023 0,
  -0.55557023 0.83146961 0,-0.55557023 0.83146961 0,
  -0.55557023 0.83146961 0,-0.55557023 0.83146961 0,
  -0.55557023 0.83146961 0,-0.55557023 0.83146961 0,
  -0.19509032 0.98078528 0,-0.19509032 0.98078528 0,
  -0.19509032 0.98078528 0,-0.19509032 0.98078528 0,
  -0.19509032 0.98078528 0,-0.19509032 0.98078528 0,
  0.19509032 0.98078528 0,0.19509032 0.98078528 0,
  0.19509032 0.98078528 0,0.19509032 0.98078528 0,
  0.19509032 0.98078528 0,0.19509032 0.98078528 0,
  0.55557023 0.83146961 0,0.55557023 0.83146961 0,
  0.55557023 0.83146961 0,0.55557023 0.83146961 0,
  0.55557023 0.83146961 0,0.55557023 0.83146961 0,
  0.83146961 0.55557023 0,0.83146961 0.55557023 0,
  0.83146961 0.55557023 0,0.83146961 0.55557023 0,
  0.83146961 0.55557023 0,0.83146961 0.55557023 0,
  0.98078528 0.19509032 0,0.98078528 0.19509032 0,
  0.98078528 0.19509032 0,0.98078528 0.19509032 0,
  0.98078528 0.19509032 0,0.98078528 0.19509032 0,
  0.98078528 -0.19509032 0,0.98078528 -0.19509032 0,
  0.98078528 -0.19509032 0,0.98078528 -0.19509032 0,
  0.98078528 -0.19509032 0,0.98078528 -0.19509032 0,
  0.83146961 -0.55557023 0,0.83146961 -0.55557023 0,
  0.83146961 -0.55557023 0,0.83146961 -0.55557023 0,
  0.83146961 -0.55557023 0,0.83146961 -0.55557023 0,
  0.55557023 -0.83146961 0,0.55557023 -0.83146961 0,
  0.55557023 -0.83146961 0,0.55557023 -0.83146961 0,
  0.55557023 -0.83146961 0,0.55557023 -0.83146961 0,
  0.19509032 -0.98078528 0,0.19509032 -0.98078528 0,
  0.19509032 -0.98078528 0,0.19509032 -0.98078528 0,
  0.19509032 -0.98078528 0,0.19509032 -0.98078528 0,
  -0.19509032 -0.98078528 0,-0.19509032 -0.98078528 0,
  -0.19509032 -0.98078528 0,-0.19509032 -0.98078528 0,
  -0.19509032 -0.98078528 0,-0.19509032 -0.98078528 0,
  -0.55557023 -0.83146961 0,-0.55557023 -0.83146961 0,
  -0.55557023 -0.83146961 0,-0.55557023 -0.83146961 0,
  -0.55557023 -0.83146961 0,-0.55557023 -0.83146961 0,
  -0.83146961 -0.55557023 0,-0.83146961 -0.55557023 0,
  -0.83146961 -0.55557023 0,-0.83146961 -0.55557023 0,
  -0.83146961 -0.55557023 0,-0.83146961 -0.55557023 0,
  -0.98078528 -0.19509032 0,-0.98078528 -0.19509032 0,
  -0.98078528 -0.19509032 0,-0.98078528 -0.19509032 0,
  -0.98078528 -0.19509032 0,-0.98078528 -0.19509032 0,
  0.98480775 -0.17364818 0,0.98480775 -0.17364818 0,
  0.98480775 -0.17364818 0,0.98480775 -0.17364818 0,
  0.98480775 -0.17364818 0,0.98480775 -0.17364818 0,
  0.8660254 -0.5 0,0.8660254 -0.5 0,
  0.8660254 -0.5 0,0.8660254 -0.5 0,
  0.8660254 -0.5 0,0.8660254 -0.5 0,
  0.64278761 -0.76604444 0,0.64278761 -0.76604444 0,
  0.64278761 -0.76604444 0,0.64278761 -0.76604444 0,
  0.64278761 -0.76604444 0,0.64278761 -0.76604444 0,
  0.34202014 -0.93969262 0,0.34202014 -0.93969262 0,
  0.34202014 -0.93969262 0,0.34202014 -0.93969262 0,
  0.34202014 -0.93969262 0,0.34202014 -0.93969262 0,
  0 -1 0,0 -1 0,
  0 -1 0,0 -1 0,
  0 -1 0,0 -1 0,
  -0.34202014 -0.93969262 0,-0.34202014 -0.93969262 0,
  -0.34202014 -0.93969262 0,-0.34202014 -0.93969262 0,
  -0.34202014 -0.93969262 0,-0.34202014 -0.93969262 0,
  -0.64278761 -0.76604444 0,-0.64278761 -0.76604444 0,
  -0.64278761 -0.76604444 0,-0.64278761 -0.76604444 0,
  -0.64278761 -0.76604444 0,-0.64278761 -0.76604444 0,
  -0.8660254 -0.5 0,-0.8660254 -0.5 0,
  -0.8660254 -0.5 0,-0.8660254 -0.5 0,
  -0.8660254 -0.5 0,-0.8660254 -0.5 0,
  -0.98480775 -0.17364818 0,-0.98480775 -0.17364818 0,
  -0.98480775 -0.17364818 0,-0.98480775 -0.17364818 0,
  -0.98480775 -0.17364818 0,-0.98480775 -0.17364818 0,
  -0.98480775 0.17364818 0,-0.98480775 0.17364818 0,
  -0.98480775 0.17364818 0,-0.98480775 0.17364818 0,
  -0.98480775 0.17364818 0,-0.98480775 0.17364818 0,
  -0.8660254 0.5 0,-0.8660254 0.5 0,
  -0.8660254 0.5 0,-0.8660254 0.5 0,
  -0.8660254 0.5 0,-0.8660254 0.5 0,
  -0.64278761 0.76604444 0,-0.64278761 0.76604444 0,
  -0.64278761 0.76604444 0,-0.64278761 0.76604444 0,
  -0.64278761 0.76604444 0,-0.64278761 0.76604444 0,
  -0.34202014 0.93969262 0,-0.34202014 0.93969262 0,
  -0.34202014 0.93969262 0,-0.34202014 0.93969262 0,
  -0.34202014 0.93969262 0,-0.34202014 0.93969262 0,
  0 1 0,0 1 0,
  0 1 0,0 1 0,
  0 1 0,0 1 0,
  0.34202014 0.93969262 0,0.34202014 0.93969262 0,
  0.34202014 0.93969262 0,0.34202014 0.93969262 0,
  0.34202014 0.93969262 0,0.34202014 0.93969262 0,
  0.64278761 0.76604444 0,0.64278761 0.76604444 0,
  0.64278761 0.76604444 0,0.64278761 0.76604444 0,
  0.64278761 0.76604444 0,0.64278761 0.76604444 0,
  0.8660254 0.5 0,0.8660254 0.5 0,
  0.8660254 0.5 0,0.8660254 0.5 0,
  0.8660254 0.5 0,0.8660254 0.5 0,
  0.98480775 0.17364818 0,0.98480775 0.17364818 0,
  0.98480775 0.17364818 0,0.98480775 0.17364818 0,
  0.98480775 0.17364818 0,0.98480775 0.17364818 0,
  0.98480775 -0.17364818 0,0.98480775 -0.17364818 0,
  0.98480775 -0.17364818 0,0.98480775 -0.17364818 0,
  0.98480775 -0.17364818 0,0.98480775 -0.17364818 0,
  0.8660254 -0.5 0,0.8660254 -0.5 0,
  0.8660254 -0.5 0,0.8660254 -0.5 0,
  0.8660254 -0.5 0,0.8660254 -0.5 0,
  0.64278761 -0.76604444 0,0.64278761 -0.76604444 0,
  0.64278761 -0.76604444 0,0.64278761 -0.76604444 0,
  0.64278761 -0.76604444 0,0.64278761 -0.76604444 0,
  0.34202014 -0.93969262 0,0.34202014 -0.93969262 0,
  0.34202014 -0.93969262 0,0.34202014 -0.93969262 0,
  0.34202014 -0.93969262 0,0.34202014 -0.93969262 0,
  0 -1 0,0 -1 0,
  0 -1 0,0 -1 0,
  0 -1 0,0 -1 0,
  -0.34202014 -0.93969262 0,-0.34202014 -0.93969262 0,
  -0.34202014 -0.93969262 0,-0.34202014 -0.93969262 0,
  -0.34202014 -0.93969262 0,-0.34202014 -0.93969262 0,
  -0.64278761 -0.76604444 0,-0.64278761 -0.76604444 0,
  -0.64278761 -0.76604444 0,-0.64278761 -0.76604444 0,
  -0.64278761 -0.76604444 0,-0.64278761 -0.76604444 0,
  -0.8660254 -0.5 0,-0.8660254 -0.5 0,
  -0.8660254 -0.5 0,-0.8660254 -0.5 0,
  -0.8660254 -0.5 0,-0.8660254 -0.5 0,
  -0.98480775 -0.17364818 0,-0.98480775 -0.17364818 0,
  -0.98480775 -0.17364818 0,-0.98480775 -0.17364818 0,
  -0.98480775 -0.17364818 0,-0.98480775 -0.17364818 0,
  -0.98480775 0.17364818 0,-0.98480775 0.17364818 0,
  -0.98480775 0.17364818 0,-0.98480775 0.17364818 0,
  -0.98480775 0.17364818 0,-0.98480775 0.17364818 0,
  -0.8660254 0.5 0,-0.8660254 0.5 0,
  -0.8660254 0.5 0,-0.8660254 0.5 0,
  -0.8660254 0.5 0,-0.8660254 0.5 0,
  -0.64278761 0.76604444 0,-0.64278761 0.76604444 0,
  -0.64278761 0.76604444 0,-0.64278761 0.76604444 0,
  -0.64278761 0.76604444 0,-0.64278761 0.76604444 0,
  -0.34202014 0.93969262 0,-0.34202014 0.93969262 0,
  -0.34202014 0.93969262 0,-0.34202014 0.93969262 0,
  -0.34202014 0.93969262 0,-0.34202014 0.93969262 0,
  0 1 0,0 1 0,
  0 1 0,0 1 0,
  0 1 0,0 1 0,
  0.34202014 0.93969262 0,0.34202014 0.93969262 0,
  0.34202014 0.93969262 0,0.34202014 0.93969262 0,
  0.34202014 0.93969262 0,0.34202014 0.93969262 0,
  0.64278761 0.76604444 0,0.64278761 0.76604444 0,
  0.64278761 0.76604444 0,0.64278761 0.76604444 0,
  0.64278761 0.76604444 0,0.64278761 0.76604444 0,
  0.8660254 0.5 0,0.8660254 0.5 0,
  0.8660254 0.5 0,0.8660254 0.5 0,
  0.8660254 0.5 0,0.8660254 0.5 0,
  0.98480775 0.17364818 0,0.98480775 0.17364818 0,
  0.98480775 0.17364818 0,0.98480775 0.17364818 0,
  0.98480775 0.17364818 0,0.98480775 0.17364818 0,
  0.98480775 -0.17364818 0,0.98480775 -0.17364818 0,
  0.98480775 -0.17364818 0,0.98480775 -0.17364818 0,
  0.98480775 -0.17364818 0,0.98480775 -0.17364818 0,
  0.8660254 -0.5 0,0.8660254 -0.5 0,
  0.8660254 -0.5 0,0.8660254 -0.5 0,
  0.8660254 -0.5 0,0.8660254 -0.5 0,
  0.64278761 -0.76604444 0,0.64278761 -0.76604444 0,
  0.64278761 -0.76604444 0,0.64278761 -0.76604444 0,
  0.64278761 -0.76604444 0,0.64278761 -0.76604444 0,
  0.34202014 -0.93969262 0,0.34202014 -0.93969262 0,
  0.34202014 -0.93969262 0,0.34202014 -0.93969262 0,
  0.34202014 -0.93969262 0,0.34202014 -0.93969262 0,
  0 -1 0,0 -1 0,
  0 -1 0,0 -1 0,
  0 -1 0,0 -1 0,
  -0.34202014 -0.93969262 0,-0.34202014 -0.93969262 0,
  -0.34202014 -0.93969262 0,-0.34202014 -0.93969262 0,
  -0.34202014 -0.93969262 0,-0.34202014 -0.93969262 0,
  -0.64278761 -0.76604444 0,-0.64278761 -0.76604444 0,
  -0.64278761 -0.76604444 0,-0.64278761 -0.76604444 0,
  -0.64278761 -0.76604444 0,-0.64278761 -0.76604444 0,
  -0.8660254 -0.5 0,-0.8660254 -0.5 0,
  -0.8660254 -0.5 0,-0.8660254 -0.5 0,
  -0.8660254 -0.5 0,-0.8660254 -0.5 0,
  -0.98480775 -0.17364818 0,-0.98480775 -0.17364818 0,
  -0.98480775 -0.17364818 0,-0.98480775 -0.17364818 0,
  -0.98480775 -0.17364818 0,-0.98480775 -0.17364818 0,
  -0.98480775 0.17364818 0,-0.98480775 0.17364818 0,
  -0.98480775 0.17364818 0,-0.98480775 0.17364818 0,
  -0.98480775 0.17364818 0,-0.98480775 0.17364818 0,
  -0.8660254 0.5 0,-0.8660254 0.5 0,
  -0.8660254 0.5 0,-0.8660254 0.5 0,
  -0.8660254 0.5 0,-0.8660254 0.5 0,
  -0.64278761 0.76604444 0,-0.64278761 0.76604444 0,
  -0.64278761 0.76604444 0,-0.64278761 0.76604444 0,
  -0.64278761 0.76604444 0,-0.64278761 0.76604444 0,
  -0.34202014 0.93969262 0,-0.34202014 0.93969262 0,
  -0.34202014 0.93969262 0,-0.34202014 0.93969262 0,
  -0.34202014 0.93969262 0,-0.34202014 0.93969262 0,
  0 1 0,0 1 0,
  0 1 0,0 1 0,
  0 1 0,0 1 0,
  0.34202014 0.93969262 0,0.34202014 0.93969262 0,
  0.34202014 0.93969262 0,0.34202014 0.93969262 0,
  0.34202014 0.93969262 0,0.34202014 0.93969262 0,
  0.64278761 0.76604444 0,0.64278761 0.76604444 0,
  0.64278761 0.76604444 0,0.64278761 0.76604444 0,
  0.64278761 0.76604444 0,0.64278761 0.76604444 0,
  0.8660254 0.5 0,0.8660254 0.5 0,
  0.8660254 0.5 0,0.8660254 0.5 0,
  0.8660254 0.5 0,0.8660254 0.5 0,
  0.98480775 0.17364818 0,0.98480775 0.17364818 0,
  0.98480775 0.17364818 0,0.98480775 0.17364818 0,
  0.98480775 0.17364818 0,0.98480775 0.17364818 0,
  0.98480775 -0.17364818 0,0.98480775 -0.17364818 0,
  0.98480775 -0.17364818 0,0.98480775 -0.17364818 0,
  0.98480775 -0.17364818 0,0.98480775 -0.17364818 0,
  0.8660254 -0.5 0,0.8660254 -0.5 0,
  0.8660254 -0.5 0,0.8660254 -0.5 0,
  0.8660254 -0.5 0,0.8660254 -0.5 0,
  0.64278761 -0.76604444 0,0.64278761 -0.76604444 0,
  0.64278761 -0.76604444 0,0.64278761 -0.76604444 0,
  0.64278761 -0.76604444 0,0.64278761 -0.76604444 0,
  0.34202014 -0.93969262 0,0.34202014 -0.93969262 0,
  0.34202014 -0.93969262 0,0.34202014 -0.93969262 0,
  0.34202014 -0.93969262 0,0.34202014 -0.93969262 0,
  0 -1 0,0 -1 0,
  0 -1 0,0 -1 0,
  0 -1 0,0 -1 0,
  -0.34202014 -0.93969262 0,-0.34202014 -0.93969262 0,
  -0.34202014 -0.93969262 0,-0.34202014 -0.93969262 0,
  -0.34202014 -0.93969262 0,-0.34202014 -0.93969262 0,
  -0.64278761 -0.76604444 0,-0.64278761 -0.76604444 0,
  -0.64278761 -0.76604444 0,-0.64278761 -0.76604444 0,
  -0.64278761 -0.76604444 0,-0.64278761 -0.76604444 0,
  -0.8660254 -0.5 0,-0.8660254 -0.5 0,
  -0.8660254 -0.5 0,-0.8660254 -0.5 0,
  -0.8660254 -0.5 0,-0.8660254 -0.5 0,
  -0.98480775 -0.17364818 0,-0.98480775 -0.17364818 0,
  -0.98480775 -0.17364818 0,-0.98480775 -0.17364818 0,
  -0.98480775 -0.17364818 0,-0.98480775 -0.17364818 0,
  -0.98480775 0.17364818 0,-0.98480775 0.17364818 0,
  -0.98480775 0.17364818 0,-0.98480775 0.17364818 0,
  -0.98480775 0.17364818 0,-0.98480775 0.17364818 0,
  -0.8660254 0.5 0,-0.8660254 0.5 0,
  -0.8660254 0.5 0,-0.8660254 0.5 0,
  -0.8660254 0.5 0,-0.8660254 0.5 0,
  -0.64278761 0.76604444 0,-0.64278761 0.76604444 0,
  -0.64278761 0.76604444 0,-0.64278761 0.76604444 0,
  -0.64278761 0.76604444 0,-0.64278761 0.76604444 0,
  -0.34202014 0.93969262 0,-0.34202014 0.93969262 0,
  -0.34202014 0.93969262 0,-0.34202014 0.93969262 0,
  -0.34202014 0.93969262 0,-0.34202014 0.93969262 0,
  0 1 0,0 1 0,
  0 1 0,0 1 0,
  0 1 0,0 1 0,
  0.34202014 0.93969262 0,0.34202014 0.93969262 0,
  0.34202014 0.93969262 0,0.34202014 0.93969262 0,
  0.34202014 0.93969262 0,0.34202014 0.93969262 0,
  0.64278761 0.76604444 0,0.64278761 0.76604444 0,
  0.64278761 0.76604444 0,0.64278761 0.76604444 0,
  0.64278761 0.76604444 0,0.64278761 0.76604444 0,
  0.8660254 0.5 0,0.8660254 0.5 0,
  0.8660254 0.5 0,0.8660254 0.5 0,
  0.8660254 0.5 0,0.8660254 0.5 0,
  0.98480775 0.17364818 0,0.98480775 0.17364818 0,
  0.98480775 0.17364818 0,0.98480775 0.17364818 0,
  0.98480775 0.17364818 0,0.98480775 0.17364818 0,
  0.98480775 -0.17364818 0,0.98480775 -0.17364818 0,
  0.98480775 -0.17364818 0,0.98480775 -0.17364818 0,
  0.98480775 -0.17364818 0,0.98480775 -0.17364818 0,
  0.8660254 -0.5 0,0.8660254 -0.5 0,
  0.8660254 -0.5 0,0.8660254 -0.5 0,
  0.8660254 -0.5 0,0.8660254 -0.5 0,
  0.64278761 -0.76604444 0,0.64278761 -0.76604444 0,
  0.64278761 -0.76604444 0,0.64278761 -0.76604444 0,
  0.64278761 -0.76604444 0,0.64278761 -0.76604444 0,
  0.34202014 -0.93969262 0,0.34202014 -0.93969262 0,
  0.34202014 -0.93969262 0,0.34202014 -0.93969262 0,
  0.34202014 -0.93969262 0,0.34202014 -0.93969262 0,
  0 -1 0,0 -1 0,
  0 -1 0,0 -1 0,
  0 -1 0,0 -1 0,
  -0.34202014 -0.93969262 0,-0.34202014 -0.93969262 0,
  -0.34202014 -0.93969262 0,-0.34202014 -0.93969262 0,
  -0.34202014 -0.93969262 0,-0.34202014 -0.93969262 0,
  -0.64278761 -0.76604444 0,-0.64278761 -0.76604444 0,
  -0.64278761 -0.76604444 0,-0.64278761 -0.76604444 0,
  -0.64278761 -0.76604444 0,-0.64278761 -0.76604444 0,
  -0.8660254 -0.5 0,-0.8660254 -0.5 0,
  -0.8660254 -0.5 0,-0.8660254 -0.5 0,
  -0.8660254 -0.5 0,-0.8660254 -0.5 0,
  -0.98480775 -0.17364818 0,-0.98480775 -0.17364818 0,
  -0.98480775 -0.17364818 0,-0.98480775 -0.17364818 0,
  -0.98480775 -0.17364818 0,-0.98480775 -0.17364818 0,
  -0.98480775 0.17364818 0,-0.98480775 0.17364818 0,
  -0.98480775 0.17364818 0,-0.98480775 0.17364818 0,
  -0.98480775 0.17364818 0,-0.98480775 0.17364818 0,
  -0.8660254 0.5 0,-0.8660254 0.5 0,
  -0.8660254 0.5 0,-0.8660254 0.5 0,
  -0.8660254 0.5 0,-0.8660254 0.5 0,
  -0.64278761 0.76604444 0,-0.64278761 0.76604444 0,
  -0.64278761 0.76604444 0,-0.64278761 0.76604444 0,
  -0.64278761 0.76604444 0,-0.64278761 0.76604444 0,
  -0.34202014 0.93969262 0,-0.34202014 0.93969262 0,
  -0.34202014 0.93969262 0,-0.34202014 0.93969262 0,
  -0.34202014 0.93969262 0,-0.34202014 0.93969262 0,
  0 1 0,0 1 0,
  0 1 0,0 1 0,
  0 1 0,0 1 0,
  0.34202014 0.93969262 0,0.34202014 0.93969262 0,
  0.34202014 0.93969262 0,0.34202014 0.93969262 0,
  0.34202014 0.93969262 0,0.34202014 0.93969262 0,
  0.64278761 0.76604444 0,0.64278761 0.76604444 0,
  0.64278761 0.76604444 0,0.64278761 0.76604444 0,
  0.64278761 0.76604444 0,0.64278761 0.76604444 0,
  0.8660254 0.5 0,0.8660254 0.5 0,
  0.8660254 0.5 0,0.8660254 0.5 0,
  0.8660254 0.5 0,0.8660254 0.5 0,
  0.98480775 0.17364818 0,0.98480775 0.17364818 0,
  0.98480775 0.17364818 0,0.98480775 0.17364818 0,
  0.98480775 0.17364818 0,0.98480775 0.17364818 0,
  -0.98480775 0.17364818 0,-0.98480775 0.17364818 0,
  -0.98480775 0.17364818 0,-0.98480775 0.17364818 0,
  -0.98480775 0.17364818 0,-0.98480775 0.17364818 0,
  -0.8660254 0.5 0,-0.8660254 0.5 0,
  -0.8660254 0.5 0,-0.8660254 0.5 0,
  -0.8660254 0.5 0,-0.8660254 0.5 0,
  -0.64278761 0.76604444 0,-0.64278761 0.76604444 0,
  -0.64278761 0.76604444 0,-0.64278761 0.76604444 0,
  -0.64278761 0.76604444 0,-0.64278761 0.76604444 0,
  -0.34202014 0.93969262 0,-0.34202014 0.93969262 0,
  -0.34202014 0.93969262 0,-0.34202014 0.93969262 0,
  -0.34202014 0.93969262 0,-0.34202014 0.93969262 0,
  0 1 0,0 1 0,
  0 1 0,0 1 0,
  0 1 0,0 1 0,
  0.34202014 0.93969262 0,0.34202014 0.93969262 0,
  0.34202014 0.93969262 0,0.34202014 0.93969262 0,
  0.34202014 0.93969262 0,0.34202014 0.93969262 0,
  0.64278761 0.76604444 0,0.64278761 0.76604444 0,
  0.64278761 0.76604444 0,0.64278761 0.76604444 0,
  0.64278761 0.76604444 0,0.64278761 0.76604444 0,
  0.8660254 0.5 0,0.8660254 0.5 0,
  0.8660254 0.5 0,0.8660254 0.5 0,
  0.8660254 0.5 0,0.8660254 0.5 0,
  0.98480775 0.17364818 0,0.98480775 0.17364818 0,
  0.98480775 0.17364818 0,0.98480775 0.17364818 0,
  0.98480775 0.17364818 0,0.98480775 0.17364818 0,
  0.98480775 -0.17364818 0,0.98480775 -0.17364818 0,
  0.98480775 -0.17364818 0,0.98480775 -0.17364818 0,
  0.98480775 -0.17364818 0,0.98480775 -0.17364818 0,
  0.8660254 -0.5 0,0.8660254 -0.5 0,
  0.8660254 -0.5 0,0.8660254 -0.5 0,
  0.8660254 -0.5 0,0.8660254 -0.5 0,
  0.64278761 -0.76604444 0,0.64278761 -0.76604444 0,
  0.64278761 -0.76604444 0,0.64278761 -0.76604444 0,
  0.64278761 -0.76604444 0,0.64278761 -0.76604444 0,
  0.34202014 -0.93969262 0,0.34202014 -0.93969262 0,
  0.34202014 -0.93969262 0,0.34202014 -0.93969262 0,
  0.34202014 -0.93969262 0,0.34202014 -0.93969262 0,
  0 -1 0,0 -1 0,
  0 -1 0,0 -1 0,
  0 -1 0,0 -1 0,
  -0.34202014 -0.93969262 0,-0.34202014 -0.93969262 0,
  -0.34202014 -0.93969262 0,-0.34202014 -0.93969262 0,
  -0.34202014 -0.93969262 0,-0.34202014 -0.93969262 0,
  -0.64278761 -0.76604444 0,-0.64278761 -0.76604444 0,
  -0.64278761 -0.76604444 0,-0.64278761 -0.76604444 0,
  -0.64278761 -0.76604444 0,-0.64278761 -0.76604444 0,
  -0.8660254 -0.5 0,-0.8660254 -0.5 0,
  -0.8660254 -0.5 0,-0.8660254 -0.5 0,
  -0.8660254 -0.5 0,-0.8660254 -0.5 0,
  -0.98480775 -0.17364818 0,-0.98480775 -0.17364818 0,
  -0.98480775 -0.17364818 0,-0.98480775 -0.17364818 0,
  -0.98480775 -0.17364818 0,-0.98480775 -0.17364818 0,
  0.98480775 -0.17364818 0,0.98480775 -0.17364818 0,
  0.98480775 -0.17364818 0,0.98480775 -0.17364818 0,
  0.98480775 -0.17364818 0,0.98480775 -0.17364818 0,
  0.8660254 -0.5 0,0.8660254 -0.5 0,
  0.8660254 -0.5 0,0.8660254 -0.5 0,
  0.8660254 -0.5 0,0.8660254 -0.5 0,
  0.64278761 -0.76604444 0,0.64278761 -0.76604444 0,
  0.64278761 -0.76604444 0,0.64278761 -0.76604444 0,
  0.64278761 -0.76604444 0,0.64278761 -0.76604444 0,
  0.34202014 -0.93969262 0,0.34202014 -0.93969262 0,
  0.34202014 -0.93969262 0,0.34202014 -0.93969262 0,
  0.34202014 -0.93969262 0,0.34202014 -0.93969262 0,
  0 -1 0,0 -1 0,
  0 -1 0,0 -1 0,
  0 -1 0,0 -1 0,
  -0.34202014 -0.93969262 0,-0.34202014 -0.93969262 0,
  -0.34202014 -0.93969262 0,-0.34202014 -0.93969262 0,
  -0.34202014 -0.93969262 0,-0.34202014 -0.93969262 0,
  -0.64278761 -0.76604444 0,-0.64278761 -0.76604444 0,
  -0.64278761 -0.76604444 0,-0.64278761 -0.76604444 0,
  -0.64278761 -0.76604444 0,-0.64278761 -0.76604444 0,
  -0.8660254 -0.5 0,-0.8660254 -0.5 0,
  -0.8660254 -0.5 0,-0.8660254 -0.5 0,
  -0.8660254 -0.5 0,-0.8660254 -0.5 0,
  -0.98480775 -0.17364818 0,-0.98480775 -0.17364818 0,
  -0.98480775 -0.17364818 0,-0.98480775 -0.17364818 0,
  -0.98480775 -0.17364818 0,-0.98480775 -0.17364818 0,
  -0.98480775 0.17364818 0,-0.98480775 0.17364818 0,
  -0.98480775 0.17364818 0,-0.98480775 0.17364818 0,
  -0.98480775 0.17364818 0,-0.98480775 0.17364818 0,
  -0.8660254 0.5 0,-0.8660254 0.5 0,
  -0.8660254 0.5 0,-0.8660254 0.5 0,
  -0.8660254 0.5 0,-0.8660254 0.5 0,
  -0.64278761 0.76604444 0,-0.64278761 0.76604444 0,
  -0.64278761 0.76604444 0,-0.64278761 0.76604444 0,
  -0.64278761 0.76604444 0,-0.64278761 0.76604444 0,
  -0.34202014 0.93969262 0,-0.34202014 0.93969262 0,
  -0.34202014 0.93969262 0,-0.34202014 0.93969262 0,
  -0.34202014 0.93969262 0,-0.34202014 0.93969262 0,
  0 1 0,0 1 0,
  0 1 0,0 1 0,
  0 1 0,0 1 0,
  0.34202014 0.93969262 0,0.34202014 0.93969262 0,
  0.34202014 0.93969262 0,0.34202014 0.93969262 0,
  0.34202014 0.93969262 0,0.34202014 0.93969262 0,
  0.64278761 0.76604444 0,0.64278761 0.76604444 0,
  0.64278761 0.76604444 0,0.64278761 0.76604444 0,
  0.64278761 0.76604444 0,0.64278761 0.76604444 0,
  0.8660254 0.5 0,0.8660254 0.5 0,
  0.8660254 0.5 0,0.8660254 0.5 0,
  0.8660254 0.5 0,0.8660254 0.5 0,
  0.98480775 0.17364818 0,0.98480775 0.17364818 0,
  0.98480775 0.17364818 0,0.98480775 0.17364818 0,
  0.98480775 0.17364818 0,0.98480775 0.17364818 0,
  0.98480775 -0.17364818 0,0.98480775 -0.17364818 0,
  0.98480775 -0.17364818 0,0.98480775 -0.17364818 0,
  0.98480775 -0.17364818 0,0.98480775 -0.17364818 0,
  0.8660254 -0.5 0,0.8660254 -0.5 0,
  0.8660254 -0.5 0,0.8660254 -0.5 0,
  0.8660254 -0.5 0,0.8660254 -0.5 0,
  0.64278761 -0.76604444 0,0.64278761 -0.76604444 0,
  0.64278761 -0.76604444 0,0.64278761 -0.76604444 0,
  0.64278761 -0.76604444 0,0.64278761 -0.76604444 0,
  0.34202014 -0.93969262 0,0.34202014 -0.93969262 0,
  0.34202014 -0.93969262 0,0.34202014 -0.93969262 0,
  0.34202014 -0.93969262 0,0.34202014 -0.93969262 0,
  0 -1 0,0 -1 0,
  0 -1 0,0 -1 0,
  0 -1 0,0 -1 0,
  -0.34202014 -0.93969262 0,-0.34202014 -0.93969262 0,
  -0.34202014 -0.93969262 0,-0.34202014 -0.93969262 0,
  -0.34202014 -0.93969262 0,-0.34202014 -0.93969262 0,
  -0.64278761 -0.76604444 0,-0.64278761 -0.76604444 0,
  -0.64278761 -0.76604444 0,-0.64278761 -0.76604444 0,
  -0.64278761 -0.76604444 0,-0.64278761 -0.76604444 0,
  -0.8660254 -0.5 0,-0.8660254 -0.5 0,
  -0.8660254 -0.5 0,-0.8660254 -0.5 0,
  -0.8660254 -0.5 0,-0.8660254 -0.5 0,
  -0.98480775 -0.17364818 0,-0.98480775 -0.17364818 0,
  -0.98480775 -0.17364818 0,-0.98480775 -0.17364818 0,
  -0.98480775 -0.17364818 0,-0.98480775 -0.17364818 0,
  -0.98480775 0.17364818 0,-0.98480775 0.17364818 0,
  -0.98480775 0.17364818 0,-0.98480775 0.17364818 0,
  -0.98480775 0.17364818 0,-0.98480775 0.17364818 0,
  -0.8660254 0.5 0,-0.8660254 0.5 0,
  -0.8660254 0.5 0,-0.8660254 0.5 0,
  -0.8660254 0.5 0,-0.8660254 0.5 0,
  -0.64278761 0.76604444 0,-0.64278761 0.76604444 0,
  -0.64278761 0.76604444 0,-0.64278761 0.76604444 0,
  -0.64278761 0.76604444 0,-0.64278761 0.76604444 0,
  -0.34202014 0.93969262 0,-0.34202014 0.93969262 0,
  -0.34202014 0.93969262 0,-0.34202014 0.93969262 0,
  -0.34202014 0.93969262 0,-0.34202014 0.93969262 0,
  0 1 0,0 1 0,
  0 1 0,0 1 0,
  0 1 0,0 1 0,
  0.34202014 0.93969262 0,0.34202014 0.93969262 0,
  0.34202014 0.93969262 0,0.34202014 0.93969262 0,
  0.34202014 0.93969262 0,0.34202014 0.93969262 0,
  0.64278761 0.76604444 0,0.64278761 0.76604444 0,
  0.64278761 0.76604444 0,0.64278761 0.76604444 0,
  0.64278761 0.76604444 0,0.64278761 0.76604444 0,
  0.8660254 0.5 0,0.8660254 0.5 0,
  0.8660254 0.5 0,0.8660254 0.5 0,
  0.8660254 0.5 0,0.8660254 0.5 0,
  0.98480775 0.17364818 0,0.98480775 0.17364818 0,
  0.98480775 0.17364818 0,0.98480775 0.17364818 0,
  0.98480775 0.17364818 0,0.98480775 0.17364818 0,
  0 1 0,0 1 0,
  0 1 0,0 1 0,
  0 1 0,0 1 0,
  0.34202014 0.93969262 0,0.34202014 0.93969262 0,
  0.34202014 0.93969262 0,0.34202014 0.93969262 0,
  0.34202014 0.93969262 0,0.34202014 0.93969262 0,
  0.64278761 0.76604444 0,0.64278761 0.76604444 0,
  0.64278761 0.76604444 0,0.64278761 0.76604444 0,
  0.64278761 0.76604444 0,0.64278761 0.76604444 0,
  0.8660254 0.5 0,0.8660254 0.5 0,
  0.8660254 0.5 0,0.8660254 0.5 0,
  0.8660254 0.5 0,0.8660254 0.5 0,
  0.98480775 0.17364818 0,0.98480775 0.17364818 0,
  0.98480775 0.17364818 0,0.98480775 0.17364818 0,
  0.98480775 0.17364818 0,0.98480775 0.17364818 0,
  0.98480775 -0.17364818 0,0.98480775 -0.17364818 0,
  0.98480775 -0.17364818 0,0.98480775 -0.17364818 0,
  0.98480775 -0.17364818 0,0.98480775 -0.17364818 0,
  0.8660254 -0.5 0,0.8660254 -0.5 0,
  0.8660254 -0.5 0,0.8660254 -0.5 0,
  0.8660254 -0.5 0,0.8660254 -0.5 0,
  0.64278761 -0.76604444 0,0.64278761 -0.76604444 0,
  0.64278761 -0.76604444 0,0.64278761 -0.76604444 0,
  0.64278761 -0.76604444 0,0.64278761 -0.76604444 0,
  0.34202014 -0.93969262 0,0.34202014 -0.93969262 0,
  0.34202014 -0.93969262 0,0.34202014 -0.93969262 0,
  0.34202014 -0.93969262 0,0.34202014 -0.93969262 0,
  0 -1 0,0 -1 0,
  0 -1 0,0 -1 0,
  0 -1 0,0 -1 0,
  -0.34202014 -0.93969262 0,-0.34202014 -0.93969262 0,
  -0.34202014 -0.93969262 0,-0.34202014 -0.93969262 0,
  -0.34202014 -0.93969262 0,-0.34202014 -0.93969262 0,
  -0.64278761 -0.76604444 0,-0.64278761 -0.76604444 0,
  -0.64278761 -0.76604444 0,-0.64278761 -0.76604444 0,
  -0.64278761 -0.76604444 0,-0.64278761 -0.76604444 0,
  -0.8660254 -0.5 0,-0.8660254 -0.5 0,
  -0.8660254 -0.5 0,-0.8660254 -0.5 0,
  -0.8660254 -0.5 0,-0.8660254 -0.5 0,
  -0.98480775 -0.17364818 0,-0.98480775 -0.17364818 0,
  -0.98480775 -0.17364818 0,-0.98480775 -0.17364818 0,
  -0.98480775 -0.17364818 0,-0.98480775 -0.17364818 0,
  -0.98480775 0.17364818 0,-0.98480775 0.17364818 0,
  -0.98480775 0.17364818 0,-0.98480775 0.17364818 0,
  -0.98480775 0.17364818 0,-0.98480775 0.17364818 0,
  -0.8660254 0.5 0,-0.8660254 0.5 0,
  -0.8660254 0.5 0,-0.8660254 0.5 0,
  -0.8660254 0.5 0,-0.8660254 0.5 0,
  -0.64278761 0.76604444 0,-0.64278761 0.76604444 0,
  -0.64278761 0.76604444 0,-0.64278761 0.76604444 0,
  -0.64278761 0.76604444 0,-0.64278761 0.76604444 0,
  -0.34202014 0.93969262 0,-0.34202014 0.93969262 0,
  -0.34202014 0.93969262 0,-0.34202014 0.93969262 0,
  -0.34202014 0.93969262 0,-0.34202014 0.93969262 0,
  0.98480775 -0.17364818 0,0.98480775 -0.17364818 0,
  0.98480775 -0.17364818 0,0.98480775 -0.17364818 0,
  0.98480775 -0.17364818 0,0.98480775 -0.17364818 0,
  0.8660254 -0.5 0,0.8660254 -0.5 0,
  0.8660254 -0.5 0,0.8660254 -0.5 0,
  0.8660254 -0.5 0,0.8660254 -0.5 0,
  0.64278761 -0.76604444 0,0.64278761 -0.76604444 0,
  0.64278761 -0.76604444 0,0.64278761 -0.76604444 0,
  0.64278761 -0.76604444 0,0.64278761 -0.76604444 0,
  0.34202014 -0.93969262 0,0.34202014 -0.93969262 0,
  0.34202014 -0.93969262 0,0.34202014 -0.93969262 0,
  0.34202014 -0.93969262 0,0.34202014 -0.93969262 0,
  0 -1 0,0 -1 0,
  0 -1 0,0 -1 0,
  0 -1 0,0 -1 0,
  -0.34202014 -0.93969262 0,-0.34202014 -0.93969262 0,
  -0.34202014 -0.93969262 0,-0.34202014 -0.93969262 0,
  -0.34202014 -0.93969262 0,-0.34202014 -0.93969262 0,
  -0.64278761 -0.76604444 0,-0.64278761 -0.76604444 0,
  -0.64278761 -0.76604444 0,-0.64278761 -0.76604444 0,
  -0.64278761 -0.76604444 0,-0.64278761 -0.76604444 0,
  -0.8660254 -0.5 0,-0.8660254 -0.5 0,
  -0.8660254 -0.5 0,-0.8660254 -0.5 0,
  -0.8660254 -0.5 0,-0.8660254 -0.5 0,
  -0.98480775 -0.17364818 0,-0.98480775 -0.17364818 0,
  -0.98480775 -0.17364818 0,-0.98480775 -0.17364818 0,
  -0.98480775 -0.17364818 0,-0.98480775 -0.17364818 0,
  -0.98480775 0.17364818 0,-0.98480775 0.17364818 0,
  -0.98480775 0.17364818 0,-0.98480775 0.17364818 0,
  -0.98480775 0.17364818 0,-0.98480775 0.17364818 0,
  -0.8660254 0.5 0,-0.8660254 0.5 0,
  -0.8660254 0.5 0,-0.8660254 0.5 0,
  -0.8660254 0.5 0,-0.8660254 0.5 0,
  -0.64278761 0.76604444 0,-0.64278761 0.76604444 0,
  -0.64278761 0.76604444 0,-0.64278761 0.76604444 0,
  -0.64278761 0.76604444 0,-0.64278761 0.76604444 0,
  -0.34202014 0.93969262 0,-0.34202014 0.93969262 0,
  -0.34202014 0.93969262 0,-0.34202014 0.93969262 0,
  -0.34202014 0.93969262 0,-0.34202014 0.93969262 0,
  0 1 0,0 1 0,
  0 1 0,0 1 0,
  0 1 0,0 1 0,
  0.34202014 0.93969262 0,0.34202014 0.93969262 0,
  0.34202014 0.93969262 0,0.34202014 0.93969262 0,
  0.34202014 0.93969262 0,0.34202014 0.93969262 0,
  0.64278761 0.76604444 0,0.64278761 0.76604444 0,
  0.64278761 0.76604444 0,0.64278761 0.76604444 0,
  0.64278761 0.76604444 0,0.64278761 0.76604444 0,
  0.8660254 0.5 0,0.8660254 0.5 0,
  0.8660254 0.5 0,0.8660254 0.5 0,
  0.8660254 0.5 0,0.8660254 0.5 0,
  0.98480775 0.17364818 0,0.98480775 0.17364818 0,
  0.98480775 0.17364818 0,0.98480775 0.17364818 0,
  0.98480775 0.17364818 0,0.98480775 0.17364818 0,
  0.98480775 -0.17364818 0,0.98480775 -0.17364818 0,
  0.98480775 -0.17364818 0,0.98480775 -0.17364818 0,
  0.98480775 -0.17364818 0,0.98480775 -0.17364818 0,
  0.8660254 -0.5 0,0.8660254 -0.5 0,
  0.8660254 -0.5 0,0.8660254 -0.5 0,
  0.8660254 -0.5 0,0.8660254 -0.5 0,
  0.64278761 -0.76604444 0,0.64278761 -0.76604444 0,
  0.64278761 -0.76604444 0,0.64278761 -0.76604444 0,
  0.64278761 -0.76604444 0,0.64278761 -0.76604444 0,
  0.34202014 -0.93969262 0,0.34202014 -0.93969262 0,
  0.34202014 -0.93969262 0,0.34202014 -0.93969262 0,
  0.34202014 -0.93969262 0,0.34202014 -0.93969262 0,
  0 -1 0,0 -1 0,
  0 -1 0,0 -1 0,
  0 -1 0,0 -1 0,
  -0.34202014 -0.93969262 0,-0.34202014 -0.93969262 0,
  -0.34202014 -0.93969262 0,-0.34202014 -0.93969262 0,
  -0.34202014 -0.93969262 0,-0.34202014 -0.93969262 0,
  -0.64278761 -0.76604444 0,-0.64278761 -0.76604444 0,
  -0.64278761 -0.76604444 0,-0.64278761 -0.76604444 0,
  -0.64278761 -0.76604444 0,-0.64278761 -0.76604444 0,
  -0.8660254 -0.5 0,-0.8660254 -0.5 0,
  -0.8660254 -0.5 0,-0.8660254 -0.5 0,
  -0.8660254 -0.5 0,-0.8660254 -0.5 0,
  -0.98480775 -0.17364818 0,-0.98480775 -0.17364818 0,
  -0.98480775 -0.17364818 0,-0.98480775 -0.17364818 0,
  -0.98480775 -0.17364818 0,-0.98480775 -0.17364818 0,
  -0.98480775 0.17364818 0,-0.98480775 0.17364818 0,
  -0.98480775 0.17364818 0,-0.98480775 0.17364818 0,
  -0.98480775 0.17364818 0,-0.98480775 0.17364818 0,
  -0.8660254 0.5 0,-0.8660254 0.5 0,
  -0.8660254 0.5 0,-0.8660254 0.5 0,
  -0.8660254 0.5 0,-0.8660254 0.5 0,
  -0.64278761 0.76604444 0,-0.64278761 0.76604444 0,
  -0.64278761 0.76604444 0,-0.64278761 0.76604444 0,
  -0.64278761 0.76604444 0,-0.64278761 0.76604444 0,
  -0.34202014 0.93969262 0,-0.34202014 0.93969262 0,
  -0.34202014 0.93969262 0,-0.34202014 0.93969262 0,
  -0.34202014 0.93969262 0,-0.34202014 0.93969262 0,
  0 1 0,0 1 0,
  0 1 0,0 1 0,
  0 1 0,0 1 0,
  0.34202014 0.93969262 0,0.34202014 0.93969262 0,
  0.34202014 0.93969262 0,0.34202014 0.93969262 0,
  0.34202014 0.93969262 0,0.34202014 0.93969262 0,
  0.64278761 0.76604444 0,0.64278761 0.76604444 0,
  0.64278761 0.76604444 0,0.64278761 0.76604444 0,
  0.64278761 0.76604444 0,0.64278761 0.76604444 0,
  0.8660254 0.5 0,0.8660254 0.5 0,
  0.8660254 0.5 0,0.8660254 0.5 0,
  0.8660254 0.5 0,0.8660254 0.5 0,
  0.98480775 0.17364818 0,0.98480775 0.17364818 0,
  0.98480775 0.17364818 0,0.98480775 0.17364818 0,
  0.98480775 0.17364818 0,0.98480775 0.17364818 0,
  0.98480775 -0.17364818 0,0.98480775 -0.17364818 0,
  0.98480775 -0.17364818 0,0.98480775 -0.17364818 0,
  0.98480775 -0.17364818 0,0.98480775 -0.17364818 0,
  0.8660254 -0.5 0,0.8660254 -0.5 0,
  0.8660254 -0.5 0,0.8660254 -0.5 0,
  0.8660254 -0.5 0,0.8660254 -0.5 0,
  0.64278761 -0.76604444 0,0.64278761 -0.76604444 0,
  0.64278761 -0.76604444 0,0.64278761 -0.76604444 0,
  0.64278761 -0.76604444 0,0.64278761 -0.76604444 0,
  0.34202014 -0.93969262 0,0.34202014 -0.93969262 0,
  0.34202014 -0.93969262 0,0.34202014 -0.93969262 0,
  0.34202014 -0.93969262 0,0.34202014 -0.93969262 0,
  0 -1 0,0 -1 0,
  0 -1 0,0 -1 0,
  0 -1 0,0 -1 0,
  -0.34202014 -0.93969262 0,-0.34202014 -0.93969262 0,
  -0.34202014 -0.93969262 0,-0.34202014 -0.93969262 0,
  -0.34202014 -0.93969262 0,-0.34202014 -0.93969262 0,
  -0.64278761 -0.76604444 0,-0.64278761 -0.76604444 0,
  -0.64278761 -0.76604444 0,-0.64278761 -0.76604444 0,
  -0.64278761 -0.76604444 0,-0.64278761 -0.76604444 0,
  -0.8660254 -0.5 0,-0.8660254 -0.5 0,
  -0.8660254 -0.5 0,-0.8660254 -0.5 0,
  -0.8660254 -0.5 0,-0.8660254 -0.5 0,
  -0.98480775 -0.17364818 0,-0.98480775 -0.17364818 0,
  -0.98480775 -0.17364818 0,-0.98480775 -0.17364818 0,
  -0.98480775 -0.17364818 0,-0.98480775 -0.17364818 0,
  -0.98480775 0.17364818 0,-0.98480775 0.17364818 0,
  -0.98480775 0.17364818 0,-0.98480775 0.17364818 0,
  -0.98480775 0.17364818 0,-0.98480775 0.17364818 0,
  -0.8660254 0.5 0,-0.8660254 0.5 0,
  -0.8660254 0.5 0,-0.8660254 0.5 0,
  -0.8660254 0.5 0,-0.8660254 0.5 0,
  -0.64278761 0.76604444 0,-0.64278761 0.76604444 0,
  -0.64278761 0.76604444 0,-0.64278761 0.76604444 0,
  -0.64278761 0.76604444 0,-0.64278761 0.76604444 0,
  -0.34202014 0.93969262 0,-0.34202014 0.93969262 0,
  -0.34202014 0.93969262 0,-0.34202014 0.93969262 0,
  -0.34202014 0.93969262 0,-0.34202014 0.93969262 0,
  0 1 0,0 1 0,
  0 1 0,0 1 0,
  0 1 0,0 1 0,
  0.34202014 0.93969262 0,0.34202014 0.93969262 0,
  0.34202014 0.93969262 0,0.34202014 0.93969262 0,
  0.34202014 0.93969262 0,0.34202014 0.93969262 0,
  0.64278761 0.76604444 0,0.64278761 0.76604444 0,
  0.64278761 0.76604444 0,0.64278761 0.76604444 0,
  0.64278761 0.76604444 0,0.64278761 0.76604444 0,
  0.8660254 0.5 0,0.8660254 0.5 0,
  0.8660254 0.5 0,0.8660254 0.5 0,
  0.8660254 0.5 0,0.8660254 0.5 0,
  0.98480775 0.17364818 0,0.98480775 0.17364818 0,
  0.98480775 0.17364818 0,0.98480775 0.17364818 0,
  0.98480775 0.17364818 0,0.98480775 0.17364818 0,
  0.98480775 -0.17364818 0,0.98480775 -0.17364818 0,
  0.98480775 -0.17364818 0,0.98480775 -0.17364818 0,
  0.98480775 -0.17364818 0,0.98480775 -0.17364818 0,
  0.8660254 -0.5 0,0.8660254 -0.5 0,
  0.8660254 -0.5 0,0.8660254 -0.5 0,
  0.8660254 -0.5 0,0.8660254 -0.5 0,
  0.64278761 -0.76604444 0,0.64278761 -0.76604444 0,
  0.64278761 -0.76604444 0,0.64278761 -0.76604444 0,
  0.64278761 -0.76604444 0,0.64278761 -0.76604444 0,
  0.34202014 -0.93969262 0,0.34202014 -0.93969262 0,
  0.34202014 -0.93969262 0,0.34202014 -0.93969262 0,
  0.34202014 -0.93969262 0,0.34202014 -0.93969262 0,
  0 -1 0,0 -1 0,
  0 -1 0,0 -1 0,
  0 -1 0,0 -1 0,
  -0.34202014 -0.93969262 0,-0.34202014 -0.93969262 0,
  -0.34202014 -0.93969262 0,-0.34202014 -0.93969262 0,
  -0.34202014 -0.93969262 0,-0.34202014 -0.93969262 0,
  -0.64278761 -0.76604444 0,-0.64278761 -0.76604444 0,
  -0.64278761 -0.76604444 0,-0.64278761 -0.76604444 0,
  -0.64278761 -0.76604444 0,-0.64278761 -0.76604444 0,
  -0.8660254 -0.5 0,-0.8660254 -0.5 0,
  -0.8660254 -0.5 0,-0.8660254 -0.5 0,
  -0.8660254 -0.5 0,-0.8660254 -0.5 0,
  -0.98480775 -0.17364818 0,-0.98480775 -0.17364818 0,
  -0.98480775 -0.17364818 0,-0.98480775 -0.17364818 0,
  -0.98480775 -0.17364818 0,-0.98480775 -0.17364818 0,
  -0.98480775 0.17364818 0,-0.98480775 0.17364818 0,
  -0.98480775 0.17364818 0,-0.98480775 0.17364818 0,
  -0.98480775 0.17364818 0,-0.98480775 0.17364818 0,
  -0.8660254 0.5 0,-0.8660254 0.5 0,
  -0.8660254 0.5 0,-0.8660254 0.5 0,
  -0.8660254 0.5 0,-0.8660254 0.5 0,
  -0.64278761 0.76604444 0,-0.64278761 0.76604444 0,
  -0.64278761 0.76604444 0,-0.64278761 0.76604444 0,
  -0.64278761 0.76604444 0,-0.64278761 0.76604444 0,
  -0.34202014 0.93969262 0,-0.34202014 0.93969262 0,
  -0.34202014 0.93969262 0,-0.34202014 0.93969262 0,
  -0.34202014 0.93969262 0,-0.34202014 0.93969262 0,
  0 1 0,0 1 0,
  0 1 0,0 1 0,
  0 1 0,0 1 0,
  0.34202014 0.93969262 0,0.34202014 0.93969262 0,
  0.34202014 0.93969262 0,0.34202014 0.93969262 0,
  0.34202014 0.93969262 0,0.34202014 0.93969262 0,
  0.64278761 0.76604444 0,0.64278761 0.76604444 0,
  0.64278761 0.76604444 0,0.64278761 0.76604444 0,
  0.64278761 0.76604444 0,0.64278761 0.76604444 0,
  0.8660254 0.5 0,0.8660254 0.5 0,
  0.8660254 0.5 0,0.8660254 0.5 0,
  0.8660254 0.5 0,0.8660254 0.5 0,
  0.98480775 0.17364818 0,0.98480775 0.17364818 0,
  0.98480775 0.17364818 0,0.98480775 0.17364818 0,
  0.98480775 0.17364818 0,0.98480775 0.17364818 0,
  -0.98480775 0.17364818 0,-0.98480775 0.17364818 0,
  -0.98480775 0.17364818 0,-0.98480775 0.17364818 0,
  -0.98480775 0.17364818 0,-0.98480775 0.17364818 0,
  -0.8660254 0.5 0,-0.8660254 0.5 0,
  -0.8660254 0.5 0,-0.8660254 0.5 0,
  -0.8660254 0.5 0,-0.8660254 0.5 0,
  -0.64278761 0.76604444 0,-0.64278761 0.76604444 0,
  -0.64278761 0.76604444 0,-0.64278761 0.76604444 0,
  -0.64278761 0.76604444 0,-0.64278761 0.76604444 0,
  -0.34202014 0.93969262 0,-0.34202014 0.93969262 0,
  -0.34202014 0.93969262 0,-0.34202014 0.93969262 0,
  -0.34202014 0.93969262 0,-0.34202014 0.93969262 0,
  0 1 0,0 1 0,
  0 1 0,0 1 0,
  0 1 0,0 1 0,
  0.34202014 0.93969262 0,0.34202014 0.93969262 0,
  0.34202014 0.93969262 0,0.34202014 0.93969262 0,
  0.34202014 0.93969262 0,0.34202014 0.93969262 0,
  0.64278761 0.76604444 0,0.64278761 0.76604444 0,
  0.64278761 0.76604444 0,0.64278761 0.76604444 0,
  0.64278761 0.76604444 0,0.64278761 0.76604444 0,
  0.8660254 0.5 0,0.8660254 0.5 0,
  0.8660254 0.5 0,0.8660254 0.5 0,
  0.8660254 0.5 0,0.8660254 0.5 0,
  0.98480775 0.17364818 0,0.98480775 0.17364818 0,
  0.98480775 0.17364818 0,0.98480775 0.17364818 0,
  0.98480775 0.17364818 0,0.98480775 0.17364818 0,
  0.98480775 -0.17364818 0,0.98480775 -0.17364818 0,
  0.98480775 -0.17364818 0,0.98480775 -0.17364818 0,
  0.98480775 -0.17364818 0,0.98480775 -0.17364818 0,
  0.8660254 -0.5 0,0.8660254 -0.5 0,
  0.8660254 -0.5 0,0.8660254 -0.5 0,
  0.8660254 -0.5 0,0.8660254 -0.5 0,
  0.64278761 -0.76604444 0,0.64278761 -0.76604444 0,
  0.64278761 -0.76604444 0,0.64278761 -0.76604444 0,
  0.64278761 -0.76604444 0,0.64278761 -0.76604444 0,
  0.34202014 -0.93969262 0,0.34202014 -0.93969262 0,
  0.34202014 -0.93969262 0,0.34202014 -0.93969262 0,
  0.34202014 -0.93969262 0,0.34202014 -0.93969262 0,
  0 -1 0,0 -1 0,
  0 -1 0,0 -1 0,
  0 -1 0,0 -1 0,
  -0.34202014 -0.93969262 0,-0.34202014 -0.93969262 0,
  -0.34202014 -0.93969262 0,-0.34202014 -0.93969262 0,
  -0.34202014 -0.93969262 0,-0.34202014 -0.93969262 0,
  -0.64278761 -0.76604444 0,-0.64278761 -0.76604444 0,
  -0.64278761 -0.76604444 0,-0.64278761 -0.76604444 0,
  -0.64278761 -0.76604444 0,-0.64278761 -0.76604444 0,
  -0.8660254 -0.5 0,-0.8660254 -0.5 0,
  -0.8660254 -0.5 0,-0.8660254 -0.5 0,
  -0.8660254 -0.5 0,-0.8660254 -0.5 0,
  -0.98480775 -0.17364818 0,-0.98480775 -0.17364818 0,
  -0.98480775 -0.17364818 0,-0.98480775 -0.17364818 0,
  -0.98480775 -0.17364818 0,-0.98480775 -0.17364818 0,
  -0.64278761 -0.76604444 0,-0.64278761 -0.76604444 0,
  -0.64278761 -0.76604444 0,-0.64278761 -0.76604444 0,
  -0.64278761 -0.76604444 0,-0.64278761 -0.76604444 0,
  -0.8660254 -0.5 0,-0.8660254 -0.5 0,
  -0.8660254 -0.5 0,-0.8660254 -0.5 0,
  -0.8660254 -0.5 0,-0.8660254 -0.5 0,
  -0.98480775 -0.17364818 0,-0.98480775 -0.17364818 0,
  -0.98480775 -0.17364818 0,-0.98480775 -0.17364818 0,
  -0.98480775 -0.17364818 0,-0.98480775 -0.17364818 0,
  -0.98480775 0.17364818 0,-0.98480775 0.17364818 0,
  -0.98480775 0.17364818 0,-0.98480775 0.17364818 0,
  -0.98480775 0.17364818 0,-0.98480775 0.17364818 0,
  -0.8660254 0.5 0,-0.8660254 0.5 0,
  -0.8660254 0.5 0,-0.8660254 0.5 0,
  -0.8660254 0.5 0,-0.8660254 0.5 0,
  -0.64278761 0.76604444 0,-0.64278761 0.76604444 0,
  -0.64278761 0.76604444 0,-0.64278761 0.76604444 0,
  -0.64278761 0.76604444 0,-0.64278761 0.76604444 0,
  -0.34202014 0.93969262 0,-0.34202014 0.93969262 0,
  -0.34202014 0.93969262 0,-0.34202014 0.93969262 0,
  -0.34202014 0.93969262 0,-0.34202014 0.93969262 0,
  0 1 0,0 1 0,
  0 1 0,0 1 0,
  0 1 0,0 1 0,
  0.34202014 0.93969262 0,0.34202014 0.93969262 0,
  0.34202014 0.93969262 0,0.34202014 0.93969262 0,
  0.34202014 0.93969262 0,0.34202014 0.93969262 0,
  0.64278761 0.76604444 0,0.64278761 0.76604444 0,
  0.64278761 0.76604444 0,0.64278761 0.76604444 0,
  0.64278761 0.76604444 0,0.64278761 0.76604444 0,
  0.8660254 0.5 0,0.8660254 0.5 0,
  0.8660254 0.5 0,0.8660254 0.5 0,
  0.8660254 0.5 0,0.8660254 0.5 0,
  0.98480775 0.17364818 0,0.98480775 0.17364818 0,
  0.98480775 0.17364818 0,0.98480775 0.17364818 0,
  0.98480775 0.17364818 0,0.98480775 0.17364818 0,
  0.98480775 -0.17364818 0,0.98480775 -0.17364818 0,
  0.98480775 -0.17364818 0,0.98480775 -0.17364818 0,
  0.98480775 -0.17364818 0,0.98480775 -0.17364818 0,
  0.8660254 -0.5 0,0.8660254 -0.5 0,
  0.8660254 -0.5 0,0.8660254 -0.5 0,
  0.8660254 -0.5 0,0.8660254 -0.5 0,
  0.64278761 -0.76604444 0,0.64278761 -0.76604444 0,
  0.64278761 -0.76604444 0,0.64278761 -0.76604444 0,
  0.64278761 -0.76604444 0,0.64278761 -0.76604444 0,
  0.34202014 -0.93969262 0,0.34202014 -0.93969262 0,
  0.34202014 -0.93969262 0,0.34202014 -0.93969262 0,
  0.34202014 -0.93969262 0,0.34202014 -0.93969262 0,
  0 -1 0,0 -1 0,
  0 -1 0,0 -1 0,
  0 -1 0,0 -1 0,
  -0.34202014 -0.93969262 0,-0.34202014 -0.93969262 0,
  -0.34202014 -0.93969262 0,-0.34202014 -0.93969262 0,
  -0.34202014 -0.93969262 0,-0.34202014 -0.93969262 0,
  0.64278761 0.76604444 0,0.64278761 0.76604444 0,
  0.64278761 0.76604444 0,0.64278761 0.76604444 0,
  0.64278761 0.76604444 0,0.64278761 0.76604444 0,
  0.8660254 0.5 0,0.8660254 0.5 0,
  0.8660254 0.5 0,0.8660254 0.5 0,
  0.8660254 0.5 0,0.8660254 0.5 0,
  0.98480775 0.17364818 0,0.98480775 0.17364818 0,
  0.98480775 0.17364818 0,0.98480775 0.17364818 0,
  0.98480775 0.17364818 0,0.98480775 0.17364818 0,
  0.98480775 -0.17364818 0,0.98480775 -0.17364818 0,
  0.98480775 -0.17364818 0,0.98480775 -0.17364818 0,
  0.98480775 -0.17364818 0,0.98480775 -0.17364818 0,
  0.8660254 -0.5 0,0.8660254 -0.5 0,
  0.8660254 -0.5 0,0.8660254 -0.5 0,
  0.8660254 -0.5 0,0.8660254 -0.5 0,
  0.64278761 -0.76604444 0,0.64278761 -0.76604444 0,
  0.64278761 -0.76604444 0,0.64278761 -0.76604444 0,
  0.64278761 -0.76604444 0,0.64278761 -0.76604444 0,
  0.34202014 -0.93969262 0,0.34202014 -0.93969262 0,
  0.34202014 -0.93969262 0,0.34202014 -0.93969262 0,
  0.34202014 -0.93969262 0,0.34202014 -0.93969262 0,
  0 -1 0,0 -1 0,
  0 -1 0,0 -1 0,
  0 -1 0,0 -1 0,
  -0.34202014 -0.93969262 0,-0.34202014 -0.93969262 0,
  -0.34202014 -0.93969262 0,-0.34202014 -0.93969262 0,
  -0.34202014 -0.93969262 0,-0.34202014 -0.93969262 0,
  -0.64278761 -0.76604444 0,-0.64278761 -0.76604444 0,
  -0.64278761 -0.76604444 0,-0.64278761 -0.76604444 0,
  -0.64278761 -0.76604444 0,-0.64278761 -0.76604444 0,
  -0.8660254 -0.5 0,-0.8660254 -0.5 0,
  -0.8660254 -0.5 0,-0.8660254 -0.5 0,
  -0.8660254 -0.5 0,-0.8660254 -0.5 0,
  -0.98480775 -0.17364818 0,-0.98480775 -0.17364818 0,
  -0.98480775 -0.17364818 0,-0.98480775 -0.17364818 0,
  -0.98480775 -0.17364818 0,-0.98480775 -0.17364818 0,
  -0.98480775 0.17364818 0,-0.98480775 0.17364818 0,
  -0.98480775 0.17364818 0,-0.98480775 0.17364818 0,
  -0.98480775 0.17364818 0,-0.98480775 0.17364818 0,
  -0.8660254 0.5 0,-0.8660254 0.5 0,
  -0.8660254 0.5 0,-0.8660254 0.5 0,
  -0.8660254 0.5 0,-0.8660254 0.5 0,
  -0.64278761 0.76604444 0,-0.64278761 0.76604444 0,
  -0.64278761 0.76604444 0,-0.64278761 0.76604444 0,
  -0.64278761 0.76604444 0,-0.64278761 0.76604444 0,
  -0.34202014 0.93969262 0,-0.34202014 0.93969262 0,
  -0.34202014 0.93969262 0,-0.34202014 0.93969262 0,
  -0.34202014 0.93969262 0,-0.34202014 0.93969262 0,
  0 1 0,0 1 0,
  0 1 0,0 1 0,
  0 1 0,0 1 0,
  0.34202014 0.93969262 0,0.34202014 0.93969262 0,
  0.34202014 0.93969262 0,0.34202014 0.93969262 0,
  0.34202014 0.93969262 0,0.34202014 0.93969262 0,
  0.98480775 -0.17364818 0,0.98480775 -0.17364818 0,
  0.98480775 -0.17364818 0,0.98480775 -0.17364818 0,
  0.98480775 -0.17364818 0,0.98480775 -0.17364818 0,
  0.8660254 -0.5 0,0.8660254 -0.5 0,
  0.8660254 -0.5 0,0.8660254 -0.5 0,
  0.8660254 -0.5 0,0.8660254 -0.5 0,
  0.64278761 -0.76604444 0,0.64278761 -0.76604444 0,
  0.64278761 -0.76604444 0,0.64278761 -0.76604444 0,
  0.64278761 -0.76604444 0,0.64278761 -0.76604444 0,
  0.34202014 -0.93969262 0,0.34202014 -0.93969262 0,
  0.34202014 -0.93969262 0,0.34202014 -0.93969262 0,
  0.34202014 -0.93969262 0,0.34202014 -0.93969262 0,
  0 -1 0,0 -1 0,
  0 -1 0,0 -1 0,
  0 -1 0,0 -1 0,
  -0.34202014 -0.93969262 0,-0.34202014 -0.93969262 0,
  -0.34202014 -0.93969262 0,-0.34202014 -0.93969262 0,
  -0.34202014 -0.93969262 0,-0.34202014 -0.93969262 0,
  -0.64278761 -0.76604444 0,-0.64278761 -0.76604444 0,
  -0.64278761 -0.76604444 0,-0.64278761 -0.76604444 0,
  -0.64278761 -0.76604444 0,-0.64278761 -0.76604444 0,
  -0.8660254 -0.5 0,-0.8660254 -0.5 0,
  -0.8660254 -0.5 0,-0.8660254 -0.5 0,
  -0.8660254 -0.5 0,-0.8660254 -0.5 0,
  -0.98480775 -0.17364818 0,-0.98480775 -0.17364818 0,
  -0.98480775 -0.17364818 0,-0.98480775 -0.17364818 0,
  -0.98480775 -0.17364818 0,-0.98480775 -0.17364818 0,
  -0.98480775 0.17364818 0,-0.98480775 0.17364818 0,
  -0.98480775 0.17364818 0,-0.98480775 0.17364818 0,
  -0.98480775 0.17364818 0,-0.98480775 0.17364818 0,
  -0.8660254 0.5 0,-0.8660254 0.5 0,
  -0.8660254 0.5 0,-0.8660254 0.5 0,
  -0.8660254 0.5 0,-0.8660254 0.5 0,
  -0.64278761 0.76604444 0,-0.64278761 0.76604444 0,
  -0.64278761 0.76604444 0,-0.64278761 0.76604444 0,
  -0.64278761 0.76604444 0,-0.64278761 0.76604444 0,
  -0.34202014 0.93969262 0,-0.34202014 0.93969262 0,
  -0.34202014 0.93969262 0,-0.34202014 0.93969262 0,
  -0.34202014 0.93969262 0,-0.34202014 0.93969262 0,
  0 1 0,0 1 0,
  0 1 0,0 1 0,
  0 1 0,0 1 0,
  0.34202014 0.93969262 0,0.34202014 0.93969262 0,
  0.34202014 0.93969262 0,0.34202014 0.93969262 0,
  0.34202014 0.93969262 0,0.34202014 0.93969262 0,
  0.64278761 0.76604444 0,0.64278761 0.76604444 0,
  0.64278761 0.76604444 0,0.64278761 0.76604444 0,
  0.64278761 0.76604444 0,0.64278761 0.76604444 0,
  0.8660254 0.5 0,0.8660254 0.5 0,
  0.8660254 0.5 0,0.8660254 0.5 0,
  0.8660254 0.5 0,0.8660254 0.5 0,
  0.98480775 0.17364818 0,0.98480775 0.17364818 0,
  0.98480775 0.17364818 0,0.98480775 0.17364818 0,
  0.98480775 0.17364818 0,0.98480775 0.17364818 0,
  0.98480775 -0.17364818 0,0.98480775 -0.17364818 0,
  0.98480775 -0.17364818 0,0.98480775 -0.17364818 0,
  0.98480775 -0.17364818 0,0.98480775 -0.17364818 0,
  0.8660254 -0.5 0,0.8660254 -0.5 0,
  0.8660254 -0.5 0,0.8660254 -0.5 0,
  0.8660254 -0.5 0,0.8660254 -0.5 0,
  0.64278761 -0.76604444 0,0.64278761 -0.76604444 0,
  0.64278761 -0.76604444 0,0.64278761 -0.76604444 0,
  0.64278761 -0.76604444 0,0.64278761 -0.76604444 0,
  0.34202014 -0.93969262 0,0.34202014 -0.93969262 0,
  0.34202014 -0.93969262 0,0.34202014 -0.93969262 0,
  0.34202014 -0.93969262 0,0.34202014 -0.93969262 0,
  0 -1 0,0 -1 0,
  0 -1 0,0 -1 0,
  0 -1 0,0 -1 0,
  -0.34202014 -0.93969262 0,-0.34202014 -0.93969262 0,
  -0.34202014 -0.93969262 0,-0.34202014 -0.93969262 0,
  -0.34202014 -0.93969262 0,-0.34202014 -0.93969262 0,
  -0.64278761 -0.76604444 0,-0.64278761 -0.76604444 0,
  -0.64278761 -0.76604444 0,-0.64278761 -0.76604444 0,
  -0.64278761 -0.76604444 0,-0.64278761 -0.76604444 0,
  -0.8660254 -0.5 0,-0.8660254 -0.5 0,
  -0.8660254 -0.5 0,-0.8660254 -0.5 0,
  -0.8660254 -0.5 0,-0.8660254 -0.5 0,
  -0.98480775 -0.17364818 0,-0.98480775 -0.17364818 0,
  -0.98480775 -0.17364818 0,-0.98480775 -0.17364818 0,
  -0.98480775 -0.17364818 0,-0.98480775 -0.17364818 0,
  -0.98480775 0.17364818 0,-0.98480775 0.17364818 0,
  -0.98480775 0.17364818 0,-0.98480775 0.17364818 0,
  -0.98480775 0.17364818 0,-0.98480775 0.17364818 0,
  -0.8660254 0.5 0,-0.8660254 0.5 0,
  -0.8660254 0.5 0,-0.8660254 0.5 0,
  -0.8660254 0.5 0,-0.8660254 0.5 0,
  -0.64278761 0.76604444 0,-0.64278761 0.76604444 0,
  -0.64278761 0.76604444 0,-0.64278761 0.76604444 0,
  -0.64278761 0.76604444 0,-0.64278761 0.76604444 0,
  -0.34202014 0.93969262 0,-0.34202014 0.93969262 0,
  -0.34202014 0.93969262 0,-0.34202014 0.93969262 0,
  -0.34202014 0.93969262 0,-0.34202014 0.93969262 0,
  0 1 0,0 1 0,
  0 1 0,0 1 0,
  0 1 0,0 1 0,
  0.34202014 0.93969262 0,0.34202014 0.93969262 0,
  0.34202014 0.93969262 0,0.34202014 0.93969262 0,
  0.34202014 0.93969262 0,0.34202014 0.93969262 0,
  0.64278761 0.76604444 0,0.64278761 0.76604444 0,
  0.64278761 0.76604444 0,0.64278761 0.76604444 0,
  0.64278761 0.76604444 0,0.64278761 0.76604444 0,
  0.8660254 0.5 0,0.8660254 0.5 0,
  0.8660254 0.5 0,0.8660254 0.5 0,
  0.8660254 0.5 0,0.8660254 0.5 0,
  0.98480775 0.17364818 0,0.98480775 0.17364818 0,
  0.98480775 0.17364818 0,0.98480775 0.17364818 0,
  0.98480775 0.17364818 0,0.98480775 0.17364818 0] }
}
}
] }
DEF TXFM_32 Transform {
  center 0 0 0
  rotation 0 0 1 0
  scale 1 1 1
  scaleOrientation 0 0 1 0
  translation 0 0 0
 children [
DEF SHAPE_373 Shape {
 appearance DEF APP_19 Appearance {
  material Material {
   ambientIntensity 1
   diffuseColor 0.75 0.61000001 0.23
   emissiveColor 0 0 0
   shininess 0.89999998
   specularColor 0.89999998 0.84399998 0.69199997
   transparency 0
} }
 geometry DEF FACE_373 IndexedFaceSet {
  coord DEF COORD_373 Coordinate { point [
  0.98425197 2.8248071 0.31496063,0.98425197 2.9114213 0.31496063,
  0.97735906 2.9460736 0.31496063,0.95773031 2.9754508 0.31496063,
  0.92835315 2.9950795 0.31496063,0.89370079 3.0019724 0.31496063,
  0.36614173 3.0019724 0.31496063,0.33148937 2.9950795 0.31496063,
  0.3021122 2.9754508 0.31496063,0.28248346 2.9460736 0.31496063,
  0.27559055 2.9114213 0.31496063,0.27559055 2.6397677 0.31496063,
  0.28248346 2.6051154 0.31496063,0.3021122 2.5757382 0.31496063,
  0.33148937 2.5561094 0.31496063,0.36614173 2.5492165 0.31496063,
  0.89370079 2.5492165 0.31496063,0.92835315 2.5561094 0.31496063,
  0.95773031 2.5757382 0.31496063,0.97735906 2.6051154 0.31496063,
  0.98425197 2.6397677 0.31496063,0.98425197 2.7263819 0.31496063,
  1.2499961 2.7263819 0.31496063,1.2499961 2.3740157 0.31496063,
  1.256889 2.3393634 0.31496063,1.2765177 2.3099862 0.31496063,
  1.3058949 2.2903575 0.31496063,1.3405472 2.2834646 0.31496063,
  1.6122008 2.2834646 0.31496063,1.6468531 2.2903575 0.31496063,
  1.6762303 2.3099862 0.31496063,1.6958591 2.3393634 0.31496063,
  1.702752 2.3740157 0.31496063,1.702752 2.9015748 0.31496063,
  1.6958591 2.9362272 0.31496063,1.6762303 2.9656043 0.31496063,
  1.6468531 2.9852331 0.31496063,1.6122008 2.992126 0.31496063,
  1.3405472 2.992126 0.31496063,1.3058949 2.9852331 0.31496063,
  1.2765177 2.9656043 0.31496063,1.256889 2.9362272 0.31496063,
  1.2499961 2.9015748 0.31496063,1.2499961 2.8248071 0.31496063,
  3.2480315 2.8543307 0.31496063,3.251593 2.8745287 0.31496063,
  3.2618478 2.8922906 0.31496063,3.2775591 2.9054739 0.31496063,
  3.2968318 2.9124886 0.31496063,3.3173414 2.9124886 0.31496063,
  3.3366142 2.9054739 0.31496063,3.3523255 2.8922906 0.31496063,
  3.3625803 2.8745287 0.31496063,3.3661417 2.8543307 0.31496063,
  3.3625803 2.8341327 0.31496063,3.3523255 2.8163708 0.31496063,
  3.3366142 2.8031875 0.31496063,3.3173414 2.7961728 0.31496063,
  3.2968318 2.7961728 0.31496063,3.2775591 2.8031875 0.31496063,
  3.2618478 2.8163708 0.31496063,3.251593 2.8341327 0.31496063,
  3.1299213 3.5629921 0.31496063,3.1263598 3.5427941 0.31496063,
  3.116105 3.5250322 0.31496063,3.1003937 3.5118489 0.31496063,
  3.081121 3.5048342 0.31496063,3.0606113 3.5048342 0.31496063,
  3.0413386 3.5118489 0.31496063,3.0256273 3.5250322 0.31496063,
  3.0153725 3.5427941 0.31496063,3.011811 3.5629921 0.31496063,
  3.0153725 3.5831902 0.31496063,3.0256273 3.600952 0.31496063,
  3.0413386 3.6141354 0.31496063,3.0606113 3.6211501 0.31496063,
  3.081121 3.6211501 0.31496063,3.1003937 3.6141354 0.31496063,
  3.116105 3.600952 0.31496063,3.1263598 3.5831902 0.31496063,
  1.702752 1.4967626 0.31496063,1.702752 1.9173228 0.31496063,
  1.6958591 1.9519752 0.31496063,1.6762303 1.9813524 0.31496063,
  1.6468531 2.0009811 0.31496063,1.6122008 2.007874 0.31496063,
  1.3405472 2.007874 0.31496063,1.3058949 2.0009811 0.31496063,
  1.2765177 1.9813524 0.31496063,1.256889 1.9519752 0.31496063,
  1.2499961 1.9173228 0.31496063,1.2499961 1.3897638 0.31496063,
  1.256889 1.3551114 0.31496063,1.2765177 1.3257343 0.31496063,
  1.3058949 1.3061055 0.31496063,1.3405472 1.2992126 0.31496063,
  1.6122008 1.2992126 0.31496063,1.6468531 1.3061055 0.31496063,
  1.6762303 1.3257343 0.31496063,1.6958591 1.3551114 0.31496063,
  1.6974102 1.3629102 0.31496063,1.8996102 1.1607102 0.31496063,
  1.8996102 1.0629921 0.31496063,1.8129961 1.0629921 0.31496063,
  1.7783437 1.0560992 0.31496063,1.7489665 1.0364705 0.31496063,
  1.7293378 1.0070933 0.31496063,1.7224449 0.97244094 0.31496063,
  1.7224449 0.44488189 0.31496063,1.7293378 0.41022953 0.31496063,
  1.7489665 0.38085236 0.31496063,1.7783437 0.36122362 0.31496063,
  1.8129961 0.35433071 0.31496063,2.0846496 0.35433071 0.31496063,
  2.119302 0.36122362 0.31496063,2.1486791 0.38085236 0.31496063,
  2.1683079 0.41022953 0.31496063,2.1752008 0.44488189 0.31496063,
  2.1752008 0.97244094 0.31496063,2.1683079 1.0070933 0.31496063,
  2.1486791 1.0364705 0.31496063,2.119302 1.0560992 0.31496063,
  2.0846496 1.0629921 0.31496063,1.9980354 1.0629921 0.31496063,
  1.9980354 1.1810945 0.31496063,1.9970898 1.1906953 0.31496063,
  1.9897417 1.2084354 0.31496063,1.9836217 1.2158929 0.31496063,
  5.7548709 3.2826795 0.31496063,5.7330685 3.2608772 0.31496063,
  5.717652 3.2341752 0.31496063,5.709672 3.2043929 0.31496063,
  5.709672 3.1791339 0.31496063,5.5708661 3.1791339 0.31496063,
  5.5708661 3.2834646 0.31496063,5.5687685 3.294011 0.31496063,
  5.5627941 3.3029516 0.31496063,5.5538535 3.308926 0.31496063,
  5.5433071 3.3110236 0.31496063,5.3228346 3.3110236 0.31496063,
  5.3122882 3.308926 0.31496063,5.3033476 3.3029516 0.31496063,
  5.2973732 3.294011 0.31496063,5.2952756 3.2834646 0.31496063,
  5.2952756 3.0617228 0.31496063,5.1233165 2.8897638 0.31496063,
  4.6297878 2.8897638 0.31496063,4.3799213 3.1396303 0.31496063,
  4.3799213 3.2504921 0.31496063,4.3733657 3.2834496 0.31496063,
  4.3546969 3.3113898 0.31496063,4.3267567 3.3300587 0.31496063,
  4.2937992 3.3366142 0.31496063,4.1215551 3.3366142 0.31496063,
  4.0885976 3.3300587 0.31496063,4.0606575 3.3113898 0.31496063,
  4.0419886 3.2834496 0.31496063,4.0354331 3.2504921 0.31496063,
  4.0354331 3.0487205 0.31496063,4.0419886 3.015763 0.31496063,
  4.0606575 2.9878228 0.31496063,4.0885976 2.9691539 0.31496063,
  4.1215551 2.9625984 0.31496063,4.2937992 2.9625984 0.31496063,
  4.3267567 2.9691539 0.31496063,4.3546969 2.9878228 0.31496063,
  4.3698524 3.0105051 0.31496063,4.5746047 2.8057524 0.31496063,
  4.5820618 2.7996327 0.31496063,4.5820622 2.7996323 0.31496063,
  4.5998024 2.7922843 0.31496063,4.6094031 2.7913386 0.31496063,
  5.1043311 2.7913386 0.31496063,5.1043311 1.697198 0.31496063,
  5.1052768 1.6875972 0.31496063,5.1052768 1.6875969 0.31496063,
  5.1055213 1.6870071 0.31496063,5.1126248 1.6698571 0.31496063,
  5.1126268 1.6698551 0.31496063,5.1187453 1.6623996 0.31496063,
  5.339565 1.4415795 0.31496063,5.3470224 1.4354594 0.31496063,
  5.3470228 1.4354591 0.31496063,5.3573559 1.4311791 0.31496063,
  5.3647626 1.428111 0.31496063,5.364763 1.428111 0.31496063,
  5.3743638 1.4271654 0.31496063,5.4717417 1.4271654 0.31496063,
  5.5019685 1.3969386 0.31496063,5.5019685 0.80778622 0.31496063,
  5.4520567 0.75787402 0.31496063,5.3937008 0.75787402 0.31496063,
  5.3937008 0.76771654 0.31496063,4.8425197 0.76771654 0.31496063,
  4.8425197 0.6496063 0.31496063,5.3937008 0.6496063 0.31496063,
  5.3937008 0.65944882 0.31496063,5.4724409 0.65944882 0.31496063,
  5.4820417 0.66039449 0.31496063,5.4820421 0.66039449 0.31496063,
  5.4872378 0.66254685 0.31496063,5.4997819 0.66774252 0.31496063,
  5.4997839 0.66774488 0.31496063,5.5072394 0.67386299 0.31496063,
  5.5859799 0.75260315 0.31496063,5.5921 0.76006063 0.31496063,
  5.599448 0.77780079 0.31496063,5.6003937 0.78740157 0.31496063,
  5.6003937 1.4173228 0.31496063,5.599448 1.4269236 0.31496063,
  5.5921 1.4446638 0.31496063,5.5920976 1.4446661 0.31496063,
  5.5859795 1.4521213 0.31496063,5.5269244 1.5111764 0.31496063,
  5.5194689 1.5172949 0.31496063,5.5194669 1.5172969 0.31496063,
  5.5069228 1.5224929 0.31496063,5.5017272 1.5246449 0.31496063,
  5.5017268 1.5246449 0.31496063,5.492126 1.5255906 0.31496063,
  5.3947484 1.5255906 0.31496063,5.2027563 1.7175827 0.31496063,
  5.2027563 2.8300098 0.31496063,5.3217756 2.9490295 0.31496063,
  5.3228346 2.9488189 0.31496063,5.5433071 2.9488189 0.31496063,
  5.5538535 2.9509165 0.31496063,5.5627941 2.9568909 0.31496063,
  5.5687685 2.9658315 0.31496063,5.5708661 2.976378 0.31496063,
  5.5708661 3.0807087 0.31496063,5.7677165 3.0807087 0.31496063,
  5.7773173 3.0816543 0.31496063,5.7773177 3.0816543 0.31496063,
  5.7779823 3.0819299 0.31496063,5.7815728 3.0798567 0.31496063,
  5.8113551 3.0718768 0.31496063,5.8421882 3.0718768 0.31496063,
  5.8719705 3.0798567 0.31496063,5.8986724 3.0952732 0.31496063,
  5.9204748 3.1170756 0.31496063,5.9358913 3.1437776 0.31496063,
  5.9438713 3.1735598 0.31496063,5.9438713 3.2043929 0.31496063,
  5.9358913 3.2341752 0.31496063,5.9204748 3.2608772 0.31496063,
  5.8986724 3.2826795 0.31496063,5.8719705 3.2980961 0.31496063,
  5.8421882 3.306076 0.31496063,5.8113551 3.306076 0.31496063,
  5.7815728 3.2980961 0.31496063,5.765748 3.1889764 0.31496063,
  5.7703932 3.2123291 0.31496063,5.7836214 3.2321266 0.31496063,
  5.8034189 3.2453549 0.31496063,5.8267717 3.25 0.31496063,
  5.8501244 3.2453549 0.31496063,5.8699219 3.2321266 0.31496063,
  5.8831501 3.2123291 0.31496063,5.8877953 3.1889764 0.31496063,
  5.8831501 3.1656236 0.31496063,5.8699219 3.1458262 0.31496063,
  5.8501244 3.1325979 0.31496063,5.8267717 3.1279528 0.31496063,
  5.8034189 3.1325979 0.31496063,5.7836214 3.1458262 0.31496063,
  5.7703932 3.1656236 0.31496063,3.6614173 0.96456693 0.31496063,
  3.1102362 0.96456693 0.31496063,3.1102362 0.84645669 0.31496063,
  3.6614173 0.84645669 0.31496063,5.3937008 0.96456693 0.31496063,
  4.8425197 0.96456693 0.31496063,4.8425197 0.84645669 0.31496063,
  5.3937008 0.84645669 0.31496063,2.8444921 2.6870079 0.31496063,
  2.8444921 2.9015748 0.31496063,2.8375992 2.9362272 0.31496063,
  2.8179705 2.9656043 0.31496063,2.7885933 2.9852331 0.31496063,
  2.7539409 2.992126 0.31496063,2.4822874 2.992126 0.31496063,
  2.447635 2.9852331 0.31496063,2.4182579 2.9656043 0.31496063,
  2.3986291 2.9362272 0.31496063,2.3917362 2.9015748 0.31496063,
  2.3917362 2.3740157 0.31496063,2.3986291 2.3393634 0.31496063,
  2.4182579 2.3099862 0.31496063,2.447635 2.2903575 0.31496063,
  2.4822874 2.2834646 0.31496063,2.7539409 2.2834646 0.31496063,
  2.7885933 2.2903575 0.31496063,2.8179705 2.3099862 0.31496063,
  2.8375992 2.3393634 0.31496063,2.8444921 2.3740157 0.31496063,
  2.8444921 2.5885827 0.31496063,3.0071752 2.5885827 0.31496063,
  3.0216531 2.5741047 0.31496063,3.0216531 2.3425197 0.31496063,
  3.0242004 2.3297134 0.31496063,3.0314547 2.3188567 0.31496063,
  3.0423114 2.3116024 0.31496063,3.0551177 2.3090551 0.31496063,
  3.322835 2.3090551 0.31496063,3.3356413 2.3116024 0.31496063,
  3.346498 2.3188567 0.31496063,3.3537524 2.3297134 0.31496063,
  3.3562996 2.3425197 0.31496063,3.3562996 2.4271657 0.31496063,
  3.519685 2.4271657 0.31496063,3.519685 2.3700787 0.31496063,
  3.5217827 2.3595323 0.31496063,3.5277571 2.3505917 0.31496063,
  3.5366976 2.3446173 0.31496063,3.5472441 2.3425197 0.31496063,
  3.7689858 2.3425197 0.31496063,3.9527559 2.1587496 0.31496063,
  3.9527559 1.423928 0.31496063,3.6804031 1.1515748 0.31496063,
  3.6614173 1.1515748 0.31496063,3.6614173 1.1614173 0.31496063,
  3.1102362 1.1614173 0.31496063,3.1102362 1.0433071 0.31496063,
  3.6614173 1.0433071 0.31496063,3.6614173 1.0531496 0.31496063,
  3.7007874 1.0531496 0.31496063,3.7103882 1.0540953 0.31496063,
  3.7103886 1.0540953 0.31496063,3.7155843 1.0562476 0.31496063,
  3.7281283 1.0614433 0.31496063,3.7281303 1.0614457 0.31496063,
  3.7355858 1.0675638 0.31496063,4.0367669 1.3687445 0.31496063,
  4.042887 1.376202 0.31496063,4.0428874 1.3762024 0.31496063,
  4.0494941 1.3921524 0.31496063,4.0502354 1.3939421 0.31496063,
  4.0502354 1.3939425 0.31496063,4.0511811 1.4035433 0.31496063,
  4.0511811 2.1791339 0.31496063,4.0502354 2.1887346 0.31496063,
  4.0493516 2.1908681 0.31496063,4.0460268 2.1988957 0.31496063,
  4.0428874 2.2064748 0.31496063,4.042887 2.2064752 0.31496063,
  4.0367669 2.2139327 0.31496063,3.8816791 2.3690205 0.31496063,
  3.8818898 2.3700787 0.31496063,3.8818898 2.5905512 0.31496063,
  3.8797921 2.6010976 0.31496063,3.8738177 2.6100382 0.31496063,
  3.8648772 2.6160126 0.31496063,3.8543307 2.6181102 0.31496063,
  3.5472441 2.6181102 0.31496063,3.5366976 2.6160126 0.31496063,
  3.5277571 2.6100382 0.31496063,3.5217827 2.6010976 0.31496063,
  3.519685 2.5905512 0.31496063,3.519685 2.5255909 0.31496063,
  3.3562996 2.5255909 0.31496063,3.3562996 2.610237 0.31496063,
  3.3537524 2.6230433 0.31496063,3.346498 2.6339 0.31496063,
  3.3356413 2.6411543 0.31496063,3.322835 2.6437016 0.31496063,
  3.09125 2.6437016 0.31496063,3.0623579 2.6725937 0.31496063,
  3.0549024 2.6787122 0.31496063,3.0549004 2.6787142 0.31496063,
  3.0423563 2.6839102 0.31496063,3.0371606 2.6860622 0.31496063,
  3.0371602 2.6860622 0.31496063,3.0275594 2.6870079 0.31496063,
  2.8444921 1.7027559 0.31496063,2.8444921 1.9173228 0.31496063,
  2.8375992 1.9519752 0.31496063,2.8179705 1.9813524 0.31496063,
  2.7885933 2.0009811 0.31496063,2.7539409 2.007874 0.31496063,
  2.4822874 2.007874 0.31496063,2.447635 2.0009811 0.31496063,
  2.4182579 1.9813524 0.31496063,2.3986291 1.9519752 0.31496063,
  2.3917362 1.9173228 0.31496063,2.3917362 1.3897638 0.31496063,
  2.3986291 1.3551114 0.31496063,2.4182579 1.3257343 0.31496063,
  2.447635 1.3061055 0.31496063,2.4822874 1.2992126 0.31496063,
  2.7539409 1.2992126 0.31496063,2.7885933 1.3061055 0.31496063,
  2.8179705 1.3257343 0.31496063,2.8375992 1.3551114 0.31496063,
  2.8444921 1.3897638 0.31496063,2.8444921 1.6043307 0.31496063,
  2.9881894 1.6043307 0.31496063,2.9977902 1.6052764 0.31496063,
  2.9977906 1.6052764 0.31496063,3.0029862 1.6074287 0.31496063,
  3.0155303 1.6126244 0.31496063,3.0155323 1.6126268 0.31496063,
  3.0229878 1.6187449 0.31496063,3.09125 1.6870071 0.31496063,
  3.322835 1.6870071 0.31496063,3.3356413 1.6895543 0.31496063,
  3.346498 1.6968087 0.31496063,3.3537524 1.7076654 0.31496063,
  3.3562996 1.7204717 0.31496063,3.3562996 1.8051177 0.31496063,
  3.519685 1.8051177 0.31496063,3.519685 1.7401575 0.31496063,
  3.5217827 1.729611 0.31496063,3.5277571 1.7206705 0.31496063,
  3.5366976 1.7146961 0.31496063,3.5472441 1.7125984 0.31496063,
  3.6515748 1.7125984 0.31496063,3.6515748 1.4377071 0.31496063,
  3.5721354 1.3582677 0.31496063,3.1102362 1.3582677 0.31496063,
  3.1102362 1.2401575 0.31496063,3.6614173 1.2401575 0.31496063,
  3.6614173 1.3083559 0.31496063,3.7355858 1.3825244 0.31496063,
  3.7417039 1.3899799 0.31496063,3.7417063 1.3899819 0.31496063,
  3.7482295 1.4057303 0.31496063,3.7490543 1.4077217 0.31496063,
  3.7490543 1.407722 0.31496063,3.75 1.4173228 0.31496063,
  3.75 1.7125984 0.31496063,3.8543307 1.7125984 0.31496063,
  3.8648772 1.7146961 0.31496063,3.8738177 1.7206705 0.31496063,
  3.8797921 1.729611 0.31496063,3.8818898 1.7401575 0.31496063,
  3.8818898 1.9606299 0.31496063,3.8797921 1.9711764 0.31496063,
  3.8738177 1.9801169 0.31496063,3.8648772 1.9860913 0.31496063,
  3.8543307 1.988189 0.31496063,3.5472441 1.988189 0.31496063,
  3.5366976 1.9860913 0.31496063,3.5277571 1.9801169 0.31496063,
  3.5217827 1.9711764 0.31496063,3.519685 1.9606299 0.31496063,
  3.519685 1.9035429 0.31496063,3.3562996 1.9035429 0.31496063,
  3.3562996 1.988189 0.31496063,3.3537524 2.0009953 0.31496063,
  3.346498 2.011852 0.31496063,3.3356413 2.0191063 0.31496063,
  3.322835 2.0216535 0.31496063,3.0551177 2.0216535 0.31496063,
  3.0423114 2.0191063 0.31496063,3.0314547 2.011852 0.31496063,
  3.0242004 2.0009953 0.31496063,3.0216531 1.988189 0.31496063,
  3.0216531 1.7566043 0.31496063,2.9678051 1.7027559 0.31496063,
  5.7548709 3.7551205 0.31496063,5.7330685 3.7333181 0.31496063,
  5.717652 3.7066161 0.31496063,5.709672 3.6768339 0.31496063,
  5.709672 3.6460008 0.31496063,5.7164524 3.6206953 0.31496063,
  5.5642614 3.4685039 0.31496063,5.0925197 3.4685039 0.31496063,
  5.0829189 3.4675583 0.31496063,5.0829185 3.4675583 0.31496063,
  5.0777224 3.4654063 0.31496063,5.0651787 3.4602102 0.31496063,
  5.0651764 3.4602083 0.31496063,5.0577213 3.4540898 0.31496063,
  4.9144445 3.3108134 0.31496063,4.9133858 3.3110236 0.31496063,
  4.6929134 3.3110236 0.31496063,4.6918543 3.3108134 0.31496063,
  4.5229874 3.4796803 0.31496063,4.5155319 3.4857988 0.31496063,
  4.5155299 3.4858008 0.31496063,4.5014654 3.4916264 0.31496063,
  4.4977902 3.4931488 0.31496063,4.4977898 3.4931488 0.31496063,
  4.488189 3.4940945 0.31496063,4.0410362 3.4940945 0.31496063,
  4.0314354 3.4931488 0.31496063,4.031435 3.4931488 0.31496063,
  4.0136953 3.4858008 0.31496063,4.0062378 3.4796803 0.31496063,
  3.8923669 3.3658094 0.31496063,3.8862484 3.3583543 0.31496063,
  3.8862465 3.358352 0.31496063,3.8788984 3.3406118 0.31496063,
  3.8779528 3.331011 0.31496063,3.8779528 2.9429134 0.31496063,
  3.8788984 2.9333126 0.31496063,3.8862465 2.9155724 0.31496063,
  3.8862484 2.9155705 0.31496063,3.8923669 2.908115 0.31496063,
  4.0203193 2.7801622 0.31496063,4.0277768 2.7740421 0.31496063,
  4.0277772 2.7740417 0.31496063,4.0381689 2.7697378 0.31496063,
  4.0455169 2.7666937 0.31496063,4.0455173 2.7666937 0.31496063,
  4.0551181 2.765748 0.31496063,4.3921764 2.765748 0.31496063,
  4.639763 2.5181614 0.31496063,4.639763 2.2865764 0.31496063,
  4.6423102 2.2737701 0.31496063,4.6495646 2.2629134 0.31496063,
  4.6604213 2.2556591 0.31496063,4.6732276 2.2531118 0.31496063,
  4.7578736 2.2531118 0.31496063,4.7578736 2.057087 0.31496063,
  4.6732276 2.057087 0.31496063,4.6604213 2.0545398 0.31496063,
  4.6495646 2.0472854 0.31496063,4.6423102 2.0364287 0.31496063,
  4.639763 2.0236224 0.31496063,4.639763 1.9389764 0.31496063,
  4.4724409 1.9389764 0.31496063,4.4724409 1.9606299 0.31496063,
  4.4703433 1.9711764 0.31496063,4.4643689 1.9801169 0.31496063,
  4.4554283 1.9860913 0.31496063,4.4448819 1.988189 0.31496063,
  4.1377953 1.988189 0.31496063,4.1272488 1.9860913 0.31496063,
  4.1183083 1.9801169 0.31496063,4.1123339 1.9711764 0.31496063,
  4.1102362 1.9606299 0.31496063,4.1102362 1.7401575 0.31496063,
  4.1123339 1.729611 0.31496063,4.1183083 1.7206705 0.31496063,
  4.1272488 1.7146961 0.31496063,4.1377953 1.7125984 0.31496063,
  4.4448819 1.7125984 0.31496063,4.4554283 1.7146961 0.31496063,
  4.4643689 1.7206705 0.31496063,4.4703433 1.729611 0.31496063,
  4.4724409 1.7401575 0.31496063,4.4724409 1.8405512 0.31496063,
  4.639763 1.8405512 0.31496063,4.639763 1.7559051 0.31496063,
  4.6423102 1.7430988 0.31496063,4.6495646 1.7322421 0.31496063,
  4.6604213 1.7249878 0.31496063,4.6732276 1.7224406 0.31496063,
  4.7578736 1.7224406 0.31496063,4.7578736 1.4330713 0.31496063,
  4.7588193 1.4234705 0.31496063,4.7588193 1.4234701 0.31496063,
  4.7609713 1.4182744 0.31496063,4.7661673 1.4057303 0.31496063,
  4.7661693 1.4057283 0.31496063,4.7722878 1.3982728 0.31496063,
  4.8425197 1.3280409 0.31496063,4.8425197 1.2401575 0.31496063,
  5.3937008 1.2401575 0.31496063,5.3937008 1.3582677 0.31496063,
  4.9514866 1.3582677 0.31496063,4.8562988 1.4534555 0.31496063,
  4.8562988 1.7224406 0.31496063,4.9409449 1.7224406 0.31496063,
  4.9537512 1.7249878 0.31496063,4.9646079 1.7322421 0.31496063,
  4.9718622 1.7430988 0.31496063,4.9744094 1.7559051 0.31496063,
  4.9744094 2.0236224 0.31496063,4.9718622 2.0364287 0.31496063,
  4.9646079 2.0472854 0.31496063,4.9537512 2.0545398 0.31496063,
  4.9409449 2.057087 0.31496063,4.8562988 2.057087 0.31496063,
  4.8562988 2.2531118 0.31496063,4.9409449 2.2531118 0.31496063,
  4.9537512 2.2556591 0.31496063,4.9646079 2.2629134 0.31496063,
  4.9718622 2.2737701 0.31496063,4.9744094 2.2865764 0.31496063,
  4.9744094 2.5542937 0.31496063,4.9718622 2.5671 0.31496063,
  4.9646079 2.5779567 0.31496063,4.9537512 2.585211 0.31496063,
  4.9409449 2.5877583 0.31496063,4.7093602 2.5877583 0.31496063,
  4.4473591 2.8497591 0.31496063,4.4399035 2.8558776 0.31496063,
  4.4399016 2.8558795 0.31496063,4.4271031 2.8611807 0.31496063,
  4.4221618 2.8632276 0.31496063,4.4221614 2.8632276 0.31496063,
  4.4125606 2.8641732 0.31496063,4.0755028 2.8641732 0.31496063,
  3.976378 2.963298 0.31496063,3.976378 3.3106268 0.31496063,
  4.0614205 3.3956693 0.31496063,4.4678047 3.3956693 0.31496063,
  4.6653543 3.1981197 0.31496063,4.6653543 2.976378 0.31496063,
  4.667452 2.9658315 0.31496063,4.6734264 2.9568909 0.31496063,
  4.6823669 2.9509165 0.31496063,4.6929134 2.9488189 0.31496063,
  4.9133858 2.9488189 0.31496063,4.9239323 2.9509165 0.31496063,
  4.9328728 2.9568909 0.31496063,4.9388472 2.9658315 0.31496063,
  4.9409449 2.976378 0.31496063,4.9409449 3.1981197 0.31496063,
  5.1129039 3.3700787 0.31496063,5.5846457 3.3700787 0.31496063,
  5.5942465 3.3710244 0.31496063,5.5942469 3.3710244 0.31496063,
  5.5994425 3.3731768 0.31496063,5.6119866 3.3783724 0.31496063,
  5.6119886 3.3783748 0.31496063,5.6194441 3.3844929 0.31496063,
  5.7860492 3.5510984 0.31496063,5.8113551 3.5443177 0.31496063,
  5.8421882 3.5443177 0.31496063,5.8719705 3.5522976 0.31496063,
  5.8986724 3.5677142 0.31496063,5.9204748 3.5895165 0.31496063,
  5.9358913 3.6162185 0.31496063,5.9438713 3.6460008 0.31496063,
  5.9438713 3.6768339 0.31496063,5.9358913 3.7066161 0.31496063,
  5.9204748 3.7333181 0.31496063,5.8986724 3.7551205 0.31496063,
  5.8719705 3.770537 0.31496063,5.8421882 3.7785169 0.31496063,
  5.8113551 3.7785169 0.31496063,5.7815728 3.770537 0.31496063,
  5.765748 3.6614173 0.31496063,5.7703932 3.6847701 0.31496063,
  5.7836214 3.7045675 0.31496063,5.8034189 3.7177958 0.31496063,
  5.8267717 3.7224409 0.31496063,5.8501244 3.7177958 0.31496063,
  5.8699219 3.7045675 0.31496063,5.8831501 3.6847701 0.31496063,
  5.8877953 3.6614173 0.31496063,5.8831501 3.6380646 0.31496063,
  5.8699219 3.6182671 0.31496063,5.8501244 3.6050388 0.31496063,
  5.8267717 3.6003937 0.31496063,5.8034189 3.6050388 0.31496063,
  5.7836214 3.6182671 0.31496063,5.7703932 3.6380646 0.31496063,
  3.706678 3.3300587 0.31496063,3.6737205 3.3366142 0.31496063,
  3.5014764 3.3366142 0.31496063,3.4685189 3.3300587 0.31496063,
  3.4405787 3.3113898 0.31496063,3.4219098 3.2834496 0.31496063,
  3.4153543 3.2504921 0.31496063,3.4153543 3.0487205 0.31496063,
  3.4219098 3.015763 0.31496063,3.4405787 2.9878228 0.31496063,
  3.4685189 2.9691539 0.31496063,3.5014764 2.9625984 0.31496063,
  3.6154504 2.9625984 0.31496063,4.1102362 2.4678126 0.31496063,
  4.1102362 2.3700787 0.31496063,4.1123339 2.3595323 0.31496063,
  4.1183083 2.3505917 0.31496063,4.1272488 2.3446173 0.31496063,
  4.1377953 2.3425197 0.31496063,4.4448819 2.3425197 0.31496063,
  4.4554283 2.3446173 0.31496063,4.4643689 2.3505917 0.31496063,
  4.4703433 2.3595323 0.31496063,4.4724409 2.3700787 0.31496063,
  4.4724409 2.5905512 0.31496063,4.4703433 2.6010976 0.31496063,
  4.4643689 2.6100382 0.31496063,4.4554283 2.6160126 0.31496063,
  4.4448819 2.6181102 0.31496063,4.1377953 2.6181102 0.31496063,
  4.1272488 2.6160126 0.31496063,4.1183083 2.6100382 0.31496063,
  4.1138602 2.6033827 0.31496063,3.7315016 2.9857409 0.31496063,
  3.7346181 2.9878228 0.31496063,3.753287 3.015763 0.31496063,
  3.7598425 3.0487205 0.31496063,3.7598425 3.2504921 0.31496063,
  3.753287 3.2834496 0.31496063,3.7346181 3.3113898 0.31496063,
  3.0314961 0.57086654 0.31496063,3.0314961 0.57862244 0.31496063,
  3.036272 0.60263228 0.31496063,3.036272 0.61784016 0.31496063,
  3.0314961 0.64185039 0.31496063,3.0314961 0.6496063 0.31496063,
  3.3267713 0.6496063 0.31496063,3.3267717 0.64960591 0.31496063,
  3.3267717 0.57086654 0.31496063,3.3267713 0.57086614 0.31496063,
  3.0314965 0.57086614 0.31496063,3.4448819 0.57086654 0.31496063,
  3.4448819 0.64960591 0.31496063,3.4448823 0.6496063 0.31496063,
  3.7401575 0.6496063 0.31496063,3.7401575 0.64185157 0.31496063,
  3.7401571 0.64185039 0.31496063,3.7353815 0.61784016 0.31496063,
  3.7353815 0.60263228 0.31496063,3.7401571 0.57862244 0.31496063,
  3.7401575 0.57862126 0.31496063,3.7401575 0.57086654 0.31496063,
  3.7401571 0.57086614 0.31496063,3.4448823 0.57086614 0.31496063,
  3.4448819 0.37401614 0.31496063,3.4448819 0.45275551 0.31496063,
  3.4448823 0.45275591 0.31496063,3.7401575 0.45275591 0.31496063,
  3.7401575 0.44500118 0.31496063,3.7401571 0.445 0.31496063,
  3.735589 0.42203307 0.31496063,3.7181862 0.39598858 0.31496063,
  3.7181846 0.39598701 0.31496063,3.6921402 0.37858425 0.31496063,
  3.6691732 0.37401614 0.31496063,3.669172 0.37401575 0.31496063,
  3.4448823 0.37401575 0.31496063,3.3267713 0.37401575 0.31496063,
  3.1024815 0.37401575 0.31496063,3.1024799 0.37401614 0.31496063,
  3.079513 0.37858425 0.31496063,3.0534685 0.39598701 0.31496063,
  3.0534669 0.39598858 0.31496063,3.0360642 0.42203307 0.31496063,
  3.0314961 0.445 0.31496063,3.0314961 0.45275591 0.31496063,
  3.3267713 0.45275591 0.31496063,3.3267717 0.45275551 0.31496063,
  3.3267717 0.37401614 0.31496063,3.3267717 0.25590551 0.31496063,
  3.3303331 0.27610355 0.31496063,3.3405879 0.29386541 0.31496063,
  3.3562992 0.30704874 0.31496063,3.375572 0.31406345 0.31496063,
  3.3960816 0.31406345 0.31496063,3.4153543 0.30704874 0.31496063,
  3.4310656 0.29386541 0.31496063,3.4413204 0.27610355 0.31496063,
  3.4448819 0.25590551 0.31496063,3.4413204 0.23570747 0.31496063,
  3.4310656 0.21794561 0.31496063,3.4153543 0.20476228 0.31496063,
  3.3960816 0.19774757 0.31496063,3.375572 0.19774757 0.31496063,
  3.3562992 0.20476228 0.31496063,3.3405879 0.21794561 0.31496063,
  3.3303331 0.23570747 0.31496063,5.3622531 2.8895673 0.31496063,
  5.3561559 2.8890874 0.31496063,5.3346933 2.8781524 0.31496063,
  5.2734197 2.8168783 0.31496063,5.269452 2.8122323 0.31496063,
  5.2620083 2.7893224 0.31496063,5.2620083 2.7054748 0.31496063,
  5.2639157 2.6934303 0.31496063,5.2780748 2.6739421 0.31496063,
  5.3009846 2.6664984 0.31496063,5.3291339 2.6664984 0.31496063,
  5.3291343 2.666498 0.31496063,5.3291343 2.5877583 0.31496063,
  5.2952756 2.5877583 0.31496063,5.2824693 2.585211 0.31496063,
  5.2716126 2.5779567 0.31496063,5.2643583 2.5671 0.31496063,
  5.261811 2.5542937 0.31496063,5.261811 2.2865764 0.31496063,
  5.2643583 2.2737701 0.31496063,5.2716126 2.2629134 0.31496063,
  5.2824693 2.2556591 0.31496063,5.2952756 2.2531118 0.31496063,
  5.5629929 2.2531118 0.31496063,5.5757992 2.2556591 0.31496063,
  5.5866559 2.2629134 0.31496063,5.5939102 2.2737701 0.31496063,
  5.5964575 2.2865764 0.31496063,5.5964575 2.5542937 0.31496063,
  5.5939102 2.5671 0.31496063,5.5866559 2.5779567 0.31496063,
  5.5757992 2.585211 0.31496063,5.5629929 2.5877583 0.31496063,
  5.5291343 2.5877583 0.31496063,5.5291343 2.6650744 0.31496063,
  5.5299854 2.6659256 0.31496063,5.5303161 2.6664984 0.31496063,
  5.5797469 2.6664984 0.31496063,5.5864543 2.6657205 0.31496063,
  5.6029894 2.6673685 0.31496063,5.6224776 2.6815276 0.31496063,
  5.6299213 2.7044374 0.31496063,5.6299213 2.8581181 0.31496063,
  5.6298008 2.8611807 0.31496063,5.6205795 2.8834346 0.31496063,
  5.6000394 2.8960185 0.31496063,5.5811087 2.8945268 0.31496063,
  5.5809445 2.8953524 0.31496063,5.5518598 2.8895677 0.31496063,
  5.5518591 2.8895677 0.31496063,5.5518575 2.8895673 0.31496063,
  5.5518559 2.8895673 0.31496063,5.3772272 2.7378264 0.31496063,
  5.3807886 2.7580244 0.31496063,5.3910434 2.7757863 0.31496063,
  5.4067547 2.7889696 0.31496063,5.4260275 2.7959843 0.31496063,
  5.4465371 2.7959843 0.31496063,5.4658098 2.7889696 0.31496063,
  5.4815211 2.7757863 0.31496063,5.4917759 2.7580244 0.31496063,
  5.4953374 2.7378264 0.31496063,5.4917759 2.7176283 0.31496063,
  5.4815211 2.6998665 0.31496063,5.4658098 2.6866831 0.31496063,
  5.4465371 2.6796684 0.31496063,5.4260275 2.6796684 0.31496063,
  5.4067547 2.6866831 0.31496063,5.3910434 2.6998665 0.31496063,
  5.3807886 2.7176283 0.31496063,5.7677165 1.8700787 0.31496063,
  5.7641551 1.8498807 0.31496063,5.7539003 1.8321188 0.31496063,
  5.738189 1.8189355 0.31496063,5.7189162 1.8119208 0.31496063,
  5.6984066 1.8119208 0.31496063,5.6791339 1.8189355 0.31496063,
  5.6634226 1.8321188 0.31496063,5.6531678 1.8498807 0.31496063,
  5.6496063 1.8700787 0.31496063,5.6531678 1.8902768 0.31496063,
  5.6634226 1.9080386 0.31496063,5.6791339 1.921222 0.31496063,
  5.6984066 1.9282367 0.31496063,5.7189162 1.9282367 0.31496063,
  5.738189 1.921222 0.31496063,5.7539003 1.9080386 0.31496063,
  5.7641551 1.8902768 0.31496063,1.3618292 0.27610355 0.31496063,
  1.372084 0.29386541 0.31496063,1.3877953 0.30704874 0.31496063,
  1.407068 0.31406345 0.31496063,1.4275776 0.31406345 0.31496063,
  1.4468504 0.30704874 0.31496063,1.4625617 0.29386541 0.31496063,
  1.4728165 0.27610355 0.31496063,1.476378 0.25590551 0.31496063,
  1.4728165 0.23570747 0.31496063,1.4625617 0.21794561 0.31496063,
  1.4468504 0.20476228 0.31496063,1.4275776 0.19774757 0.31496063,
  1.407068 0.19774757 0.31496063,1.3877953 0.20476228 0.31496063,
  1.372084 0.21794561 0.31496063,1.3618292 0.23570747 0.31496063,
  1.3582677 0.25590551 0.31496063,2.7066929 0.30704874 0.31496063,
  2.7224042 0.29386541 0.31496063,2.732659 0.27610355 0.31496063,
  2.7362205 0.25590551 0.31496063,2.732659 0.23570747 0.31496063,
  2.7224042 0.21794561 0.31496063,2.7066929 0.20476228 0.31496063,
  2.6874202 0.19774757 0.31496063,2.6669105 0.19774757 0.31496063,
  2.6476378 0.20476228 0.31496063,2.6319265 0.21794561 0.31496063,
  2.6216717 0.23570747 0.31496063,2.6181102 0.25590551 0.31496063,
  2.6216717 0.27610355 0.31496063,2.6319265 0.29386541 0.31496063,
  2.6476378 0.30704874 0.31496063,2.6669105 0.31406345 0.31496063,
  2.6874202 0.31406345 0.31496063,2.1729004 1.0960437 0.31496063,
  2.2082524 1.0606917 0.31496063,2.2302102 1.0157764 0.31496063,
  2.2344528 0.98665748 0.31496063,2.2344528 0.6496063 0.31496063,
  2.2344528 0.64185039 0.31496063,2.2344528 0.45275591 0.31496063,
  2.2344528 0.445 0.31496063,2.2344528 0.43066535 0.31496063,
  2.2302102 0.40154646 0.31496063,2.2082524 0.3566311 0.31496063,
  2.1729004 0.32127913 0.31496063,2.127985 0.29932126 0.31496063,
  2.0988661 0.29507874 0.31496063,2.0988646 0.29507874 0.31496063,
  1.7987807 0.29507874 0.31496063,1.7987795 0.29507874 0.31496063,
  1.7696606 0.29932126 0.31496063,1.7247453 0.32127913 0.31496063,
  1.6893933 0.3566311 0.31496063,1.6674354 0.40154646 0.31496063,
  1.6631929 0.43066535 0.31496063,1.6631929 0.98665748 0.31496063,
  1.6674354 1.0157764 0.31496063,1.6818268 1.0452146 0.31496063,
  1.6893929 1.0606913 0.31496063,1.7247457 1.0960441 0.31496063,
  1.7696614 1.118002 0.31496063,1.7703543 1.1181028 0.31496063,
  1.7824272 1.1219433 0.31496063,1.7994606 1.1389768 0.31496063,
  1.8032287 1.1627689 0.31496063,1.7922929 1.1842323 0.31496063,
  1.726787 1.2497382 0.31496063,1.7059594 1.2605681 0.31496063,
  1.6821087 1.2571941 0.31496063,1.6555362 1.2442031 0.31496063,
  1.6264173 1.2399606 0.31496063,1.6264157 1.2399606 0.31496063,
  1.3263319 1.2399606 0.31496063,1.3263307 1.2399606 0.31496063,
  1.2972118 1.2442031 0.31496063,1.2522965 1.266161 0.31496063,
  1.2169445 1.301513 0.31496063,1.1949866 1.3464283 0.31496063,
  1.1907441 1.3755472 0.31496063,1.1906331 1.3763091 0.31496063,
  1.1813004 1.396465 0.31496063,1.1605661 1.4087272 0.31496063,
  1.1365843 1.4064602 0.31496063,1.1185157 1.3905311 0.31496063,
  1.0913984 1.3446776 0.31496063,1.0470508 1.3003299 0.31496063,
  1.0115807 1.2793531 0.31496063,0.99918622 1.2677138 0.31496063,
  0.99246575 1.2445815 0.31496063,1.0006252 1.2219169 0.31496063,
  1.0205484 1.2083768 0.31496063,1.0422768 1.2020642 0.31496063,
  1.0422776 1.2020638 0.31496063,1.0962579 1.1701398 0.31496063,
  1.0962583 1.1701394 0.31496063,1.0962594 1.1701386 0.31496063,
  1.1406071 1.1257909 0.31496063,1.1406075 1.1257902 0.31496063,
  1.1406079 1.1257898 0.31496063,1.1581992 1.0960441 0.31496063,
  1.1725327 1.0718079 0.31496063,1.1900303 1.0115811 0.31496063,
  1.1911378 0.99750866 0.31496063,1.1911378 0.41981417 0.31496063,
  1.1900303 0.40574173 0.31496063,1.1725327 0.34551496 0.31496063,
  1.1406071 0.29153189 0.31496063,1.0962594 0.24718425 0.31496063,
  1.0422764 0.21525866 0.31496063,0.98204961 0.19776102 0.31496063,
  0.96797717 0.19665354 0.31496063,0.96797559 0.19665354 0.31496063,
  0.64618976 0.19665354 0.31496063,0.64618819 0.19665354 0.31496063,
  0.63211575 0.19776102 0.31496063,0.57188898 0.21525866 0.31496063,
  0.5718878 0.21525945 0.31496063,0.5718874 0.21525945 0.31496063,
  0.51790709 0.24718346 0.31496063,0.51790669 0.24718386 0.31496063,
  0.51790591 0.24718425 0.31496063,0.47355827 0.29153189 0.31496063,
  0.47355748 0.29153307 0.31496063,0.47355709 0.29153346 0.31496063,
  0.44163307 0.34551378 0.31496063,0.44163268 0.34551535 0.31496063,
  0.43840276 0.35663189 0.31496063,0.42413504 0.40574173 0.31496063,
  0.42413465 0.40574213 0.31496063,0.42413465 0.40574331 0.31496063,
  0.42302756 0.41981575 0.31496063,0.42302756 0.48838583 0.31496063,
  0.42112008 0.50043031 0.31496063,0.40696102 0.5199185 0.31496063,
  0.38405118 0.5273622 0.31496063,0.35589134 0.5273622 0.31496063,
  0.35212953 0.52718031 0.31496063,0.33004488 0.51756024 0.31496063,
  0.30545354 0.49577402 0.31496063,0.24615157 0.46464961 0.31496063,
  0.18112441 0.44862205 0.31496063,0.18112323 0.44862205 0.31496063,
  0.11415118 0.44862205 0.31496063,0.11370079 0.44867677 0.31496063,
  0.11134961 0.4488189 0.31496063,0.10826772 0.4488189 0.31496063,
  0.0098425197 0.4488189 0.31496063,0.0098425197 0.0098425197 0.31496063,
  5.8562992 0.0098425197 0.31496063,5.9547244 0.0098425197 0.31496063,
  5.9547244 2.0472441 0.31496063,5.915748 2.0472441 0.31496063,
  5.714174 2.0472441 0.31496063,5.7021295 2.0453366 0.31496063,
  5.6826413 2.0311776 0.31496063,5.6751976 2.0082677 0.31496063,
  5.6751976 1.9897642 0.31496063,5.6751972 1.9897638 0.31496063,
  5.5964575 1.9897638 0.31496063,5.5964575 2.0236224 0.31496063,
  5.5939102 2.0364287 0.31496063,5.5866559 2.0472854 0.31496063,
  5.5757992 2.0545398 0.31496063,5.5629929 2.057087 0.31496063,
  5.2952756 2.057087 0.31496063,5.2824693 2.0545398 0.31496063,
  5.2716126 2.0472854 0.31496063,5.2643583 2.0364287 0.31496063,
  5.261811 2.0236224 0.31496063,5.261811 1.7559051 0.31496063,
  5.2643583 1.7430988 0.31496063,5.2716126 1.7322421 0.31496063,
  5.2824693 1.7249878 0.31496063,5.2952756 1.7224406 0.31496063,
  5.5629929 1.7224406 0.31496063,5.5757992 1.7249878 0.31496063,
  5.5866559 1.7322421 0.31496063,5.5939102 1.7430988 0.31496063,
  5.5964575 1.7559051 0.31496063,5.5964575 1.7897638 0.31496063,
  5.6233724 1.7897638 0.31496063,5.6367606 1.7763756 0.31496063,
  5.6634626 1.7609591 0.31496063,5.6751976 1.757815 0.31496063,
  5.6751976 1.7391508 0.31496063,5.6751972 1.7391484 0.31496063,
  5.6741094 1.7297724 0.31496063,5.6571646 1.6913961 0.31496063,
  5.627502 1.6617335 0.31496063,5.5891256 1.6447886 0.31496063,
  5.5797496 1.6437008 0.31496063,5.5797472 1.6437004 0.31496063,
  5.5654291 1.6437004 0.31496063,5.5638996 1.6436705 0.31496063,
  5.5412996 1.6353331 0.31496063,5.5279161 1.6153043 0.31496063,
  5.5288614 1.5912343 0.31496063,5.5437744 1.5723165 0.31496063,
  5.548298 1.5692941 0.31496063,5.5621614 1.5600311 0.31496063,
  5.562165 1.5600283 0.31496063,5.5703244 1.5545764 0.31496063,
  5.5703248 1.5545756 0.31496063,5.5742413 1.5487142 0.31496063,
  5.5790886 1.5428075 0.31496063,5.6176106 1.5042854 0.31496063,
  5.6235169 1.4994386 0.31496063,5.6293795 1.4955213 0.31496063,
  5.6354299 1.4864661 0.31496063,5.6354307 1.4864654 0.31496063,
  5.6421709 1.476378 0.31496063,5.6533524 1.4596437 0.31496063,
  5.6533524 1.4596433 0.31496063,5.6533528 1.4596409 0.31496063,
  5.6539118 1.457798 0.31496063,5.6541008 1.4558791 0.31496063,
  5.6617705 1.4173228 0.31496063,5.6604051 1.4104598 0.31496063,
  5.6603945 1.4104059 0.31496063,5.6596457 1.402802 0.31496063,
  5.6596457 0.80192323 0.31496063,5.6603945 0.79432008 0.31496063,
  5.6609669 0.79144134 0.31496063,5.6617705 0.78740157 0.31496063,
  5.6596457 0.77671969 0.31496063,5.6596457 0.77671929 0.31496063,
  5.6533524 0.74508071 0.31496063,5.6293795 0.70920315 0.31496063,
  5.6235154 0.70528543 0.31496063,5.6176114 0.70044055 0.31496063,
  5.559402 0.6422311 0.31496063,5.5545567 0.63632677 0.31496063,
  5.5506394 0.63046299 0.31496063,5.5458047 0.62723307 0.31496063,
  5.5458035 0.6272315 0.31496063,5.5415831 0.62441181 0.31496063,
  5.5415835 0.62441181 0.31496063,5.5406094 0.62376102 0.31496063,
  5.5147618 0.60649016 0.31496063,5.5038079 0.60431142 0.31496063,
  5.4993728 0.60315394 0.31496063,5.4798846 0.58899488 0.31496063,
  5.4747421 0.57316811 0.31496063,5.4724406 0.57086614 0.31496063,
  4.7637799 0.57086614 0.31496063,4.7637795 0.57086654 0.31496063,
  4.7637795 0.57862244 0.31496063,4.7683476 0.60158937 0.31496063,
  4.7773413 0.61504882 0.31496063,4.7803264 0.62037795 0.31496063,
  4.7828665 0.64180709 0.31496063,4.7834555 0.64186496 0.31496063,
  4.7832677 0.64377283 0.31496063,4.7832677 0.77355433 0.31496063,
  4.7867055 0.79083543 0.31496063,4.7872598 0.79217283 0.31496063,
  4.7891488 0.79798622 0.31496063,4.7874508 0.81957323 0.31496063,
  4.7874547 0.81957362 0.31496063,4.787448 0.81960709 0.31496063,
  4.7872598 0.82200039 0.31496063,4.7867055 0.82333819 0.31496063,
  4.7832677 0.84061929 0.31496063,4.7832677 0.97040079 0.31496063,
  4.7834555 0.97230827 0.31496063,4.78345 0.97230906 0.31496063,
  4.7838799 0.97593976 0.31496063,4.7773413 0.99912441 0.31496063,
  4.7683476 1.0125843 0.31496063,4.7637795 1.0355512 0.31496063,
  4.7637795 1.0433071 0.31496063,5.138189 1.0433071 0.31496063,
  5.3937008 1.0433071 0.31496063,5.3937008 1.1614173 0.31496063,
  4.8425197 1.1614173 0.31496063,4.7637799 1.1614173 0.31496063,
  4.7637795 1.1614177 0.31496063,4.7637795 1.1691736 0.31496063,
  4.7683476 1.1921406 0.31496063,4.7773413 1.2056 0.31496063,
  4.7803264 1.2109291 0.31496063,4.7828665 1.2323587 0.31496063,
  4.7834555 1.2324165 0.31496063,4.7832673 1.234324 0.31496063,
  4.7832673 1.2873539 0.31496063,4.7827874 1.2934508 0.31496063,
  4.771852 1.314913 0.31496063,4.7406555 1.3461098 0.31496063,
  4.7347512 1.3509551 0.31496063,4.7288878 1.3548728 0.31496063,
  4.7227205 1.3641024 0.31496063,4.7150736 1.3755472 0.31496063,
  4.7050622 1.3905299 0.31496063,4.704915 1.39075 0.31496063,
  4.6981555 1.4247319 0.31496063,4.6981535 1.4247398 0.31496063,
  4.6964969 1.4330705 0.31496063,4.6964969 1.4330717 0.31496063,
  4.6978728 1.4399898 0.31496063,4.6986217 1.4475929 0.31496063,
  4.6986217 1.6244618 0.31496063,4.6977154 1.6328173 0.31496063,
  4.6855335 1.6535988 0.31496063,4.6658524 1.6622059 0.31496063,
  4.6659736 1.6628146 0.31496063,4.6454795 1.6668917 0.31496063,
  4.6370512 1.6685681 0.31496063,4.6063827 1.6890602 0.31496063,
  4.6009453 1.697198 0.31496063,4.593172 1.7088311 0.31496063,
  4.5913732 1.7113067 0.31496063,4.5713441 1.7246898 0.31496063,
  4.547274 1.7237441 0.31496063,4.5283567 1.7088307 0.31496063,
  4.5266563 1.7062862 0.31496063,4.5266563 1.7062854 0.31496063,
  4.5074693 1.6775701 0.31496063,4.4787539 1.6583831 0.31496063,
  4.4627161 1.6551933 0.31496063,4.4534346 1.6533472 0.31496063,
  4.4534339 1.6533472 0.31496063,4.4534323 1.6533469 0.31496063,
  4.1494071 1.6533469 0.31496063,4.137365 1.6514394 0.31496063,
  4.1178768 1.6372803 0.31496063,4.1104331 1.6143705 0.31496063,
  4.1104331 1.418063 0.31496063,4.1111819 1.4104598 0.31496063,
  4.1125575 1.4035437 0.31496063,4.1105799 1.3936012 0.31496063,
  4.1105787 1.3935941 0.31496063,4.1104331 1.3928618 0.31496063,
  4.1104331 1.392861 0.31496063,4.110013 1.39075 0.31496063,
  4.1050484 1.3657894 0.31496063,4.1047134 1.3641055 0.31496063,
  4.1041398 1.3612224 0.31496063,4.0865134 1.3348425 0.31496063,
  4.0801669 1.3253449 0.31496063,4.0743028 1.3214272 0.31496063,
  4.0683988 1.3165823 0.31496063,3.7877484 1.0359319 0.31496063,
  3.7829031 1.0300276 0.31496063,3.7789858 1.0241638 0.31496063,
  3.7741512 1.0209339 0.31496063,3.77415 1.0209323 0.31496063,
  3.7689555 1.0174614 0.31496063,3.7399161 0.99805787 0.31496063,
  3.7403492 0.99740945 0.31496063,3.728113 0.98776299 0.31496063,
  3.7206693 0.96485315 0.31496063,3.7206693 0.84062402 0.31496063,
  3.7204815 0.83871811 0.31496063,3.7204866 0.83871772 0.31496063,
  3.7200563 0.83508346 0.31496063,3.7265953 0.81189921 0.31496063,
  3.735589 0.79843976 0.31496063,3.7401571 0.77547283 0.31496063,
  3.7401575 0.77547165 0.31496063,3.7401575 0.76771693 0.31496063,
  3.7401571 0.76771654 0.31496063,3.0314965 0.76771654 0.31496063,
  3.0314961 0.76771693 0.31496063,3.0314961 0.77547283 0.31496063,
  3.0360642 0.79843976 0.31496063,3.0450579 0.81189921 0.31496063,
  3.0480429 0.81722835 0.31496063,3.0505831 0.83865748 0.31496063,
  3.051172 0.83871535 0.31496063,3.0509843 0.84062323 0.31496063,
  3.0509843 0.97040472 0.31496063,3.054422 0.98768583 0.31496063,
  3.0549764 0.98902323 0.31496063,3.0568654 0.99483661 0.31496063,
  3.0551673 1.0164236 0.31496063,3.0551713 1.016424 0.31496063,
  3.0551646 1.0164575 0.31496063,3.0549764 1.0188508 0.31496063,
  3.054422 1.0201886 0.31496063,3.0509843 1.0374697 0.31496063,
  3.0509843 1.1672551 0.31496063,3.054422 1.1845362 0.31496063,
  3.0549764 1.1858736 0.31496063,3.0568654 1.191687 0.31496063,
  3.0551673 1.213274 0.31496063,3.0551713 1.2132744 0.31496063,
  3.0551646 1.2133079 0.31496063,3.0549764 1.2157012 0.31496063,
  3.054422 1.217039 0.31496063,3.0509843 1.2343201 0.31496063,
  3.0509843 1.3641055 0.31496063,3.054422 1.3813862 0.31496063,
  3.0544228 1.3813878 0.31496063,3.0675173 1.400985 0.31496063,
  3.0675189 1.4009866 0.31496063,3.0871161 1.4140811 0.31496063,
  3.0871177 1.4140819 0.31496063,3.1043984 1.4175197 0.31496063,
  3.5314472 1.4175197 0.31496063,3.5375449 1.4179996 0.31496063,
  3.5590079 1.4289358 0.31496063,3.5809067 1.450835 0.31496063,
  3.5848787 1.4554854 0.31496063,3.5923224 1.4783953 0.31496063,
  3.5923224 1.6143705 0.31496063,3.5904146 1.6264157 0.31496063,
  3.5762551 1.6459035 0.31496063,3.5533461 1.6533469 0.31496063,
  3.5386933 1.6533465 0.31496063,3.5196587 1.6571327 0.31496063,
  3.5133717 1.6583831 0.31496063,3.4861858 1.6765484 0.31496063,
  3.4846567 1.6775701 0.31496063,3.4846555 1.6775717 0.31496063,
  3.4774681 1.6883283 0.31496063,3.4703646 1.6963197 0.31496063,
  3.4481067 1.7055311 0.31496063,3.4246854 1.6999008 0.31496063,
  3.4134413 1.6867283 0.31496063,3.4123051 1.6874874 0.31496063,
  3.4101717 1.6842953 0.31496063,3.410172 1.6842953 0.31496063,
  3.3896799 1.6536268 0.31496063,3.3590114 1.6331346 0.31496063,
  3.3319673 1.6277551 0.31496063,3.3319669 1.6277551 0.31496063,
  3.1319382 1.6277551 0.31496063,3.1258413 1.6272752 0.31496063,
  3.104378 1.6163394 0.31496063,3.0751528 1.5871146 0.31496063,
  3.0703063 1.5812098 0.31496063,3.0663878 1.5753449 0.31496063,
  3.0615539 1.5721154 0.31496063,3.0615524 1.5721138 0.31496063,
  3.0573319 1.5692941 0.31496063,3.0573319 1.5692937 0.31496063,
  3.0470339 1.562413 0.31496063,3.0305102 1.551372 0.31496063,
  2.9988717 1.5450787 0.31496063,2.9988713 1.5450787 0.31496063,
  2.9881894 1.5429539 0.31496063,2.9812717 1.5443303 0.31496063,
  2.9736681 1.5450787 0.31496063,2.9427205 1.5450787 0.31496063,
  2.930676 1.5431713 0.31496063,2.9111878 1.5290122 0.31496063,
  2.9037441 1.5061024 0.31496063,2.9037441 1.3755472 0.31496063,
  2.8995016 1.3464283 0.31496063,2.8775437 1.301513 0.31496063,
  2.8421917 1.266161 0.31496063,2.7972764 1.2442031 0.31496063,
  2.7681575 1.2399606 0.31496063,2.7681559 1.2399606 0.31496063,
  2.468072 1.2399606 0.31496063,2.4680709 1.2399606 0.31496063,
  2.438952 1.2442031 0.31496063,2.3940366 1.266161 0.31496063,
  2.3586846 1.301513 0.31496063,2.3367268 1.3464283 0.31496063,
  2.3324843 1.3755472 0.31496063,2.3324843 1.9315394 0.31496063,
  2.3367268 1.9606583 0.31496063,2.3400122 1.9673787 0.31496063,
  2.3586843 2.0055732 0.31496063,2.394037 2.040926 0.31496063,
  2.438952 2.0628835 0.31496063,2.443235 2.0635075 0.31496063,
  2.4680709 2.067126 0.31496063,2.7681575 2.067126 0.31496063,
  2.7972764 2.0628835 0.31496063,2.8421917 2.0409256 0.31496063,
  2.8775437 2.0055736 0.31496063,2.8885114 1.9831386 0.31496063,
  2.8898992 1.9805524 0.31496063,2.9079059 1.9645512 0.31496063,
  2.9318787 1.9621902 0.31496063,2.952661 1.9743709 0.31496063,
  2.9618894 1.9954705 0.31496063,2.9620272 1.9954429 0.31496063,
  2.9621516 1.9960701 0.31496063,2.9623142 1.9964409 0.31496063,
  2.9624008 1.997322 0.31496063,2.9677803 2.0243646 0.31496063,
  2.9677811 2.0243665 0.31496063,2.988272 2.0550331 0.31496063,
  2.9882736 2.0550346 0.31496063,3.0189402 2.0755256 0.31496063,
  3.0189421 2.0755264 0.31496063,3.0459811 2.0809051 0.31496063,
  3.045985 2.0809055 0.31496063,3.0459854 2.0809055 0.31496063,
  3.3319673 2.0809055 0.31496063,3.3319713 2.0809051 0.31496063,
  3.3590102 2.0755264 0.31496063,3.3590122 2.0755256 0.31496063,
  3.3769984 2.0635075 0.31496063,3.3896799 2.0550339 0.31496063,
  3.410172 2.0243654 0.31496063,3.410172 2.0243646 0.31496063,
  3.4110634 2.022213 0.31496063,3.4164638 2.012998 0.31496063,
  3.4364921 1.9996142 0.31496063,3.4605626 2.0005591 0.31496063,
  3.4794803 2.0154713 0.31496063,3.4846551 2.0232157 0.31496063,
  3.4846575 2.0232181 0.31496063,3.5133713 2.0424043 0.31496063,
  3.5133724 2.0424047 0.31496063,3.5386909 2.0474406 0.31496063,
  3.5386949 2.0474409 0.31496063,3.8545276 2.0474409 0.31496063,
  3.866572 2.0493484 0.31496063,3.8860602 2.0635075 0.31496063,
  3.8935039 2.0864173 0.31496063,3.8935039 2.1180614 0.31496063,
  3.893024 2.1241587 0.31496063,3.8820882 2.145622 0.31496063,
  3.7558579 2.2718524 0.31496063,3.7512071 2.2758244 0.31496063,
  3.7282972 2.2832681 0.31496063,3.5386933 2.2832677 0.31496063,
  3.5196587 2.2870539 0.31496063,3.5133717 2.2883043 0.31496063,
  3.4863768 2.3063421 0.31496063,3.4846567 2.3074913 0.31496063,
  3.4846555 2.3074929 0.31496063,3.4846551 2.3074933 0.31496063,
  3.4794807 2.315237 0.31496063,3.4723846 2.323222 0.31496063,
  3.4501287 2.3324386 0.31496063,3.4267063 2.3268138 0.31496063,
  3.411063 2.3084953 0.31496063,3.4101724 2.3063469 0.31496063,
  3.410172 2.3063433 0.31496063,3.3896799 2.2756748 0.31496063,
  3.3590114 2.2551827 0.31496063,3.3319673 2.2498031 0.31496063,
  3.3319669 2.2498031 0.31496063,3.0459858 2.2498031 0.31496063,
  3.0459854 2.2498031 0.31496063,3.0459831 2.2498039 0.31496063,
  3.0459811 2.2498039 0.31496063,3.0373012 2.2515307 0.31496063,
  3.0189413 2.2551827 0.31496063,2.9882728 2.2756748 0.31496063,
  2.9815299 2.2857661 0.31496063,2.9677811 2.3063425 0.31496063,
  2.9677803 2.3063437 0.31496063,2.9671201 2.3096638 0.31496063,
  2.9559937 2.3300705 0.31496063,2.9343524 2.34065 0.31496063,
  2.910626 2.3364886 0.31496063,2.8938776 2.3191768 0.31496063,
  2.8775437 2.285765 0.31496063,2.8421917 2.250413 0.31496063,
  2.7972764 2.2284551 0.31496063,2.7681575 2.2242126 0.31496063,
  2.7681559 2.2242126 0.31496063,2.468072 2.2242126 0.31496063,
  2.4680709 2.2242126 0.31496063,2.438952 2.2284551 0.31496063,
  2.3940366 2.250413 0.31496063,2.3586846 2.285765 0.31496063,
  2.3367268 2.3306803 0.31496063,2.3324843 2.3597992 0.31496063,
  2.3324843 2.9157913 0.31496063,2.3367268 2.9449102 0.31496063,
  2.3577882 2.9879921 0.31496063,2.3586843 2.9898252 0.31496063,
  2.394037 3.025178 0.31496063,2.438952 3.0471354 0.31496063,
  2.4389516 3.0471354 0.31496063,2.4680709 3.051378 0.31496063,
  2.7681575 3.051378 0.31496063,2.7972764 3.0471354 0.31496063,
  2.8421917 3.0251776 0.31496063,2.8775437 2.9898256 0.31496063,
  2.8995016 2.9449102 0.31496063,2.9037441 2.9157913 0.31496063,
  2.9037441 2.9157902 0.31496063,2.9037441 2.7852362 0.31496063,
  2.9056516 2.7731917 0.31496063,2.9198106 2.7537035 0.31496063,
  2.9427205 2.7462598 0.31496063,3.0130382 2.7462598 0.31496063,
  3.0206421 2.7470087 0.31496063,3.0275594 2.7483846 0.31496063,
  3.0275598 2.7483846 0.31496063,3.0275602 2.7483846 0.31496063,
  3.0358909 2.746728 0.31496063,3.0358988 2.746726 0.31496063,
  3.0698803 2.7399665 0.31496063,3.0798972 2.7332732 0.31496063,
  3.0975949 2.7214484 0.31496063,3.0975984 2.7214457 0.31496063,
  3.1057579 2.7159937 0.31496063,3.1057587 2.7159925 0.31496063,
  3.1073819 2.7143693 0.31496063,3.1120327 2.7103972 0.31496063,
  3.1349425 2.7029535 0.31496063,3.3319669 2.7029535 0.31496063,
  3.3319673 2.7029535 0.31496063,3.3319713 2.7029531 0.31496063,
  3.3590102 2.6975744 0.31496063,3.3590122 2.6975736 0.31496063,
  3.3892602 2.6773622 0.31496063,3.3896799 2.6770819 0.31496063,
  3.3961701 2.6673685 0.31496063,3.4123051 2.6432213 0.31496063,
  3.4124508 2.6433189 0.31496063,3.4144512 2.6399055 0.31496063,
  3.4344799 2.6265224 0.31496063,3.4585504 2.6274673 0.31496063,
  3.4774677 2.6423803 0.31496063,3.4846551 2.653137 0.31496063,
  3.4846575 2.6531394 0.31496063,3.5133713 2.6723256 0.31496063,
  3.5133724 2.672326 0.31496063,3.5386909 2.6773618 0.31496063,
  3.5386949 2.6773622 0.31496063,3.7227937 2.6773622 0.31496063,
  3.7404886 2.6816102 0.31496063,3.757522 2.6986437 0.31496063,
  3.7612902 2.7224358 0.31496063,3.7503543 2.7438992 0.31496063,
  3.6023224 2.8919311 0.31496063,3.5976713 2.8959031 0.31496063,
  3.5747618 2.9033469 0.31496063,3.4876791 2.9033465 0.31496063,
  3.4594224 2.9074634 0.31496063,3.4158346 2.928772 0.31496063,
  3.381528 2.9630787 0.31496063,3.3684524 2.9898256 0.31496063,
  3.3602193 3.0066661 0.31496063,3.3561028 3.0349244 0.31496063,
  3.3561024 3.0349256 0.31496063,3.3561024 3.2642882 0.31496063,
  3.3602193 3.2925469 0.31496063,3.381528 3.3361339 0.31496063,
  3.4158346 3.3704406 0.31496063,3.4594217 3.3917492 0.31496063,
  3.4782602 3.3944937 0.31496063,3.4876795 3.3958657 0.31496063,
  3.4876799 3.3958661 0.31496063,3.4876811 3.3958661 0.31496063,
  3.6875161 3.3958661 0.31496063,3.6875177 3.3958661 0.31496063,
  3.7101228 3.3925728 0.31496063,3.7157748 3.3917492 0.31496063,
  3.7157744 3.3917492 0.31496063,3.7593622 3.3704406 0.31496063,
  3.7631728 3.3666299 0.31496063,3.773039 3.3594622 0.31496063,
  3.7968315 3.3556953 0.31496063,3.8182941 3.3666323 0.31496063,
  3.8222815 3.3706201 0.31496063,3.8271272 3.3765244 0.31496063,
  3.8489677 3.4092106 0.31496063,3.8489681 3.4092106 0.31496063,
  3.8548303 3.413128 0.31496063,3.860735 3.4179736 0.31496063,
  3.9540736 3.5113122 0.31496063,3.9589193 3.5172169 0.31496063,
  3.9628362 3.5230787 0.31496063,3.9628382 3.5230807 0.31496063,
  3.9707512 3.5283681 0.31496063,3.9718929 3.5291311 0.31496063,
  3.9718937 3.5291315 0.31496063,3.9729091 3.5298102 0.31496063,
  3.9729118 3.5298126 0.31496063,3.9928142 3.5431098 0.31496063,
  3.9987146 3.5470531 0.31496063,4.0334311 3.5539587 0.31496063,
  4.0334358 3.5539602 0.31496063,4.041035 3.5554713 0.31496063,
  4.0410362 3.5554713 0.31496063,4.0479539 3.5540953 0.31496063,
  4.0555575 3.5533465 0.31496063,4.4736677 3.5533465 0.31496063,
  4.4812717 3.5540953 0.31496063,4.488189 3.5554713 0.31496063,
  4.4881894 3.5554713 0.31496063,4.4881898 3.5554713 0.31496063,
  4.4965205 3.5538146 0.31496063,4.4965283 3.5538126 0.31496063,
  4.5305102 3.5470531 0.31496063,4.5364106 3.5431102 0.31496063,
  4.5582244 3.528535 0.31496063,4.558228 3.5285323 0.31496063,
  4.5663874 3.5230803 0.31496063,4.5703043 3.5172181 0.31496063,
  4.5751516 3.5113114 0.31496063,4.7047717 3.3816913 0.31496063,
  4.7094224 3.3777193 0.31496063,4.7323323 3.3702756 0.31496063,
  4.8739665 3.3702756 0.31496063,4.8800638 3.3707555 0.31496063,
  4.9015272 3.3816917 0.31496063,5.0055571 3.485722 0.31496063,
  5.0104028 3.4916264 0.31496063,5.0143197 3.4974882 0.31496063,
  5.0143217 3.4974902 0.31496063,5.0243929 3.5042197 0.31496063,
  5.0243941 3.5042213 0.31496063,5.033674 3.5104217 0.31496063,
  5.0501992 3.521463 0.31496063,5.0849142 3.5283681 0.31496063,
  5.0849177 3.5283693 0.31496063,5.0925185 3.5298807 0.31496063,
  5.0925193 3.5298807 0.31496063,5.0925197 3.5298807 0.31496063,
  5.0992846 3.528535 0.31496063,5.099437 3.5285047 0.31496063,
  5.1070409 3.5277559 0.31496063,5.5235736 3.5277559 0.31496063,
  5.5296709 3.5282358 0.31496063,5.5511343 3.539172 0.31496063,
  5.6185055 3.6065437 0.31496063,5.6224776 3.6111941 0.31496063,
  5.6299213 3.6341039 0.31496063,5.6299213 3.7897638 0.31496063,
  5.6299213 3.8287402 0.31496063,0.10826772 3.8287402 0.31496063,
  0.0098425197 3.8287402 0.31496063,0.0098425197 2.9256378 0.31496063,
  0.0098425197 1.3937008 0.31496063,0.049015748 1.3937008 0.31496063,
  0.086047638 1.3937008 0.31496063,0.10826772 1.3937008 0.31496063,
  0.10826772 1.4008433 0.31496063,0.12271969 1.419474 0.31496063,
  0.12347638 1.4435508 0.31496063,0.11902087 1.4588874 0.31496063,
  0.11791339 1.4729614 0.31496063,0.11791339 1.7947472 0.31496063,
  0.11810709 1.7972075 0.31496063,0.11823622 1.7988543 0.31496063,
  0.11902047 1.8088201 0.31496063,0.11902126 1.8088228 0.31496063,
  0.1365185 1.869048 0.31496063,0.1365189 1.8690496 0.31496063,
  0.16844291 1.9230299 0.31496063,0.21279291 1.9673799 0.31496063,
  0.26677323 1.9993039 0.31496063,0.2667748 1.9993043 0.31496063,
  0.327 2.0168016 0.31496063,0.32700276 2.0168024 0.31496063,
  0.3369685 2.0175866 0.31496063,0.34107402 2.0179094 0.31496063,
  0.9187685 2.0179094 0.31496063,0.92319685 2.017561 0.31496063,
  0.93283937 2.0168024 0.31496063,0.93284055 2.0168024 0.31496063,
  0.93284094 2.016802 0.31496063,0.99306772 1.9993043 0.31496063,
  0.9930689 1.9993039 0.31496063,1.0470492 1.9673799 0.31496063,
  1.0470496 1.9673795 0.31496063,1.0470508 1.9673787 0.31496063,
  1.0913984 1.9230311 0.31496063,1.0913988 1.9230303 0.31496063,
  1.0913992 1.9230299 0.31496063,1.1182193 1.8776803 0.31496063,
  1.120235 1.874611 0.31496063,1.1397232 1.860452 0.31496063,
  1.1638122 1.860452 0.31496063,1.1833004 1.874611 0.31496063,
  1.1907441 1.8975209 0.31496063,1.1907441 1.9315382 0.31496063,
  1.1949866 1.9606583 0.31496063,1.2169441 2.0055732 0.31496063,
  1.2522969 2.040926 0.31496063,1.2972118 2.0628835 0.31496063,
  1.3014949 2.0635075 0.31496063,1.3263307 2.067126 0.31496063,
  1.6264173 2.067126 0.31496063,1.6555362 2.0628835 0.31496063,
  1.7004516 2.0409256 0.31496063,1.7358035 2.0055736 0.31496063,
  1.7577614 1.9606583 0.31496063,1.7620039 1.9315394 0.31496063,
  1.7620039 1.9315382 0.31496063,1.7620039 1.5374504 0.31496063,
  1.7624839 1.5313531 0.31496063,1.7734197 1.5098898 0.31496063,
  2.0152524 1.2680571 0.31496063,2.0211587 1.2632102 0.31496063,
  2.0270213 1.2592929 0.31496063,2.027022 1.2592917 0.31496063,
  2.0270224 1.2592913 0.31496063,2.0320071 1.2518311 0.31496063,
  2.0320087 1.2518295 0.31496063,2.0320087 1.2518291 0.31496063,
  2.0509945 1.2234154 0.31496063,2.0509945 1.223415 0.31496063,
  2.0594122 1.1810945 0.31496063,2.0580362 1.1741772 0.31496063,
  2.0572874 1.1665732 0.31496063,2.0572874 1.1612205 0.31496063,
  2.0591949 1.149176 0.31496063,2.0733539 1.1296878 0.31496063,
  2.0962638 1.1222441 0.31496063,2.098865 1.1222441 0.31496063,
  2.0988661 1.1222441 0.31496063,2.127985 1.1180016 0.31496063,
  2.1456693 1.6732283 0.31496063,2.1421078 1.6530303 0.31496063,
  2.131853 1.6352684 0.31496063,2.1161417 1.6220851 0.31496063,
  2.096869 1.6150704 0.31496063,2.0763594 1.6150704 0.31496063,
  2.0570866 1.6220851 0.31496063,2.0413753 1.6352684 0.31496063,
  2.0311205 1.6530303 0.31496063,2.0275591 1.6732283 0.31496063,
  2.0311205 1.6934264 0.31496063,2.0413753 1.7111882 0.31496063,
  2.0570866 1.7243716 0.31496063,2.0763594 1.7313863 0.31496063,
  2.096869 1.7313863 0.31496063,2.1161417 1.7243716 0.31496063,
  2.131853 1.7111882 0.31496063,2.1421078 1.6934264 0.31496063,
  3.8385827 0.61023622 0.31496063,3.8421441 0.63043426 0.31496063,
  3.852399 0.64819612 0.31496063,3.8681102 0.66137945 0.31496063,
  3.887383 0.66839416 0.31496063,3.9078926 0.66839416 0.31496063,
  3.9271654 0.66137945 0.31496063,3.9428766 0.64819612 0.31496063,
  3.9531315 0.63043426 0.31496063,3.9566929 0.61023622 0.31496063,
  3.9531315 0.59003818 0.31496063,3.9428766 0.57227632 0.31496063,
  3.9271654 0.55909299 0.31496063,3.9078926 0.55207828 0.31496063,
  3.887383 0.55207828 0.31496063,3.8681102 0.55909299 0.31496063,
  3.852399 0.57227632 0.31496063,3.8421441 0.59003818 0.31496063,
  0.21653543 0.25590551 0.31496063,0.22009689 0.27610355 0.31496063,
  0.23035171 0.29386541 0.31496063,0.24606299 0.30704874 0.31496063,
  0.26533574 0.31406345 0.31496063,0.28584536 0.31406345 0.31496063,
  0.30511811 0.30704874 0.31496063,0.3208294 0.29386541 0.31496063,
  0.33108421 0.27610355 0.31496063,0.33464567 0.25590551 0.31496063,
  0.33108421 0.23570747 0.31496063,0.3208294 0.21794561 0.31496063,
  0.30511811 0.20476228 0.31496063,0.28584536 0.19774757 0.31496063,
  0.26533574 0.19774757 0.31496063,0.24606299 0.20476228 0.31496063,
  0.23035171 0.21794561 0.31496063,0.22009689 0.23570747 0.31496063,
  1.0824803 2.6671299 0.31496063,1.0704358 2.6652224 0.31496063,
  1.0509476 2.6510634 0.31496063,1.0435039 2.6281535 0.31496063,
  1.0435039 2.6255512 0.31496063,1.0392614 2.5964323 0.31496063,
  1.0173035 2.5515169 0.31496063,0.98195157 2.516165 0.31496063,
  0.93703622 2.4942071 0.31496063,0.90791732 2.4899646 0.31496063,
  0.90791575 2.4899646 0.31496063,0.35192638 2.4899646 0.31496063,
  0.3519252 2.4899646 0.31496063,0.3228063 2.4942071 0.31496063,
  0.27789094 2.516165 0.31496063,0.24253898 2.5515169 0.31496063,
  0.2205811 2.5964323 0.31496063,0.21633858 2.6255512 0.31496063,
  0.21633858 2.9256378 0.31496063,0.2205811 2.9547567 0.31496063,
  0.22464961 2.9630791 0.31496063,0.24253858 2.9996717 0.31496063,
  0.27789134 3.0350244 0.31496063,0.3228063 3.0569819 0.31496063,
  0.3519252 3.0612244 0.31496063,0.90791732 3.0612244 0.31496063,
  0.93703622 3.0569819 0.31496063,0.98195157 3.035024 0.31496063,
  1.0173035 2.999672 0.31496063,1.0392614 2.9547567 0.31496063,
  1.0430472 2.928772 0.31496063,1.0435039 2.9256366 0.31496063,
  1.0435039 2.9230354 0.31496063,1.0454114 2.9109909 0.31496063,
  1.0595705 2.8915028 0.31496063,1.0824803 2.8840591 0.31496063,
  1.1524118 2.8840591 0.31496063,1.1589862 2.8846173 0.31496063,
  1.1803122 2.8958189 0.31496063,1.1909803 2.9174154 0.31496063,
  1.1949866 2.9449102 0.31496063,1.216048 2.9879921 0.31496063,
  1.2169441 2.9898252 0.31496063,1.2522969 3.025178 0.31496063,
  1.2972118 3.0471354 0.31496063,1.2972114 3.0471354 0.31496063,
  1.3263307 3.051378 0.31496063,1.6264173 3.051378 0.31496063,
  1.6555362 3.0471354 0.31496063,1.7004516 3.0251776 0.31496063,
  1.7358035 2.9898256 0.31496063,1.7577614 2.9449102 0.31496063,
  1.7620039 2.9157913 0.31496063,1.7620039 2.3597992 0.31496063,
  1.7577614 2.3306803 0.31496063,1.7358035 2.285765 0.31496063,
  1.7004516 2.250413 0.31496063,1.6555362 2.2284551 0.31496063,
  1.6264173 2.2242126 0.31496063,1.6264157 2.2242126 0.31496063,
  1.3263319 2.2242126 0.31496063,1.3263307 2.2242126 0.31496063,
  1.2972118 2.2284551 0.31496063,1.2522965 2.250413 0.31496063,
  1.2169445 2.285765 0.31496063,1.1949866 2.3306803 0.31496063,
  1.1935504 2.340539 0.31496063,1.1907437 2.3598008 0.31496063,
  1.1907441 2.3598008 0.31496063,1.1907441 2.6281535 0.31496063,
  1.1888366 2.640198 0.31496063,1.1746776 2.6596862 0.31496063,
  1.1517677 2.6671299 0.31496063,1.0826772 2.1456693 0.31496063,
  1.0862386 2.1658673 0.31496063,1.0964934 2.1836292 0.31496063,
  1.1122047 2.1968125 0.31496063,1.1314775 2.2038272 0.31496063,
  1.1519871 2.2038272 0.31496063,1.1712598 2.1968125 0.31496063,
  1.1869711 2.1836292 0.31496063,1.1972259 2.1658673 0.31496063,
  1.2007874 2.1456693 0.31496063,1.1972259 2.1254713 0.31496063,
  1.1869711 2.1077094 0.31496063,1.1712598 2.0945261 0.31496063,
  1.1519871 2.0875114 0.31496063,1.1314775 2.0875114 0.31496063,
  1.1122047 2.0945261 0.31496063,1.0964934 2.1077094 0.31496063,
  1.0862386 2.1254713 0.31496063,4.5866142 0.53149606 0.31496063,
  4.5901756 0.5516941 0.31496063,4.6004304 0.56945596 0.31496063,
  4.6161417 0.5826393 0.31496063,4.6354145 0.589654 0.31496063,
  4.6559241 0.589654 0.31496063,4.6751969 0.5826393 0.31496063,
  4.6909081 0.56945596 0.31496063,4.701163 0.5516941 0.31496063,
  4.7047244 0.53149606 0.31496063,4.701163 0.51129802 0.31496063,
  4.6909081 0.49353616 0.31496063,4.6751969 0.48035283 0.31496063,
  4.6559241 0.47333812 0.31496063,4.6354145 0.47333812 0.31496063,
  4.6161417 0.48035283 0.31496063,4.6004304 0.49353616 0.31496063,
  4.5901756 0.51129802 0.31496063,4.3503937 1.476378 0.31496063,
  4.3539552 1.496576 0.31496063,4.36421 1.5143379 0.31496063,
  4.3799213 1.5275212 0.31496063,4.399194 1.5345359 0.31496063,
  4.4197036 1.5345359 0.31496063,4.4389764 1.5275212 0.31496063,
  4.4546877 1.5143379 0.31496063,4.4649425 1.496576 0.31496063,
  4.4685039 1.476378 0.31496063,4.4649425 1.4561799 0.31496063,
  4.4546877 1.4384181 0.31496063,4.4389764 1.4252347 0.31496063,
  4.4197036 1.41822 0.31496063,4.399194 1.41822 0.31496063,
  4.3799213 1.4252347 0.31496063,4.36421 1.4384181 0.31496063,
  4.3539552 1.4561799 0.31496063,2.5787402 1.0433071 0.31496063,
  2.5823016 1.0635051 0.31496063,2.5925564 1.081267 0.31496063,
  2.6082677 1.0944503 0.31496063,2.6275405 1.101465 0.31496063,
  2.6480501 1.101465 0.31496063,2.6673228 1.0944503 0.31496063,
  2.6830341 1.081267 0.31496063,2.6932889 1.0635051 0.31496063,
  2.6968504 1.0433071 0.31496063,2.6932889 1.023109 0.31496063,
  2.6830341 1.0053472 0.31496063,2.6673228 0.99216385 0.31496063,
  2.6480501 0.98514915 0.31496063,2.6275405 0.98514915 0.31496063,
  2.6082677 0.99216385 0.31496063,2.5925564 1.0053472 0.31496063,
  2.5823016 1.023109 0.31496063,1.2401575 1.0826772 0.31496063,
  1.2437189 1.1028752 0.31496063,1.2539738 1.1206371 0.31496063,
  1.269685 1.1338204 0.31496063,1.2889578 1.1408351 0.31496063,
  1.3094674 1.1408351 0.31496063,1.3287402 1.1338204 0.31496063,
  1.3444514 1.1206371 0.31496063,1.3547063 1.1028752 0.31496063,
  1.3582677 1.0826772 0.31496063,1.3547063 1.0624791 0.31496063,
  1.3444514 1.0447173 0.31496063,1.3287402 1.0315339 0.31496063,
  1.3094674 1.0245192 0.31496063,1.2889578 1.0245192 0.31496063,
  1.269685 1.0315339 0.31496063,1.2539738 1.0447173 0.31496063,
  1.2437189 1.0624791 0.31496063,3.5306961 2.1625665 0.31496063,
  3.5271346 2.1423685 0.31496063,3.5168798 2.1246066 0.31496063,
  3.5011685 2.1114233 0.31496063,3.4818958 2.1044086 0.31496063,
  3.4613861 2.1044086 0.31496063,3.4421134 2.1114233 0.31496063,
  3.4264021 2.1246066 0.31496063,3.4161473 2.1423685 0.31496063,
  3.4125858 2.1625665 0.31496063,3.4161473 2.1827646 0.31496063,
  3.4264021 2.2005264 0.31496063,3.4421134 2.2137098 0.31496063,
  3.4613861 2.2207245 0.31496063,3.4818958 2.2207245 0.31496063,
  3.5011685 2.2137098 0.31496063,3.5168798 2.2005264 0.31496063,
  3.5271346 2.1827646 0.31496063,2.1062992 2.6574803 0.31496063,
  2.1027378 2.6372823 0.31496063,2.0924829 2.6195204 0.31496063,
  2.0767717 2.6063371 0.31496063,2.0574989 2.5993224 0.31496063,
  2.0369893 2.5993224 0.31496063,2.0177165 2.6063371 0.31496063,
  2.0020052 2.6195204 0.31496063,1.9917504 2.6372823 0.31496063,
  1.988189 2.6574803 0.31496063,1.9917504 2.6776784 0.31496063,
  2.0020052 2.6954402 0.31496063,2.0177165 2.7086235 0.31496063,
  2.0369893 2.7156383 0.31496063,2.0574989 2.7156383 0.31496063,
  2.0767717 2.7086235 0.31496063,2.0924829 2.6954402 0.31496063,
  2.1027378 2.6776784 0.31496063,5.6496063 0.53149606 0.31496063,
  5.6531678 0.5516941 0.31496063,5.6634226 0.56945596 0.31496063,
  5.6791339 0.5826393 0.31496063,5.6984066 0.589654 0.31496063,
  5.7189162 0.589654 0.31496063,5.738189 0.5826393 0.31496063,
  5.7539003 0.56945596 0.31496063,5.7641551 0.5516941 0.31496063,
  5.7677165 0.53149606 0.31496063,5.7641551 0.51129802 0.31496063,
  5.7539003 0.49353616 0.31496063,5.738189 0.48035283 0.31496063,
  5.7189162 0.47333812 0.31496063,5.6984066 0.47333812 0.31496063,
  5.6791339 0.48035283 0.31496063,5.6634226 0.49353616 0.31496063,
  5.6531678 0.51129802 0.31496063,0.37401575 3.5629921 0.31496063,
  0.37045429 3.5427941 0.31496063,0.36019947 3.5250322 0.31496063,
  0.34448819 3.5118489 0.31496063,0.32521544 3.5048342 0.31496063,
  0.30470582 3.5048342 0.31496063,0.28543307 3.5118489 0.31496063,
  0.26972178 3.5250322 0.31496063,0.25946697 3.5427941 0.31496063,
  0.25590551 3.5629921 0.31496063,0.25946697 3.5831902 0.31496063,
  0.26972178 3.600952 0.31496063,0.28543307 3.6141354 0.31496063,
  0.30470582 3.6211501 0.31496063,0.32521544 3.6211501 0.31496063,
  0.34448819 3.6141354 0.31496063,0.36019947 3.600952 0.31496063,
  0.37045429 3.5831902 0.31496063,4.8622047 3.5629921 0.31496063,
  4.8586433 3.5427941 0.31496063,4.8483885 3.5250322 0.31496063,
  4.8326772 3.5118489 0.31496063,4.8134044 3.5048342 0.31496063,
  4.7928948 3.5048342 0.31496063,4.773622 3.5118489 0.31496063,
  4.7579108 3.5250322 0.31496063,4.7476559 3.5427941 0.31496063,
  4.7440945 3.5629921 0.31496063,4.7476559 3.5831902 0.31496063,
  4.7579108 3.600952 0.31496063,4.773622 3.6141354 0.31496063,
  4.7928948 3.6211501 0.31496063,4.8134044 3.6211501 0.31496063,
  4.8326772 3.6141354 0.31496063,4.8483885 3.600952 0.31496063,
  4.8586433 3.5831902 0.31496063,1.7125984 3.5629921 0.31496063,
  1.709037 3.5427941 0.31496063,1.6987822 3.5250322 0.31496063,
  1.6830709 3.5118489 0.31496063,1.6637981 3.5048342 0.31496063,
  1.6432885 3.5048342 0.31496063,1.6240157 3.5118489 0.31496063,
  1.6083045 3.5250322 0.31496063,1.5980496 3.5427941 0.31496063,
  1.5944882 3.5629921 0.31496063,1.5980496 3.5831902 0.31496063,
  1.6083045 3.600952 0.31496063,1.6240157 3.6141354 0.31496063,
  1.6432885 3.6211501 0.31496063,1.6637981 3.6211501 0.31496063,
  1.6830709 3.6141354 0.31496063,1.6987822 3.600952 0.31496063,
  1.709037 3.5831902 0.31496063,0.21653543 2.2244094 0.31496063,
  0.22009689 2.2446075 0.31496063,0.23035171 2.2623693 0.31496063,
  0.24606299 2.2755527 0.31496063,0.26533574 2.2825674 0.31496063,
  0.28584536 2.2825674 0.31496063,0.30511811 2.2755527 0.31496063,
  0.3208294 2.2623693 0.31496063,0.33108421 2.2446075 0.31496063,
  0.33464567 2.2244094 0.31496063,0.33108421 2.2042114 0.31496063,
  0.3208294 2.1864496 0.31496063,0.30511811 2.1732662 0.31496063,
  0.28584536 2.1662515 0.31496063,0.26533574 2.1662515 0.31496063,
  0.24606299 2.1732662 0.31496063,0.23035171 2.1864496 0.31496063,
  0.22009689 2.2042114 0.31496063,5.1771654 0.37401614 0.31496063,
  5.1771654 0.45275551 0.31496063,5.1771657 0.45275591 0.31496063,
  5.4724409 0.45275591 0.31496063,5.4724409 0.44500118 0.31496063,
  5.4724406 0.445 0.31496063,5.4678724 0.42203307 0.31496063,
  5.4504697 0.39598858 0.31496063,5.4504681 0.39598701 0.31496063,
  5.4244236 0.37858425 0.31496063,5.4014567 0.37401614 0.31496063,
  5.4014555 0.37401575 0.31496063,5.1771657 0.37401575 0.31496063,
  5.0590547 0.37401575 0.31496063,4.834765 0.37401575 0.31496063,
  4.8347634 0.37401614 0.31496063,4.8117965 0.37858425 0.31496063,
  4.785752 0.39598701 0.31496063,4.7857504 0.39598858 0.31496063,
  4.7683476 0.42203307 0.31496063,4.7637795 0.445 0.31496063,
  4.7637795 0.45275591 0.31496063,5.0590547 0.45275591 0.31496063,
  5.0590551 0.45275551 0.31496063,5.0590551 0.37401614 0.31496063,
  5.0590551 0.25590551 0.31496063,5.0626166 0.27610355 0.31496063,
  5.0728714 0.29386541 0.31496063,5.0885827 0.30704874 0.31496063,
  5.1078554 0.31406345 0.31496063,5.128365 0.31406345 0.31496063,
  5.1476378 0.30704874 0.31496063,5.1633491 0.29386541 0.31496063,
  5.1736039 0.27610355 0.31496063,5.1771654 0.25590551 0.31496063,
  5.1736039 0.23570747 0.31496063,5.1633491 0.21794561 0.31496063,
  5.1476378 0.20476228 0.31496063,5.128365 0.19774757 0.31496063,
  5.1078554 0.19774757 0.31496063,5.0885827 0.20476228 0.31496063,
  5.0728714 0.21794561 0.31496063,5.0626166 0.23570747 0.31496063,
  5.7548709 2.8102386 0.31496063,5.7330685 2.7884362 0.31496063,
  5.717652 2.7617343 0.31496063,5.709672 2.731952 0.31496063,
  5.709672 2.7011189 0.31496063,5.717652 2.6713366 0.31496063,
  5.7330685 2.6446346 0.31496063,5.7548709 2.6228323 0.31496063,
  5.7815728 2.6074157 0.31496063,5.8113551 2.5994358 0.31496063,
  5.8421882 2.5994358 0.31496063,5.8719705 2.6074157 0.31496063,
  5.8986724 2.6228323 0.31496063,5.9204748 2.6446346 0.31496063,
  5.9358913 2.6713366 0.31496063,5.9438713 2.7011189 0.31496063,
  5.9438713 2.731952 0.31496063,5.9358913 2.7617343 0.31496063,
  5.9204748 2.7884362 0.31496063,5.8986724 2.8102386 0.31496063,
  5.8719705 2.8256551 0.31496063,5.8421882 2.833635 0.31496063,
  5.8113551 2.833635 0.31496063,5.7815728 2.8256551 0.31496063,
  5.765748 2.7165354 0.31496063,5.7703932 2.7398882 0.31496063,
  5.7836214 2.7596857 0.31496063,5.8034189 2.7729139 0.31496063,
  5.8267717 2.7775591 0.31496063,5.8501244 2.7729139 0.31496063,
  5.8699219 2.7596857 0.31496063,5.8831501 2.7398882 0.31496063,
  5.8877953 2.7165354 0.31496063,5.8831501 2.6931827 0.31496063,
  5.8699219 2.6733852 0.31496063,5.8501244 2.660157 0.31496063,
  5.8267717 2.6555118 0.31496063,5.8034189 2.660157 0.31496063,
  5.7836214 2.6733852 0.31496063,5.7703932 2.6931827 0.31496063,
  5.7548709 2.3377976 0.31496063,5.7330685 2.3159953 0.31496063,
  5.717652 2.2892933 0.31496063,5.709672 2.259511 0.31496063,
  5.709672 2.228678 0.31496063,5.717652 2.1988957 0.31496063,
  5.7330685 2.1721937 0.31496063,5.7548709 2.1503913 0.31496063,
  5.7815728 2.1349748 0.31496063,5.8113551 2.1269949 0.31496063,
  5.8421882 2.1269949 0.31496063,5.8719705 2.1349748 0.31496063,
  5.8986724 2.1503913 0.31496063,5.9204748 2.1721937 0.31496063,
  5.9358913 2.1988957 0.31496063,5.9438713 2.228678 0.31496063,
  5.9438713 2.259511 0.31496063,5.9358913 2.2892933 0.31496063,
  5.9204748 2.3159953 0.31496063,5.8986724 2.3377976 0.31496063,
  5.8719705 2.3532142 0.31496063,5.8421882 2.3611941 0.31496063,
  5.8113551 2.3611941 0.31496063,5.7815728 2.3532142 0.31496063,
  5.765748 2.2440945 0.31496063,5.7703932 2.2674472 0.31496063,
  5.7836214 2.2872447 0.31496063,5.8034189 2.300473 0.31496063,
  5.8267717 2.3051181 0.31496063,5.8501244 2.300473 0.31496063,
  5.8699219 2.2872447 0.31496063,5.8831501 2.2674472 0.31496063,
  5.8877953 2.2440945 0.31496063,5.8831501 2.2207418 0.31496063,
  5.8699219 2.2009443 0.31496063,5.8501244 2.187716 0.31496063,
  5.8267717 2.1830709 0.31496063,5.8034189 2.187716 0.31496063,
  5.7836214 2.2009443 0.31496063,5.7703932 2.2207418 0.31496063,
  0.075737008 1.2118134 0.31496063,0.053934646 1.190011 0.31496063,
  0.03851811 1.1633091 0.31496063,0.030538189 1.1335268 0.31496063,
  0.030538189 1.1026937 0.31496063,0.03851811 1.0729114 0.31496063,
  0.053934646 1.0462094 0.31496063,0.075737008 1.0244071 0.31496063,
  0.10243898 1.0089906 0.31496063,0.13222126 1.0010106 0.31496063,
  0.16305433 1.0010106 0.31496063,0.19283661 1.0089906 0.31496063,
  0.21953858 1.0244071 0.31496063,0.24134094 1.0462094 0.31496063,
  0.25675748 1.0729114 0.31496063,0.2647374 1.1026937 0.31496063,
  0.2647374 1.1335268 0.31496063,0.25675748 1.1633091 0.31496063,
  0.24149252 1.189748 0.31496063,0.45922087 1.4074764 0.31496063,
  0.89370079 1.4074764 0.31496063,0.92835315 1.4143693 0.31496063,
  0.95773031 1.433998 0.31496063,0.97735906 1.4633752 0.31496063,
  0.98425197 1.4980276 0.31496063,0.98425197 1.7696811 0.31496063,
  0.97735906 1.8043335 0.31496063,0.95773031 1.8337106 0.31496063,
  0.92835315 1.8533394 0.31496063,0.89370079 1.8602323 0.31496063,
  0.36614173 1.8602323 0.31496063,0.33148937 1.8533394 0.31496063,
  0.3021122 1.8337106 0.31496063,0.28248346 1.8043335 0.31496063,
  0.27559055 1.7696811 0.31496063,0.27559055 1.4980276 0.31496063,
  0.28248346 1.4633752 0.31496063,0.3021122 1.433998 0.31496063,
  0.33148937 1.4143693 0.31496063,0.35089764 1.4105087 0.31496063,
  0.17294764 1.2325591 0.31496063,0.16305433 1.2352098 0.31496063,
  0.13222126 1.2352098 0.31496063,0.10243898 1.2272299 0.31496063,
  0.086614173 1.1181102 0.31496063,0.09125932 1.141463 0.31496063,
  0.10448758 1.1612605 0.31496063,0.12428507 1.1744887 0.31496063,
  0.1476378 1.1791339 0.31496063,0.17099052 1.1744887 0.31496063,
  0.19078801 1.1612605 0.31496063,0.20401627 1.141463 0.31496063,
  0.20866142 1.1181102 0.31496063,0.20401627 1.0947575 0.31496063,
  0.19078801 1.07496 0.31496063,0.17099052 1.0617318 0.31496063,
  0.1476378 1.0570866 0.31496063,0.12428507 1.0617318 0.31496063,
  0.10448758 1.07496 0.31496063,0.09125932 1.0947575 0.31496063,
  0.075737008 0.8181126 0.31496063,0.053934646 0.79631024 0.31496063,
  0.03851811 0.76960827 0.31496063,0.030538189 0.73982598 0.31496063,
  0.030538189 0.70899291 0.31496063,0.03851811 0.67921063 0.31496063,
  0.053934646 0.65250866 0.31496063,0.075737008 0.6307063 0.31496063,
  0.10243898 0.61528976 0.31496063,0.13222126 0.60730984 0.31496063,
  0.16305433 0.60730984 0.31496063,0.19283661 0.61528976 0.31496063,
  0.21953858 0.6307063 0.31496063,0.24134094 0.65250866 0.31496063,
  0.25675748 0.67921063 0.31496063,0.25831929 0.68503937 0.31496063,
  0.58070472 0.68503937 0.31496063,0.58070472 0.44488189 0.31496063,
  0.58759764 0.41022953 0.31496063,0.60722638 0.38085236 0.31496063,
  0.63660354 0.36122362 0.31496063,0.67125591 0.35433071 0.31496063,
  0.94290945 0.35433071 0.31496063,0.97756181 0.36122362 0.31496063,
  1.006939 0.38085236 0.31496063,1.0265677 0.41022953 0.31496063,
  1.0334606 0.44488189 0.31496063,1.0334606 0.97244094 0.31496063,
  1.0265677 1.0070933 0.31496063,1.006939 1.0364705 0.31496063,
  0.97756181 1.0560992 0.31496063,0.94290945 1.0629921 0.31496063,
  0.67125591 1.0629921 0.31496063,0.63660354 1.0560992 0.31496063,
  0.60722638 1.0364705 0.31496063,0.58759764 1.0070933 0.31496063,
  0.58070472 0.97244094 0.31496063,0.58070472 0.76377953 0.31496063,
  0.25831929 0.76377953 0.31496063,0.25675748 0.76960827 0.31496063,
  0.24134094 0.79631024 0.31496063,0.21953858 0.8181126 0.31496063,
  0.19283661 0.83352913 0.31496063,0.16305433 0.84150906 0.31496063,
  0.13222126 0.84150906 0.31496063,0.10243898 0.83352913 0.31496063,
  0.086614173 0.72440945 0.31496063,0.09125932 0.74776218 0.31496063,
  0.10448758 0.76755967 0.31496063,0.12428507 0.78078792 0.31496063,
  0.1476378 0.78543307 0.31496063,0.17099052 0.78078792 0.31496063,
  0.19078801 0.76755967 0.31496063,0.20401627 0.74776218 0.31496063,
  0.20866142 0.72440945 0.31496063,0.20401627 0.70105672 0.31496063,
  0.19078801 0.68125923 0.31496063,0.17099052 0.66803097 0.31496063,
  0.1476378 0.66338583 0.31496063,0.12428507 0.66803097 0.31496063,
  0.10448758 0.68125923 0.31496063,0.09125932 0.70105672 0.31496063] }
 coordIndex [
  41,42,24,-1,24,42,43,-1,24,43,22,-1,22,43,0,-1,22,0,21,-1,21,0,1,-1,21,1,20,-1,20,1,2,-1,
  20,2,19,-1,19,2,3,-1,19,3,18,-1,18,3,4,-1,18,4,17,-1,17,4,5,-1,17,5,16,-1,16,5,6,-1,
  16,6,15,-1,15,6,7,-1,15,7,14,-1,14,7,8,-1,14,8,13,-1,13,8,9,-1,13,9,12,-1,12,9,10,-1,
  12,10,11,-1,1788,1789,1781,-1,1781,1789,1790,-1,1781,1790,1780,-1,1780,1790,1777,-1,1780,1777,1779,-1,948,949,931,-1,931,949,950,-1,
  931,950,930,-1,930,950,951,-1,930,951,929,-1,929,951,952,-1,929,952,928,-1,928,952,927,-1,931,932,946,-1,933,934,943,-1,
  933,945,946,-1,933,946,932,-1,935,936,940,-1,935,940,941,-1,935,942,943,-1,935,943,934,-1,939,940,936,-1,939,936,937,-1,
  939,937,938,-1,1619,1620,1793,-1,1793,1620,1621,-1,1793,1621,1792,-1,1792,1621,1774,-1,1792,1774,1791,-1,1791,1774,1775,-1,1791,1775,1776,-1,
  1794,1795,1617,-1,1794,1617,1618,-1,1794,1618,1619,-1,1794,1619,1793,-1,1613,1614,1797,-1,1797,1614,1615,-1,1797,1615,1796,-1,1796,1615,1616,-1,
  1796,1616,1795,-1,1795,1616,1617,-1,1799,1612,1613,-1,1799,1613,1798,-1,1798,1613,1797,-1,1610,1799,1800,-1,1610,1800,1783,-1,1610,1783,1712,-1,
  1610,1712,1609,-1,1783,1784,1782,-1,1783,1782,1710,-1,1783,1710,1711,-1,1783,1711,1712,-1,1712,1713,1607,-1,1607,1713,1714,-1,1607,1714,1715,-1,
  1607,1715,1716,-1,1607,1716,1606,-1,1605,1716,1717,-1,1605,1717,1718,-1,1605,1718,1604,-1,1718,1719,1600,-1,1718,1600,1601,-1,1718,1601,1602,-1,
  1600,1720,1721,-1,1600,1722,1599,-1,1722,1723,1989,-1,1722,1989,1990,-1,1722,1990,1598,-1,1722,1598,1599,-1,1723,1724,1986,-1,1723,1986,1987,-1,
  1723,1987,1988,-1,1723,1988,1989,-1,1981,1982,1726,-1,1726,1982,1983,-1,1726,1983,1725,-1,1725,1983,1984,-1,1725,1984,1724,-1,1724,1984,1985,-1,
  1724,1985,1986,-1,1996,1997,1594,-1,1594,1997,1998,-1,1594,1998,1593,-1,1593,1998,1981,-1,1593,1981,1727,-1,1727,1981,1726,-1,41,25,40,-1,
  40,25,26,-1,40,26,39,-1,39,26,27,-1,39,27,38,-1,38,27,28,-1,38,28,37,-1,37,28,29,-1,37,29,36,-1,
  36,29,30,-1,36,30,35,-1,35,30,31,-1,35,31,34,-1,34,31,32,-1,34,32,33,-1,80,81,100,-1,100,81,82,-1,
  100,82,99,-1,99,82,83,-1,99,83,98,-1,98,83,84,-1,98,84,97,-1,97,84,85,-1,97,85,96,-1,96,85,86,-1,
  96,86,95,-1,95,86,87,-1,95,87,94,-1,94,87,88,-1,94,88,93,-1,93,88,89,-1,93,89,92,-1,92,89,90,-1,
  92,90,91,-1,123,124,125,-1,123,125,126,-1,123,126,127,-1,123,127,101,-1,123,101,113,-1,123,113,122,-1,122,114,121,-1,
  121,114,115,-1,121,115,120,-1,120,115,116,-1,120,116,119,-1,119,116,117,-1,119,117,118,-1,101,102,113,-1,113,102,103,-1,
  113,103,112,-1,112,103,104,-1,112,104,111,-1,111,104,105,-1,111,105,110,-1,110,105,106,-1,110,106,109,-1,109,106,107,-1,
  109,107,108,-1,80,100,101,-1,80,101,127,-1,157,159,156,-1,156,159,160,-1,156,160,155,-1,155,160,161,-1,155,161,154,-1,
  154,161,162,-1,154,162,153,-1,153,162,163,-1,153,163,152,-1,152,163,164,-1,152,164,151,-1,151,164,165,-1,151,165,150,-1,
  150,165,166,-1,150,166,149,-1,149,166,147,-1,149,147,148,-1,1109,1110,1105,-1,1109,1105,1106,-1,1109,1106,1107,-1,131,132,231,-1,
  231,132,133,-1,231,133,230,-1,230,133,134,-1,230,134,229,-1,229,134,135,-1,229,135,228,-1,228,135,136,-1,228,136,227,-1,
  227,136,137,-1,227,137,226,-1,226,137,138,-1,226,138,225,-1,225,138,139,-1,225,139,224,-1,224,139,223,-1,223,139,140,-1,
  223,140,141,-1,223,141,142,-1,223,142,143,-1,223,143,144,-1,223,144,222,-1,145,146,172,-1,145,172,174,-1,145,174,176,-1,
  145,176,177,-1,145,178,179,-1,145,179,221,-1,145,221,222,-1,145,222,144,-1,465,466,613,-1,465,613,614,-1,465,615,616,-1,
  465,616,617,-1,465,618,619,-1,465,619,620,-1,465,620,462,-1,465,462,463,-1,465,463,464,-1,189,190,197,-1,197,190,191,-1,
  197,191,196,-1,196,191,192,-1,196,192,195,-1,195,192,193,-1,195,193,194,-1,213,214,204,-1,204,215,203,-1,203,215,216,-1,
  203,216,188,-1,188,216,217,-1,185,186,220,-1,220,186,187,-1,220,187,219,-1,219,187,188,-1,219,188,218,-1,220,221,180,-1,
  220,180,181,-1,220,182,183,-1,220,183,184,-1,146,147,167,-1,146,167,168,-1,146,169,170,-1,146,170,171,-1,146,171,172,-1,
  212,204,211,-1,211,204,205,-1,210,205,206,-1,210,206,209,-1,209,206,207,-1,209,207,208,-1,189,197,198,-1,189,199,200,-1,
  189,200,201,-1,189,202,203,-1,189,203,188,-1,1100,1102,1113,-1,1113,1102,1103,-1,1113,1103,1112,-1,1112,1103,1104,-1,1112,1104,1111,-1,
  1111,1104,1105,-1,1111,1105,1110,-1,259,239,246,-1,246,239,240,-1,246,240,245,-1,245,240,241,-1,245,241,244,-1,244,241,242,-1,
  244,242,243,-1,256,257,247,-1,247,257,258,-1,247,258,246,-1,246,258,259,-1,253,254,249,-1,249,254,255,-1,249,255,248,-1,
  248,255,256,-1,248,256,247,-1,250,128,251,-1,250,251,252,-1,250,252,253,-1,250,253,249,-1,260,261,238,-1,260,238,239,-1,
  260,239,259,-1,264,236,263,-1,263,236,237,-1,263,237,262,-1,262,237,238,-1,262,238,261,-1,265,266,232,-1,265,233,234,-1,
  265,234,235,-1,265,235,236,-1,265,236,264,-1,231,232,266,-1,231,266,251,-1,231,251,128,-1,231,128,129,-1,231,129,130,-1,
  231,130,131,-1,268,269,270,-1,268,270,267,-1,272,273,274,-1,272,274,271,-1,299,300,298,-1,298,300,373,-1,298,373,297,-1,
  297,373,275,-1,297,275,296,-1,296,275,276,-1,296,276,295,-1,295,276,277,-1,295,277,294,-1,294,277,278,-1,294,278,293,-1,
  293,278,279,-1,293,279,292,-1,292,279,280,-1,292,280,291,-1,291,280,281,-1,291,281,290,-1,290,281,282,-1,290,282,289,-1,
  289,282,283,-1,289,283,288,-1,288,283,284,-1,288,284,287,-1,287,284,285,-1,287,285,286,-1,1226,1227,1222,-1,1226,1222,1223,-1,
  1226,1223,1224,-1,1236,1237,1232,-1,1236,1232,1233,-1,1236,1233,1234,-1,1220,1229,1240,-1,1240,1229,1230,-1,1240,1230,1239,-1,1239,1230,1231,-1,
  1239,1231,1238,-1,1238,1231,1232,-1,1238,1232,1237,-1,1228,1229,1221,-1,1228,1221,1222,-1,1228,1222,1227,-1,357,358,312,-1,312,358,359,-1,
  312,359,310,-1,310,359,360,-1,310,360,309,-1,309,360,361,-1,309,361,308,-1,308,361,362,-1,308,362,307,-1,307,362,363,-1,
  307,363,306,-1,306,363,364,-1,306,364,305,-1,305,364,365,-1,305,365,304,-1,304,365,366,-1,304,366,367,-1,303,304,367,-1,
  303,367,368,-1,303,369,370,-1,303,370,302,-1,370,371,302,-1,302,372,301,-1,301,372,373,-1,301,373,300,-1,318,319,326,-1,
  326,319,320,-1,326,320,325,-1,325,320,321,-1,325,321,324,-1,324,321,322,-1,324,322,323,-1,458,459,396,-1,396,459,374,-1,
  396,374,395,-1,395,374,375,-1,395,375,394,-1,394,375,376,-1,394,376,393,-1,393,376,377,-1,393,377,392,-1,392,377,378,-1,
  392,378,391,-1,391,378,379,-1,391,379,390,-1,390,379,380,-1,390,380,389,-1,389,380,381,-1,389,381,388,-1,388,381,382,-1,
  388,382,387,-1,387,382,383,-1,387,383,386,-1,386,383,384,-1,386,384,385,-1,444,445,412,-1,412,445,446,-1,412,446,410,-1,
  410,446,447,-1,410,447,409,-1,409,447,448,-1,409,448,408,-1,408,448,449,-1,408,449,407,-1,407,449,450,-1,407,450,406,-1,
  406,450,451,-1,406,451,405,-1,405,451,452,-1,405,452,404,-1,404,452,403,-1,403,452,453,-1,403,453,454,-1,403,454,455,-1,
  403,455,456,-1,403,456,402,-1,458,401,402,-1,458,402,457,-1,457,402,456,-1,458,396,397,-1,458,398,399,-1,458,399,400,-1,
  430,431,440,-1,440,431,432,-1,440,432,439,-1,439,432,433,-1,439,433,438,-1,438,433,434,-1,438,434,437,-1,437,434,435,-1,
  437,435,436,-1,430,440,416,-1,430,416,422,-1,430,422,423,-1,430,423,424,-1,430,425,426,-1,430,426,428,-1,430,428,429,-1,
  421,422,416,-1,421,416,417,-1,421,417,418,-1,421,418,419,-1,421,419,420,-1,444,413,443,-1,443,413,414,-1,443,414,442,-1,
  442,414,415,-1,442,415,441,-1,441,415,416,-1,441,416,440,-1,600,601,602,-1,600,602,477,-1,600,477,478,-1,600,478,479,-1,
  600,480,481,-1,600,481,482,-1,600,483,484,-1,600,484,599,-1,519,520,546,-1,546,520,521,-1,546,521,544,-1,544,521,522,-1,
  544,522,543,-1,543,522,523,-1,543,523,542,-1,542,523,524,-1,542,524,541,-1,541,524,525,-1,541,525,540,-1,540,525,526,-1,
  540,526,539,-1,539,526,527,-1,539,527,538,-1,538,527,528,-1,538,528,537,-1,537,528,529,-1,537,529,536,-1,536,529,530,-1,
  536,530,535,-1,535,530,531,-1,535,531,534,-1,534,531,532,-1,534,532,533,-1,519,547,518,-1,518,547,548,-1,518,548,517,-1,
  517,548,549,-1,517,549,516,-1,516,549,550,-1,516,550,515,-1,515,550,552,-1,515,552,514,-1,514,552,576,-1,514,576,586,-1,
  586,576,577,-1,586,577,578,-1,586,578,585,-1,585,578,579,-1,585,579,584,-1,584,579,580,-1,584,580,583,-1,583,580,581,-1,
  583,581,582,-1,560,562,558,-1,558,562,563,-1,558,563,576,-1,576,563,564,-1,576,564,575,-1,575,564,565,-1,575,565,574,-1,
  574,565,566,-1,574,566,573,-1,573,566,567,-1,573,567,572,-1,572,567,568,-1,572,568,571,-1,571,568,569,-1,571,569,570,-1,
  576,552,554,-1,576,554,555,-1,576,556,557,-1,576,557,558,-1,587,588,508,-1,587,508,510,-1,587,510,511,-1,587,511,512,-1,
  587,512,513,-1,587,513,514,-1,587,514,586,-1,508,588,589,-1,508,590,591,-1,508,591,592,-1,508,593,594,-1,508,594,507,-1,
  595,596,500,-1,595,500,501,-1,595,502,503,-1,595,503,504,-1,595,505,506,-1,595,506,507,-1,595,507,594,-1,487,488,598,-1,
  598,488,489,-1,598,489,597,-1,597,489,490,-1,597,490,596,-1,596,490,499,-1,596,499,500,-1,494,496,493,-1,493,496,497,-1,
  493,497,492,-1,491,498,499,-1,491,499,490,-1,644,624,631,-1,631,624,625,-1,631,625,630,-1,630,625,626,-1,630,626,629,-1,
  629,626,627,-1,629,627,628,-1,641,642,632,-1,632,642,643,-1,632,643,631,-1,631,643,644,-1,638,639,634,-1,634,639,640,-1,
  634,640,633,-1,633,640,641,-1,633,641,632,-1,635,460,636,-1,635,636,637,-1,635,637,638,-1,635,638,634,-1,645,646,623,-1,
  645,623,624,-1,645,624,644,-1,650,620,649,-1,649,620,621,-1,649,621,648,-1,648,621,622,-1,648,622,647,-1,647,622,623,-1,
  647,623,646,-1,620,650,651,-1,620,651,636,-1,620,636,461,-1,620,461,462,-1,612,613,466,-1,612,466,467,-1,612,467,468,-1,
  612,469,470,-1,612,470,471,-1,612,472,473,-1,612,473,611,-1,611,473,474,-1,611,474,607,-1,611,607,608,-1,611,608,609,-1,
  611,609,610,-1,603,604,477,-1,477,604,605,-1,477,605,476,-1,476,605,606,-1,476,606,475,-1,475,606,607,-1,475,607,474,-1,
  598,599,484,-1,598,484,485,-1,598,485,486,-1,685,686,691,-1,691,686,687,-1,691,687,690,-1,690,687,688,-1,690,688,689,-1,
  691,652,685,-1,685,652,653,-1,685,653,664,-1,664,653,654,-1,664,654,663,-1,663,654,655,-1,663,655,662,-1,662,655,656,-1,
  662,656,661,-1,661,656,657,-1,661,657,660,-1,660,657,658,-1,660,658,659,-1,347,348,349,-1,347,349,350,-1,347,350,351,-1,
  347,351,352,-1,347,352,353,-1,347,353,316,-1,347,316,317,-1,347,317,346,-1,341,342,336,-1,341,336,337,-1,341,338,339,-1,
  341,339,340,-1,342,343,336,-1,336,343,344,-1,336,344,335,-1,334,345,346,-1,334,346,333,-1,333,346,317,-1,333,317,318,-1,
  357,313,356,-1,356,313,314,-1,356,314,355,-1,355,314,315,-1,355,315,354,-1,354,315,316,-1,354,316,353,-1,318,326,327,-1,
  318,328,329,-1,318,329,330,-1,318,331,332,-1,318,332,333,-1,665,667,684,-1,684,667,668,-1,684,668,683,-1,683,668,669,-1,
  683,669,682,-1,682,669,670,-1,682,670,681,-1,681,670,671,-1,681,671,680,-1,680,671,672,-1,680,672,679,-1,679,672,673,-1,
  679,673,678,-1,678,673,674,-1,678,674,677,-1,677,674,675,-1,677,675,676,-1,685,664,665,-1,685,665,684,-1,1267,1268,1248,-1,
  1248,1268,1269,-1,1248,1269,1271,-1,1255,1256,1251,-1,1255,1251,1252,-1,1255,1252,1253,-1,1255,1253,1254,-1,1250,1251,1256,-1,1250,1256,1257,-1,
  1250,1257,1258,-1,1250,1258,1249,-1,1248,1249,1258,-1,1248,1258,1259,-1,1248,1259,1260,-1,1248,1260,1261,-1,1248,1261,1262,-1,1248,1263,1264,-1,
  1248,1264,1265,-1,1248,1265,1266,-1,1248,1266,1267,-1,1248,1271,1272,-1,1248,1272,1273,-1,1248,1273,1274,-1,1248,1275,1276,-1,1248,1276,1277,-1,
  1248,1277,1247,-1,1278,1279,1245,-1,1278,1246,1247,-1,1278,1247,1277,-1,1280,1281,1243,-1,1280,1244,1245,-1,1280,1245,1279,-1,1243,1281,1282,-1,
  1243,1283,1284,-1,1243,1285,1242,-1,1215,1216,1286,-1,1286,1216,1240,-1,1286,1240,1285,-1,1285,1240,1241,-1,1240,1216,1217,-1,1240,1217,1219,-1,
  1240,1219,1220,-1,1288,736,1287,-1,1287,736,1213,-1,1287,1213,1286,-1,1286,1213,1214,-1,1286,1214,1215,-1,699,705,1210,-1,698,1210,1211,-1,
  698,1211,697,-1,697,1212,1213,-1,1213,736,737,-1,1213,737,692,-1,1213,692,693,-1,1213,693,696,-1,1213,696,697,-1,696,693,694,-1,
  696,694,695,-1,704,699,742,-1,742,699,700,-1,742,700,739,-1,738,701,702,-1,738,702,737,-1,1199,1200,1205,-1,1205,1200,1201,-1,
  1205,1201,1203,-1,998,727,728,-1,998,728,750,-1,750,716,704,-1,704,716,717,-1,704,717,703,-1,715,718,719,-1,715,719,714,-1,
  709,711,708,-1,707,712,1689,-1,707,1689,706,-1,706,1689,1690,-1,706,1690,1691,-1,1206,1207,1198,-1,1198,1208,1691,-1,1691,1208,1209,-1,
  1691,1209,706,-1,706,1210,705,-1,704,742,743,-1,704,743,744,-1,704,744,745,-1,704,745,746,-1,704,746,747,-1,704,747,748,-1,
  704,748,749,-1,704,749,750,-1,1199,1205,1206,-1,1199,1206,1198,-1,1674,1195,1196,-1,1674,1196,1198,-1,1198,1196,1197,-1,740,741,742,-1,
  740,742,739,-1,761,762,767,-1,761,767,768,-1,761,768,769,-1,761,770,828,-1,761,828,811,-1,761,811,760,-1,763,764,766,-1,
  763,766,767,-1,763,767,762,-1,805,797,804,-1,804,797,798,-1,804,798,803,-1,803,798,799,-1,803,799,802,-1,802,799,800,-1,
  802,800,801,-1,806,807,796,-1,806,796,797,-1,806,797,805,-1,796,810,795,-1,786,788,785,-1,785,788,789,-1,785,789,784,-1,
  784,789,790,-1,784,790,783,-1,783,790,791,-1,783,791,782,-1,782,791,792,-1,782,792,820,-1,820,792,793,-1,820,793,810,-1,
  810,793,794,-1,810,794,795,-1,810,759,814,-1,810,814,815,-1,810,815,816,-1,810,816,817,-1,810,817,818,-1,810,818,819,-1,
  810,819,820,-1,759,760,811,-1,759,811,812,-1,759,812,813,-1,759,813,814,-1,782,820,821,-1,782,821,822,-1,782,822,823,-1,
  782,823,824,-1,782,824,825,-1,782,825,826,-1,782,826,827,-1,782,827,828,-1,782,828,770,-1,782,770,771,-1,782,771,772,-1,
  782,772,781,-1,776,778,775,-1,775,778,779,-1,775,779,774,-1,774,779,780,-1,774,780,773,-1,773,780,781,-1,773,781,772,-1,
  921,922,1861,-1,921,1861,1862,-1,921,1862,1863,-1,921,1863,1864,-1,921,1864,847,-1,921,847,848,-1,921,848,849,-1,921,849,850,-1,
  921,850,851,-1,921,851,852,-1,921,852,853,-1,921,853,854,-1,921,854,855,-1,921,855,904,-1,1858,1859,924,-1,924,1859,1860,-1,
  924,1860,923,-1,923,1860,1861,-1,1855,1856,925,-1,925,1856,1857,-1,925,1857,924,-1,924,1857,1858,-1,925,926,1855,-1,1855,926,927,-1,
  1855,927,864,-1,864,927,952,-1,864,952,863,-1,863,952,953,-1,863,953,862,-1,862,953,954,-1,862,954,955,-1,864,847,1864,-1,
  864,1864,1865,-1,864,1865,1866,-1,864,1866,1867,-1,864,1867,1868,-1,864,1868,1869,-1,864,1869,1870,-1,864,1870,1871,-1,864,1871,1872,-1,
  864,1872,1855,-1,1303,1304,1839,-1,1303,1839,1840,-1,1303,1840,1841,-1,1303,1841,1842,-1,1303,1842,1843,-1,1303,1843,1844,-1,1303,1844,1845,-1,
  1303,1845,1846,-1,1303,1846,865,-1,1303,865,866,-1,1303,866,867,-1,1303,867,868,-1,1303,868,735,-1,1853,1854,877,-1,877,1854,1837,-1,
  877,1837,1304,-1,1304,1837,1838,-1,1304,1838,1839,-1,1847,1848,882,-1,1847,882,865,-1,1847,865,1846,-1,879,880,1850,-1,1850,880,881,-1,
  1850,881,1849,-1,1849,881,882,-1,1849,882,1848,-1,1851,1852,877,-1,1851,877,878,-1,1851,878,879,-1,1851,879,1850,-1,981,982,980,-1,
  980,982,983,-1,980,983,978,-1,978,983,984,-1,978,984,976,-1,976,984,974,-1,915,916,910,-1,915,910,911,-1,915,911,912,-1,
  915,912,913,-1,915,913,914,-1,906,907,918,-1,918,907,908,-1,918,908,917,-1,917,908,909,-1,917,909,916,-1,916,909,910,-1,
  920,904,919,-1,919,904,905,-1,919,905,918,-1,918,905,906,-1,1768,1626,1627,-1,1768,1627,1767,-1,1767,1627,1628,-1,1767,1628,1766,-1,
  1766,1628,1629,-1,1766,1629,1765,-1,1765,1629,1630,-1,1765,1630,1764,-1,1764,1630,1631,-1,1764,1631,1763,-1,1763,1631,1634,-1,1763,1634,1762,-1,
  1762,1634,1901,-1,1762,1901,1902,-1,1624,1625,1771,-1,1771,1625,1626,-1,1770,1626,1769,-1,1772,1773,1622,-1,1772,1622,1623,-1,1772,1623,1624,-1,
  1772,1624,1771,-1,1774,1621,1622,-1,1774,1622,1773,-1,1777,1790,1791,-1,1777,1791,1776,-1,1782,1784,1785,-1,1782,1785,1786,-1,1782,1786,1787,-1,
  1782,1787,1788,-1,1782,1788,1781,-1,1663,1642,1644,-1,1663,1644,1662,-1,1662,1644,1646,-1,1662,1646,1661,-1,1661,1646,1651,-1,1661,1651,1652,-1,
  1665,1640,1641,-1,1665,1641,1664,-1,1664,1641,1663,-1,1572,1573,1940,-1,1572,1940,1941,-1,1572,1941,1942,-1,1572,1942,1943,-1,1572,1943,1944,-1,
  1572,1944,1927,-1,1572,1927,1976,-1,1572,1976,1977,-1,1572,1977,1978,-1,1572,1978,1979,-1,1572,1979,1980,-1,1572,1980,1963,-1,1572,1963,75,-1,
  1572,75,76,-1,1572,76,77,-1,1572,77,78,-1,1572,78,79,-1,1572,79,62,-1,1572,62,1525,-1,1572,1526,1527,-1,1572,1527,1528,-1,
  1572,1528,1529,-1,1572,1529,1530,-1,1572,1530,1531,-1,1572,1533,1534,-1,1572,1535,1958,-1,1572,1958,1959,-1,1572,1959,1960,-1,1572,1960,1961,-1,
  1572,1961,1962,-1,1572,1962,1945,-1,1572,1945,1556,-1,1572,1556,1557,-1,1572,1558,1559,-1,1572,1561,1562,-1,1572,1562,1563,-1,1572,1563,1564,-1,
  1572,1564,1565,-1,1572,1565,1566,-1,1572,1566,1567,-1,1572,1567,1568,-1,1572,1568,1569,-1,1572,1569,1570,-1,1572,1570,1571,-1,1555,1556,1554,-1,
  1554,1556,1945,-1,1554,1945,1552,-1,1552,1945,1546,-1,1552,1546,1547,-1,1551,1547,1548,-1,1551,1548,1549,-1,1551,1549,1550,-1,1542,1543,1955,-1,
  1955,1543,1544,-1,1955,1544,1954,-1,1954,1544,1545,-1,1954,1545,1953,-1,1953,1545,1952,-1,1540,1541,1957,-1,1957,1541,1542,-1,1957,1542,1956,-1,
  1956,1542,1955,-1,1957,1958,1537,-1,1957,1537,1538,-1,1957,1539,1540,-1,1958,1535,1536,-1,1958,1536,1537,-1,1522,1524,62,-1,1522,62,1491,-1,
  1522,1491,1492,-1,1522,1492,1494,-1,1522,1495,1496,-1,1522,1497,1498,-1,1522,1498,1499,-1,1522,1499,1520,-1,1522,1520,1521,-1,1520,1499,1515,-1,
  1520,1515,1516,-1,1520,1516,1517,-1,1514,1509,1510,-1,1514,1510,1511,-1,1514,1511,1512,-1,1514,1512,1513,-1,1508,1515,1503,-1,1508,1503,1504,-1,
  1508,1504,1505,-1,1508,1505,1506,-1,1508,1506,1507,-1,1515,1499,1501,-1,1515,1501,1502,-1,1515,1502,1503,-1,1484,1485,52,-1,52,1486,51,-1,
  51,1486,1487,-1,51,1487,50,-1,50,1487,49,-1,46,47,1488,-1,1488,47,48,-1,1488,48,1487,-1,1487,48,49,-1,1488,1489,62,-1,
  1488,62,1450,-1,1488,1450,45,-1,1488,45,46,-1,1450,1451,60,-1,1450,60,61,-1,1450,61,44,-1,1450,44,45,-1,1490,1491,62,-1,
  1490,62,1489,-1,1433,1434,71,-1,71,1434,1435,-1,71,1435,70,-1,70,1435,1436,-1,70,1436,69,-1,69,1436,1437,-1,69,1437,68,-1,
  71,72,1428,-1,71,1428,1429,-1,71,1429,1432,-1,71,1432,1433,-1,72,73,1423,-1,72,1423,1424,-1,72,1424,1425,-1,72,1425,1426,-1,
  72,1426,1427,-1,72,1427,1428,-1,73,74,1762,-1,73,1762,1902,-1,73,1902,1903,-1,73,1903,1904,-1,73,1904,1420,-1,73,1420,1422,-1,
  73,1422,1423,-1,1417,1418,1419,-1,1417,1419,1891,-1,1417,1891,1671,-1,1417,1671,1672,-1,1417,1672,1673,-1,1417,1673,1656,-1,1417,1656,1416,-1,
  1307,1308,876,-1,876,1308,1309,-1,876,1309,886,-1,886,1309,1310,-1,886,1310,1416,-1,1416,1310,1311,-1,1416,1311,1415,-1,1415,1311,1312,-1,
  1415,1312,1414,-1,1414,1312,1313,-1,1414,1313,1413,-1,1413,1313,1314,-1,1413,1314,1315,-1,1416,1656,883,-1,1416,883,884,-1,1416,884,885,-1,
  1416,885,886,-1,1419,1420,1906,-1,1419,1906,1907,-1,1419,1907,1908,-1,1419,1908,1891,-1,1420,1904,1905,-1,1420,1905,1906,-1,1898,1899,1636,-1,
  1636,1899,1900,-1,1636,1900,1635,-1,1635,1900,1901,-1,1635,1901,1634,-1,74,75,1963,-1,74,1963,1760,-1,74,1760,1761,-1,74,1761,1762,-1,
  1970,1971,1757,-1,1757,1971,1972,-1,1757,1972,1756,-1,1756,1972,1973,-1,1756,1973,1755,-1,1755,1973,1753,-1,1974,1975,1736,-1,1974,1736,1737,-1,
  1974,1737,1738,-1,1974,1738,1739,-1,1974,1739,1740,-1,1974,1740,1741,-1,1974,1741,1743,-1,1974,1743,1744,-1,1974,1744,1745,-1,1974,1745,1752,-1,
  1974,1752,1753,-1,1974,1753,1973,-1,1752,1745,1746,-1,1752,1746,1747,-1,1752,1747,1750,-1,1752,1750,1751,-1,1750,1747,1748,-1,1750,1748,1749,-1,
  1735,1736,1975,-1,1735,1975,1927,-1,1735,1927,1928,-1,1735,1928,1929,-1,1735,1929,1734,-1,1936,1937,1573,-1,1936,1573,1585,-1,1936,1585,1586,-1,
  1936,1586,1587,-1,1936,1587,1588,-1,1936,1589,1590,-1,1936,1591,1728,-1,1936,1728,1729,-1,1936,1729,1730,-1,1936,1730,1731,-1,1936,1731,1732,-1,
  1936,1732,1935,-1,1728,1591,1592,-1,1728,1592,1593,-1,1728,1593,1727,-1,1573,1574,1577,-1,1573,1577,1578,-1,1573,1578,1579,-1,1573,1579,1580,-1,
  1573,1580,1584,-1,1573,1584,1585,-1,1573,1937,1938,-1,1573,1938,1939,-1,1573,1939,1940,-1,1546,1945,1946,-1,1546,1946,1947,-1,1546,1947,1948,-1,
  1546,1948,1949,-1,1546,1949,1950,-1,1546,1950,1951,-1,1546,1951,1952,-1,1546,1952,1545,-1,1484,52,1483,-1,1483,52,53,-1,1483,53,1456,-1,
  1456,53,54,-1,1456,54,1455,-1,1475,1476,1471,-1,1475,1471,1472,-1,1475,1472,1473,-1,1475,1473,1474,-1,1478,1470,1471,-1,1478,1471,1477,-1,
  1477,1471,1476,-1,1479,1466,1467,-1,1479,1467,1478,-1,1478,1468,1469,-1,1462,1463,1480,-1,1480,1463,1464,-1,1480,1464,1479,-1,1479,1464,1465,-1,
  1481,1482,1456,-1,1481,1456,1457,-1,1481,1457,1458,-1,1481,1458,1459,-1,1481,1459,1460,-1,1481,1460,1461,-1,1481,1461,1462,-1,1481,1462,1480,-1,
  56,1453,1454,-1,56,1454,55,-1,55,1454,54,-1,1451,56,57,-1,1451,57,58,-1,1451,58,59,-1,1451,59,60,-1,1448,1449,64,-1,
  64,1449,1450,-1,64,1450,63,-1,63,1450,62,-1,65,1445,1446,-1,65,1446,64,-1,64,1447,1448,-1,66,67,1442,-1,66,1442,1443,-1,
  66,1443,1444,-1,66,1444,65,-1,68,1439,1440,-1,68,1441,1442,-1,68,1442,67,-1,1430,1431,1432,-1,1382,1383,1350,-1,1350,1384,1348,-1,
  1348,1384,1385,-1,1348,1385,1347,-1,1347,1385,1346,-1,1343,1344,1386,-1,1386,1345,1385,-1,1385,1345,1346,-1,1387,1343,1386,-1,1390,1341,1342,-1,
  1389,1342,1388,-1,1336,1337,1394,-1,1394,1338,1393,-1,1393,1338,1339,-1,1393,1339,1392,-1,1395,1396,1335,-1,1395,1336,1394,-1,1331,1332,1399,-1,
  1399,1332,1333,-1,1399,1333,1398,-1,1397,1334,1335,-1,1397,1335,1396,-1,1399,1400,1328,-1,1399,1328,1329,-1,1399,1329,1330,-1,1399,1330,1331,-1,
  1323,1324,1403,-1,1403,1324,1325,-1,1403,1325,1402,-1,1402,1325,1326,-1,1402,1326,1401,-1,1401,1326,1327,-1,1401,1327,1400,-1,1400,1327,1328,-1,
  1407,1319,1320,-1,1407,1320,1406,-1,1406,1320,1321,-1,1406,1321,1405,-1,1405,1321,1322,-1,1405,1322,1404,-1,1404,1322,1323,-1,1404,1323,1403,-1,
  1317,1318,1410,-1,1410,1318,1319,-1,1409,1319,1408,-1,1411,1412,1315,-1,1411,1315,1316,-1,1411,1316,1317,-1,1411,1317,1410,-1,1361,1362,1367,-1,
  1367,1362,1363,-1,1367,1363,1366,-1,1366,1363,1364,-1,1366,1364,1365,-1,1361,1367,1368,-1,1361,1368,1369,-1,1361,1369,1370,-1,1361,1370,1360,-1,
  1371,1372,1890,-1,1371,1890,1873,-1,1371,1873,1359,-1,1371,1360,1370,-1,1890,1372,1889,-1,1889,1372,1373,-1,1889,1373,1888,-1,1888,1373,1374,-1,
  1888,1374,1375,-1,1888,1377,1887,-1,1887,1377,1378,-1,1887,1378,1379,-1,1883,1884,1381,-1,1381,1884,1885,-1,1381,1885,1380,-1,1380,1885,1886,-1,
  1380,1886,1379,-1,1379,1886,1887,-1,1882,1883,1381,-1,1882,1381,1382,-1,1882,1382,1350,-1,1882,1350,1351,-1,1882,1351,1881,-1,1875,1358,1359,-1,
  1875,1359,1874,-1,1874,1359,1873,-1,1876,1877,1355,-1,1876,1356,1357,-1,1876,1357,1875,-1,1881,1351,1880,-1,1880,1351,1352,-1,1880,1352,1879,-1,
  1879,1352,1353,-1,1879,1353,1878,-1,1878,1353,1354,-1,1878,1354,1877,-1,1877,1354,1355,-1,1659,1654,1655,-1,1659,1655,1658,-1,1658,1655,883,-1,
  1658,883,1657,-1,1657,883,1656,-1,1660,1661,1652,-1,1660,1652,1653,-1,1660,1653,1659,-1,1892,1893,1670,-1,1892,1670,1671,-1,1892,1671,1891,-1,
  1667,1668,1895,-1,1895,1668,1669,-1,1895,1669,1894,-1,1894,1669,1670,-1,1894,1670,1893,-1,1896,1897,1637,-1,1896,1637,1665,-1,1896,1665,1666,-1,
  1896,1666,1667,-1,1896,1667,1895,-1,1665,1637,1638,-1,1897,1898,1636,-1,1897,1636,1637,-1,1650,1651,1646,-1,1650,1646,1647,-1,1650,1647,1648,-1,
  1650,1648,1649,-1,1632,1633,1634,-1,1964,1965,1759,-1,1964,1759,1760,-1,1964,1760,1963,-1,1965,1966,1759,-1,1759,1966,1967,-1,1759,1967,1758,-1,
  1758,1967,1968,-1,1758,1968,1757,-1,1757,1968,1969,-1,1757,1969,1970,-1,1583,1584,1580,-1,1583,1580,1581,-1,1583,1581,1582,-1,1575,1576,1577,-1,
  1575,1577,1574,-1,1190,1191,1675,-1,1190,1675,1676,-1,1190,1676,1677,-1,1190,1677,1678,-1,1190,1678,1679,-1,1190,1679,1680,-1,1190,1680,1681,-1,
  1190,1681,1682,-1,1190,1682,1683,-1,1190,1683,1817,-1,1190,1817,1189,-1,1674,1675,1191,-1,1674,1191,1192,-1,1674,1192,1193,-1,1674,1193,1194,-1,
  1179,1818,1178,-1,1178,1818,1174,-1,1178,1174,1177,-1,1177,1174,1175,-1,1177,1175,1176,-1,1804,1805,1156,-1,1156,1805,1806,-1,1156,1806,1155,-1,
  1155,1806,1153,-1,1155,1153,1154,-1,1156,1157,1804,-1,1804,1157,1158,-1,1804,1158,1803,-1,1803,1158,1159,-1,1803,1159,1160,-1,1160,1161,1801,-1,
  1160,1801,1802,-1,1160,1802,1803,-1,1809,1145,1146,-1,1809,1146,1808,-1,1808,1147,1151,-1,1151,1147,1148,-1,1151,1148,1150,-1,1150,1148,1149,-1,
  1152,1153,1807,-1,1152,1807,1808,-1,1152,1808,1151,-1,1143,1144,1809,-1,1143,1809,1810,-1,1143,1810,2019,-1,1143,2019,1142,-1,1829,1801,1828,-1,
  1828,1801,1167,-1,1828,1167,1827,-1,1827,1167,1168,-1,1827,1168,1826,-1,1826,1168,1169,-1,1171,1172,1821,-1,1171,1821,1822,-1,1171,1822,1823,-1,
  1171,1823,1824,-1,1171,1824,1825,-1,1171,1825,1826,-1,1172,1173,1818,-1,1172,1818,1836,-1,1172,1836,1819,-1,1172,1819,1820,-1,1172,1820,1821,-1,
  1066,1067,1072,-1,1066,1072,1073,-1,1066,1073,1911,-1,1066,1911,1036,-1,1066,1036,1037,-1,1066,1037,1065,-1,1068,1069,1071,-1,1068,1071,1072,-1,
  1068,1072,1067,-1,1033,1912,835,-1,835,1912,1913,-1,835,1913,834,-1,834,1913,1914,-1,834,1914,833,-1,833,1914,1915,-1,833,1915,832,-1,
  832,1915,1916,-1,832,1916,831,-1,831,1916,1917,-1,831,1917,830,-1,830,1917,1918,-1,830,1918,829,-1,829,1918,998,-1,829,998,1001,-1,
  1001,998,999,-1,1001,999,1000,-1,1032,1033,835,-1,1032,835,836,-1,1032,836,837,-1,1032,837,838,-1,1032,838,1031,-1,1001,1002,843,-1,
  1001,843,844,-1,1001,844,845,-1,1001,845,846,-1,1001,846,829,-1,1005,841,1004,-1,1004,841,842,-1,1004,842,1003,-1,1003,842,843,-1,
  1003,843,1002,-1,839,840,1007,-1,1007,840,841,-1,1006,841,1005,-1,1030,1031,838,-1,1030,838,839,-1,1030,839,1007,-1,1030,1007,1008,-1,
  1030,1008,1029,-1,998,1918,1919,-1,998,1919,1920,-1,998,1920,1921,-1,998,1921,1922,-1,998,1922,1923,-1,998,1923,1924,-1,998,1924,1925,-1,
  998,1925,1926,-1,998,1926,1080,-1,998,1080,1081,-1,998,1081,1082,-1,998,1082,1083,-1,998,1084,1086,-1,998,1086,1087,-1,998,1087,1088,-1,
  998,1088,1089,-1,998,1089,1090,-1,998,1090,1091,-1,998,1091,1092,-1,998,1092,2002,-1,998,2002,2003,-1,998,2004,2005,-1,998,2005,2006,-1,
  998,2007,2008,-1,998,2008,2009,-1,998,2010,2011,-1,998,2011,2033,-1,998,2033,2034,-1,998,2034,2035,-1,998,2035,2036,-1,998,2036,2037,-1,
  998,2037,2038,-1,998,2038,719,-1,998,719,720,-1,998,721,722,-1,998,722,723,-1,998,724,725,-1,998,725,726,-1,1909,1910,1076,-1,
  1909,1076,1077,-1,1909,1077,1078,-1,1909,1078,1079,-1,1909,1079,1926,-1,2027,2000,2026,-1,2026,2000,2022,-1,2026,2022,2025,-1,2025,2022,2023,-1,
  2025,2023,2024,-1,2024,2012,2013,-1,2013,2039,2040,-1,2013,2040,2041,-1,2013,2041,2024,-1,1811,1812,2017,-1,2017,1812,1813,-1,2016,1813,1814,-1,
  2016,1814,2015,-1,2015,1814,2039,-1,2015,2039,2014,-1,2019,2020,1127,-1,2019,1127,1137,-1,2019,1137,1138,-1,2019,1138,1139,-1,2019,1139,1140,-1,
  2019,1140,1141,-1,2019,1141,1142,-1,2018,2019,1810,-1,2018,1810,1811,-1,2018,1811,2017,-1,2039,1814,1815,-1,2039,1815,1816,-1,2039,1816,1683,-1,
  2039,1683,2038,-1,1801,1161,1162,-1,1801,1162,1163,-1,1801,1163,1164,-1,1801,1165,1166,-1,1801,1166,1167,-1,1801,1829,1830,-1,1801,1830,1831,-1,
  1801,1831,1832,-1,1801,1832,1818,-1,1818,1832,1833,-1,1818,1833,1834,-1,1818,1834,1835,-1,1818,1835,1836,-1,1818,1180,1181,-1,1818,1182,1183,-1,
  1818,1183,1184,-1,1818,1184,1185,-1,1818,1185,1186,-1,1818,1186,1187,-1,1818,1187,1817,-1,1188,1189,1817,-1,1188,1817,1187,-1,2038,1683,1684,-1,
  2038,1684,1685,-1,2038,1685,1686,-1,2038,1686,1687,-1,2038,1687,1688,-1,2038,1688,712,-1,2038,712,713,-1,2038,713,719,-1,998,750,751,-1,
  998,751,752,-1,998,752,753,-1,998,753,754,-1,998,754,755,-1,998,755,869,-1,998,869,870,-1,998,870,871,-1,998,871,872,-1,
  998,872,873,-1,998,873,855,-1,998,855,856,-1,998,856,857,-1,998,857,858,-1,998,858,859,-1,998,859,860,-1,998,860,959,-1,
  998,959,960,-1,998,961,962,-1,998,963,1704,-1,998,1704,1705,-1,998,1705,1706,-1,998,1706,997,-1,730,756,757,-1,730,757,758,-1,
  730,758,741,-1,730,741,729,-1,869,755,868,-1,868,755,756,-1,868,756,732,-1,732,756,731,-1,736,1289,1290,-1,736,1290,1291,-1,
  736,1291,1292,-1,736,1292,1293,-1,736,1293,1294,-1,736,1294,1295,-1,736,1295,1296,-1,736,1296,1297,-1,736,1297,1298,-1,736,1298,1299,-1,
  736,1299,1300,-1,736,1300,735,-1,1301,1302,735,-1,1301,735,1300,-1,868,732,733,-1,868,734,735,-1,1307,876,1306,-1,1306,876,877,-1,
  1306,877,1305,-1,887,888,875,-1,887,875,876,-1,887,876,886,-1,889,890,874,-1,889,874,875,-1,889,875,888,-1,874,890,891,-1,
  874,891,892,-1,874,892,893,-1,874,893,873,-1,873,893,894,-1,873,894,895,-1,873,895,896,-1,873,897,898,-1,873,899,855,-1,
  855,899,900,-1,855,900,901,-1,855,901,902,-1,855,902,903,-1,855,903,904,-1,862,955,861,-1,861,955,956,-1,861,956,860,-1,
  860,956,957,-1,860,957,958,-1,968,1701,967,-1,985,986,974,-1,974,986,1701,-1,974,1701,973,-1,964,965,1701,-1,964,1701,1702,-1,
  964,1702,1703,-1,964,1703,963,-1,1709,1692,990,-1,1709,991,992,-1,1709,992,993,-1,1709,993,994,-1,1709,994,995,-1,1709,995,996,-1,
  1709,996,1708,-1,997,1706,1707,-1,997,1707,1708,-1,997,1708,996,-1,1912,1033,1034,-1,1912,1035,1036,-1,1912,1036,1911,-1,1037,1038,1057,-1,
  1037,1057,1058,-1,1037,1059,1060,-1,1037,1060,1061,-1,1037,1063,1064,-1,1037,1064,1065,-1,1038,1039,1055,-1,1038,1055,1056,-1,1038,1056,1057,-1,
  1053,1054,1041,-1,1041,1054,1055,-1,1040,1055,1039,-1,1041,1042,1051,-1,1041,1052,1053,-1,1043,1044,1047,-1,1043,1047,1048,-1,1043,1048,1049,-1,
  1043,1050,1051,-1,1043,1051,1042,-1,1044,1045,1046,-1,1044,1046,1047,-1,1911,1073,1074,-1,1911,1075,1076,-1,1911,1076,1910,-1,1697,1698,988,-1,
  988,1698,1699,-1,988,1699,987,-1,987,1699,1700,-1,987,1700,986,-1,986,1700,1701,-1,1694,1695,989,-1,989,1695,1696,-1,989,1696,988,-1,
  988,1696,1697,-1,989,990,1692,-1,989,1692,1693,-1,989,1693,1694,-1,1929,1930,1734,-1,1734,1930,1931,-1,1734,1931,1733,-1,1733,1931,1932,-1,
  1733,1932,1933,-1,1732,1733,1933,-1,1732,1933,1934,-1,1732,1934,1935,-1,1991,1992,1596,-1,1991,1597,1598,-1,1991,1598,1990,-1,1994,1595,1596,-1,
  1994,1596,1993,-1,1993,1596,1992,-1,1995,1996,1594,-1,1995,1594,1994,-1,1131,1132,1133,-1,1131,1133,1134,-1,1131,1134,1135,-1,1131,1135,1130,-1,
  1127,1128,1136,-1,1136,1128,1129,-1,1136,1129,1135,-1,1135,1129,1130,-1,1127,2020,1095,-1,1127,1095,1096,-1,1127,1096,1119,-1,1127,1119,1120,-1,
  1127,1120,1126,-1,1121,1122,1123,-1,1121,1123,1124,-1,1121,1124,1125,-1,1121,1125,1120,-1,1100,1113,1099,-1,1099,1113,1117,-1,1099,1117,1098,-1,
  1098,1117,1118,-1,1098,1118,1097,-1,1097,1118,1119,-1,1097,1119,1096,-1,1115,1116,1117,-1,1115,1117,1113,-1,2030,2031,2000,-1,2000,2031,2032,-1,
  2000,2032,1999,-1,1999,2032,2033,-1,1093,1094,2021,-1,1093,2022,2001,-1,1093,2001,2002,-1,1093,2002,1092,-1,2000,2027,2028,-1,2000,2028,2029,-1,
  2000,2029,2030,-1,1094,2020,2021,-1,1018,1020,1017,-1,1017,1020,1021,-1,1017,1021,1016,-1,1016,1021,1022,-1,1016,1022,1015,-1,1015,1022,1023,-1,
  1015,1023,1014,-1,1014,1023,1024,-1,1014,1024,1013,-1,1013,1024,1025,-1,1013,1025,1012,-1,1012,1025,1026,-1,1012,1026,1011,-1,1011,1026,1027,-1,
  1011,1027,1010,-1,1010,1027,1028,-1,1010,1028,1009,-1,1009,1028,1029,-1,1009,1029,1008,-1,2074,2054,2061,-1,2061,2054,2055,-1,2061,2055,2060,-1,
  2060,2055,2056,-1,2060,2056,2059,-1,2059,2056,2057,-1,2059,2057,2058,-1,2071,2072,2062,-1,2062,2072,2073,-1,2062,2073,2061,-1,2061,2073,2074,-1,
  2068,2069,2064,-1,2064,2069,2070,-1,2064,2070,2063,-1,2063,2070,2071,-1,2063,2071,2062,-1,2065,2042,2066,-1,2065,2066,2067,-1,2065,2067,2068,-1,
  2065,2068,2064,-1,2075,2076,2053,-1,2075,2053,2054,-1,2075,2054,2074,-1,2079,2051,2078,-1,2078,2051,2052,-1,2078,2052,2077,-1,2077,2052,2053,-1,
  2077,2053,2076,-1,2080,2081,2050,-1,2080,2050,2051,-1,2080,2051,2079,-1,2066,2042,2049,-1,2066,2049,2050,-1,2066,2050,2081,-1,2045,2047,2044,-1,
  2044,2047,2048,-1,2044,2048,2043,-1,2043,2048,2049,-1,2043,2049,2042,-1,2114,2094,2101,-1,2101,2094,2095,-1,2101,2095,2100,-1,2100,2095,2096,-1,
  2100,2096,2099,-1,2099,2096,2097,-1,2099,2097,2098,-1,2111,2112,2102,-1,2102,2112,2113,-1,2102,2113,2101,-1,2101,2113,2114,-1,2108,2109,2104,-1,
  2104,2109,2110,-1,2104,2110,2103,-1,2103,2110,2111,-1,2103,2111,2102,-1,2105,2082,2106,-1,2105,2106,2107,-1,2105,2107,2108,-1,2105,2108,2104,-1,
  2115,2116,2093,-1,2115,2093,2094,-1,2115,2094,2114,-1,2119,2091,2118,-1,2118,2091,2092,-1,2118,2092,2117,-1,2117,2092,2093,-1,2117,2093,2116,-1,
  2120,2121,2090,-1,2120,2090,2091,-1,2120,2091,2119,-1,2106,2082,2089,-1,2106,2089,2090,-1,2106,2090,2121,-1,2085,2087,2084,-1,2084,2087,2088,-1,
  2084,2088,2083,-1,2083,2088,2089,-1,2083,2089,2082,-1,2156,2158,2155,-1,2155,2158,2159,-1,2155,2159,2154,-1,2154,2159,2160,-1,2154,2160,2153,-1,
  2153,2160,2161,-1,2153,2161,2152,-1,2152,2161,2141,-1,2152,2141,2151,-1,2151,2141,2142,-1,2151,2142,2143,-1,2151,2143,2150,-1,2150,2143,2144,-1,
  2150,2144,2149,-1,2149,2144,2145,-1,2149,2145,2148,-1,2148,2145,2146,-1,2148,2146,2147,-1,2140,2141,2161,-1,2140,2161,2173,-1,2140,2173,2174,-1,
  2140,2174,2134,-1,2140,2134,2135,-1,2140,2135,2136,-1,2140,2136,2139,-1,2168,2169,2164,-1,2164,2169,2170,-1,2164,2170,2163,-1,2163,2170,2171,-1,
  2163,2171,2162,-1,2162,2171,2172,-1,2162,2172,2161,-1,2161,2172,2173,-1,2165,2122,2166,-1,2165,2166,2167,-1,2165,2167,2168,-1,2165,2168,2164,-1,
  2139,2136,2137,-1,2139,2137,2138,-1,2175,2176,2133,-1,2175,2133,2134,-1,2175,2134,2174,-1,2179,2131,2178,-1,2178,2131,2132,-1,2178,2132,2177,-1,
  2177,2132,2133,-1,2177,2133,2176,-1,2180,2181,2130,-1,2180,2130,2131,-1,2180,2131,2179,-1,2166,2122,2129,-1,2166,2129,2130,-1,2166,2130,2181,-1,
  2125,2127,2124,-1,2124,2127,2128,-1,2124,2128,2123,-1,2123,2128,2129,-1,2123,2129,2122,-1,2217,2218,2200,-1,2200,2218,2219,-1,2200,2219,2198,-1,
  2198,2219,2220,-1,2198,2220,2197,-1,2197,2220,2221,-1,2197,2221,2196,-1,2196,2221,2222,-1,2196,2222,2195,-1,2195,2222,2223,-1,2195,2223,2194,-1,
  2194,2223,2236,-1,2194,2236,2237,-1,2233,2234,2224,-1,2224,2234,2235,-1,2224,2235,2223,-1,2223,2235,2236,-1,2230,2231,2226,-1,2226,2231,2232,-1,
  2226,2232,2225,-1,2225,2232,2233,-1,2225,2233,2224,-1,2227,2182,2228,-1,2227,2228,2229,-1,2227,2229,2230,-1,2227,2230,2226,-1,2217,2201,2216,-1,
  2216,2201,2202,-1,2216,2202,2215,-1,2215,2202,2203,-1,2215,2203,2214,-1,2214,2203,2204,-1,2214,2204,2213,-1,2213,2204,2205,-1,2213,2205,2212,-1,
  2212,2205,2206,-1,2212,2206,2211,-1,2211,2206,2207,-1,2211,2207,2210,-1,2210,2207,2208,-1,2210,2208,2209,-1,2193,2194,2237,-1,2193,2237,2238,-1,
  2193,2238,2239,-1,2193,2239,2192,-1,2240,2241,2191,-1,2240,2191,2192,-1,2240,2192,2239,-1,2242,2243,2190,-1,2242,2190,2191,-1,2242,2191,2241,-1,
  2228,2182,2189,-1,2228,2189,2190,-1,2228,2190,2243,-1,2185,2187,2184,-1,2184,2187,2188,-1,2184,2188,2183,-1,2183,2188,2189,-1,2183,2189,2182,-1,
  2187,2185,2186,-1,2200,2198,2199,-1,2217,2200,2201,-1,2127,2125,2126,-1,2158,2156,2157,-1,2087,2085,2086,-1,2047,2045,2046,-1,1020,1018,1019,-1,
  1101,1102,1100,-1,1137,1127,1136,-1,1704,963,1703,-1,1701,970,971,-1,985,974,984,-1,959,860,958,-1,1853,877,1852,-1,712,1688,1689,-1,
  1198,1691,1674,-1,1683,1816,1817,-1,1174,1818,1173,-1,1080,1926,1079,-1,1071,1069,1070,-1,1807,1153,1806,-1,1743,1741,1742,-1,1413,1315,1412,-1,
  1483,1456,1482,-1,1976,1927,1975,-1,1525,62,1524,-1,778,776,777,-1,788,786,787,-1,766,764,765,-1,1205,1203,1204,-1,711,709,710,-1,
  1218,1219,1217,-1,667,665,666,-1,312,310,311,-1,357,312,313,-1,477,602,603,-1,461,636,460,-1,510,508,509,-1,552,550,551,-1,
  560,558,559,-1,562,560,561,-1,496,494,495,-1,546,544,545,-1,519,546,547,-1,412,410,411,-1,444,412,413,-1,1221,1229,1220,-1,
  174,172,173,-1,213,204,212,-1,159,157,158,-1,147,166,167,-1,221,179,180,-1,122,113,114,-1,24,22,23,-1,41,24,25,-1]
  normalPerVertex TRUE
  normal DEF NORM_373 Normal { vector [
  0 0 1,0 0 1,
  0 0 1,0 0 1,
  0 0 1,0 0 1,
  0 0 1,0 0 1,
  0 0 1,0 0 1,
  0 0 1,0 0 1,
  0 0 1,0 0 1,
  0 0 1,0 0 1,
  0 0 1,0 0 1,
  0 0 1,0 0 1,
  0 0 1,0 0 1,
  0 0 1,0 0 1,
  0 0 1,0 0 1,
  0 0 1,0 0 1,
  0 0 1,0 0 1,
  0 0 1,0 0 1,
  0 0 1,0 0 1,
  0 0 1,0 0 1,
  0 0 1,0 0 1,
  0 0 1,0 0 1,
  0 0 1,0 0 1,
  0 0 1,0 0 1,
  0 0 1,0 0 1,
  0 0 1,0 0 1,
  0 0 1,0 0 1,
  0 0 1,0 0 1,
  0 0 1,0 0 1,
  0 0 1,0 0 1,
  0 0 1,0 0 1,
  0 0 1,0 0 1,
  0 0 1,0 0 1,
  0 0 1,0 0 1,
  0 0 1,0 0 1,
  0 0 1,0 0 1,
  0 0 1,0 0 1,
  0 0 1,0 0 1,
  0 0 1,0 0 1,
  0 0 1,0 0 1,
  0 0 1,0 0 1,
  0 0 1,0 0 1,
  0 0 1,0 0 1,
  0 0 1,0 0 1,
  0 0 1,0 0 1,
  0 0 1,0 0 1,
  0 0 1,0 0 1,
  0 0 1,0 0 1,
  0 0 1,0 0 1,
  0 0 1,0 0 1,
  0 0 1,0 0 1,
  0 0 1,0 0 1,
  0 0 1,0 0 1,
  0 0 1,0 0 1,
  0 0 1,0 0 1,
  0 0 1,0 0 1,
  0 0 1,0 0 1,
  0 0 1,0 0 1,
  0 0 1,0 0 1,
  0 0 1,0 0 1,
  0 0 1,0 0 1,
  0 0 1,0 0 1,
  0 0 1,0 0 1,
  0 0 1,0 0 1,
  0 0 1,0 0 1,
  0 0 1,0 0 1,
  0 0 1,0 0 1,
  0 0 1,0 0 1,
  0 0 1,0 0 1,
  0 0 1,0 0 1,
  0 0 1,0 0 1,
  0 0 1,0 0 1,
  0 0 1,0 0 1,
  0 0 1,0 0 1,
  0 0 1,0 0 1,
  0 0 1,0 0 1,
  0 0 1,0 0 1,
  0 0 1,0 0 1,
  0 0 1,0 0 1,
  0 0 1,0 0 1,
  0 0 1,0 0 1,
  0 0 1,0 0 1,
  0 0 1,0 0 1,
  0 0 1,0 0 1,
  0 0 1,0 0 1,
  0 0 1,0 0 1,
  0 0 1,0 0 1,
  0 0 1,0 0 1,
  0 0 1,0 0 1,
  0 0 1,0 0 1,
  0 0 1,0 0 1,
  0 0 1,0 0 1,
  0 0 1,0 0 1,
  0 0 1,0 0 1,
  0 0 1,0 0 1,
  0 0 1,0 0 1,
  0 0 1,0 0 1,
  0 0 1,0 0 1,
  0 0 1,0 0 1,
  0 0 1,0 0 1,
  0 0 1,0 0 1,
  0 0 1,0 0 1,
  0 0 1,0 0 1,
  0 0 1,0 0 1,
  0 0 1,0 0 1,
  0 0 1,0 0 1,
  0 0 1,0 0 1,
  0 0 1,0 0 1,
  0 0 1,0 0 1,
  0 0 1,0 0 1,
  0 0 1,0 0 1,
  0 0 1,0 0 1,
  0 0 1,0 0 1,
  0 0 1,0 0 1,
  0 0 1,0 0 1,
  0 0 1,0 0 1,
  0 0 1,0 0 1,
  0 0 1,0 0 1,
  0 0 1,0 0 1,
  0 0 1,0 0 1,
  0 0 1,0 0 1,
  0 0 1,0 0 1,
  0 0 1,0 0 1,
  0 0 1,0 0 1,
  0 0 1,0 0 1,
  0 0 1,0 0 1,
  0 0 1,0 0 1,
  0 0 1,0 0 1,
  0 0 1,0 0 1,
  0 0 1,0 0 1,
  0 0 1,0 0 1,
  0 0 1,0 0 1,
  0 0 1,0 0 1,
  0 0 1,0 0 1,
  0 0 1,0 0 1,
  0 0 1,0 0 1,
  0 0 1,0 0 1,
  0 0 1,0 0 1,
  0 0 1,0 0 1,
  0 0 1,0 0 1,
  0 0 1,0 0 1,
  0 0 1,0 0 1,
  0 0 1,0 0 1,
  0 0 1,0 0 1,
  0 0 1,0 0 1,
  0 0 1,0 0 1,
  0 0 1,0 0 1,
  0 0 1,0 0 1,
  0 0 1,0 0 1,
  0 0 1,0 0 1,
  0 0 1,0 0 1,
  0 0 1,0 0 1,
  0 0 1,0 0 1,
  0 0 1,0 0 1,
  0 0 1,0 0 1,
  0 0 1,0 0 1,
  0 0 1,0 0 1,
  0 0 1,0 0 1,
  0 0 1,0 0 1,
  0 0 1,0 0 1,
  0 0 1,0 0 1,
  0 0 1,0 0 1,
  0 0 1,0 0 1,
  0 0 1,0 0 1,
  0 0 1,0 0 1,
  0 0 1,0 0 1,
  0 0 1,0 0 1,
  0 0 1,0 0 1,
  0 0 1,0 0 1,
  0 0 1,0 0 1,
  0 0 1,0 0 1,
  0 0 1,0 0 1,
  0 0 1,0 0 1,
  0 0 1,0 0 1,
  0 0 1,0 0 1,
  0 0 1,0 0 1,
  0 0 1,0 0 1,
  0 0 1,0 0 1,
  0 0 1,0 0 1,
  0 0 1,0 0 1,
  0 0 1,0 0 1,
  0 0 1,0 0 1,
  0 0 1,0 0 1,
  0 0 1,0 0 1,
  0 0 1,0 0 1,
  0 0 1,0 0 1,
  0 0 1,0 0 1,
  0 0 1,0 0 1,
  0 0 1,0 0 1,
  0 0 1,0 0 1,
  0 0 1,0 0 1,
  0 0 1,0 0 1,
  0 0 1,0 0 1,
  0 0 1,0 0 1,
  0 0 1,0 0 1,
  0 0 1,0 0 1,
  0 0 1,0 0 1,
  0 0 1,0 0 1,
  0 0 1,0 0 1,
  0 0 1,0 0 1,
  0 0 1,0 0 1,
  0 0 1,0 0 1,
  0 0 1,0 0 1,
  0 0 1,0 0 1,
  0 0 1,0 0 1,
  0 0 1,0 0 1,
  0 0 1,0 0 1,
  0 0 1,0 0 1,
  0 0 1,0 0 1,
  0 0 1,0 0 1,
  0 0 1,0 0 1,
  0 0 1,0 0 1,
  0 0 1,0 0 1,
  0 0 1,0 0 1,
  0 0 1,0 0 1,
  0 0 1,0 0 1,
  0 0 1,0 0 1,
  0 0 1,0 0 1,
  0 0 1,0 0 1,
  0 0 1,0 0 1,
  0 0 1,0 0 1,
  0 0 1,0 0 1,
  0 0 1,0 0 1,
  0 0 1,0 0 1,
  0 0 1,0 0 1,
  0 0 1,0 0 1,
  0 0 1,0 0 1,
  0 0 1,0 0 1,
  0 0 1,0 0 1,
  0 0 1,0 0 1,
  0 0 1,0 0 1,
  0 0 1,0 0 1,
  0 0 1,0 0 1,
  0 0 1,0 0 1,
  0 0 1,0 0 1,
  0 0 1,0 0 1,
  0 0 1,0 0 1,
  0 0 1,0 0 1,
  0 0 1,0 0 1,
  0 0 1,0 0 1,
  0 0 1,0 0 1,
  0 0 1,0 0 1,
  0 0 1,0 0 1,
  0 0 1,0 0 1,
  0 0 1,0 0 1,
  0 0 1,0 0 1,
  0 0 1,0 0 1,
  0 0 1,0 0 1,
  0 0 1,0 0 1,
  0 0 1,0 0 1,
  0 0 1,0 0 1,
  0 0 1,0 0 1,
  0 0 1,0 0 1,
  0 0 1,0 0 1,
  0 0 1,0 0 1,
  0 0 1,0 0 1,
  0 0 1,0 0 1,
  0 0 1,0 0 1,
  0 0 1,0 0 1,
  0 0 1,0 0 1,
  0 0 1,0 0 1,
  0 0 1,0 0 1,
  0 0 1,0 0 1,
  0 0 1,0 0 1,
  0 0 1,0 0 1,
  0 0 1,0 0 1,
  0 0 1,0 0 1,
  0 0 1,0 0 1,
  0 0 1,0 0 1,
  0 0 1,0 0 1,
  0 0 1,0 0 1,
  0 0 1,0 0 1,
  0 0 1,0 0 1,
  0 0 1,0 0 1,
  0 0 1,0 0 1,
  0 0 1,0 0 1,
  0 0 1,0 0 1,
  0 0 1,0 0 1,
  0 0 1,0 0 1,
  0 0 1,0 0 1,
  0 0 1,0 0 1,
  0 0 1,0 0 1,
  0 0 1,0 0 1,
  0 0 1,0 0 1,
  0 0 1,0 0 1,
  0 0 1,0 0 1,
  0 0 1,0 0 1,
  0 0 1,0 0 1,
  0 0 1,0 0 1,
  0 0 1,0 0 1,
  0 0 1,0 0 1,
  0 0 1,0 0 1,
  0 0 1,0 0 1,
  0 0 1,0 0 1,
  0 0 1,0 0 1,
  0 0 1,0 0 1,
  0 0 1,0 0 1,
  0 0 1,0 0 1,
  0 0 1,0 0 1,
  0 0 1,0 0 1,
  0 0 1,0 0 1,
  0 0 1,0 0 1,
  0 0 1,0 0 1,
  0 0 1,0 0 1,
  0 0 1,0 0 1,
  0 0 1,0 0 1,
  0 0 1,0 0 1,
  0 0 1,0 0 1,
  0 0 1,0 0 1,
  0 0 1,0 0 1,
  0 0 1,0 0 1,
  0 0 1,0 0 1,
  0 0 1,0 0 1,
  0 0 1,0 0 1,
  0 0 1,0 0 1,
  0 0 1,0 0 1,
  0 0 1,0 0 1,
  0 0 1,0 0 1,
  0 0 1,0 0 1,
  0 0 1,0 0 1,
  0 0 1,0 0 1,
  0 0 1,0 0 1,
  0 0 1,0 0 1,
  0 0 1,0 0 1,
  0 0 1,0 0 1,
  0 0 1,0 0 1,
  0 0 1,0 0 1,
  0 0 1,0 0 1,
  0 0 1,0 0 1,
  0 0 1,0 0 1,
  0 0 1,0 0 1,
  0 0 1,0 0 1,
  0 0 1,0 0 1,
  0 0 1,0 0 1,
  0 0 1,0 0 1,
  0 0 1,0 0 1,
  0 0 1,0 0 1,
  0 0 1,0 0 1,
  0 0 1,0 0 1,
  0 0 1,0 0 1,
  0 0 1,0 0 1,
  0 0 1,0 0 1,
  0 0 1,0 0 1,
  0 0 1,0 0 1,
  0 0 1,0 0 1,
  0 0 1,0 0 1,
  0 0 1,0 0 1,
  0 0 1,0 0 1,
  0 0 1,0 0 1,
  0 0 1,0 0 1,
  0 0 1,0 0 1,
  0 0 1,0 0 1,
  0 0 1,0 0 1,
  0 0 1,0 0 1,
  0 0 1,0 0 1,
  0 0 1,0 0 1,
  0 0 1,0 0 1,
  0 0 1,0 0 1,
  0 0 1,0 0 1,
  0 0 1,0 0 1,
  0 0 1,0 0 1,
  0 0 1,0 0 1,
  0 0 1,0 0 1,
  0 0 1,0 0 1,
  0 0 1,0 0 1,
  0 0 1,0 0 1,
  0 0 1,0 0 1,
  0 0 1,0 0 1,
  0 0 1,0 0 1,
  0 0 1,0 0 1,
  0 0 1,0 0 1,
  0 0 1,0 0 1,
  0 0 1,0 0 1,
  0 0 1,0 0 1,
  0 0 1,0 0 1,
  0 0 1,0 0 1,
  0 0 1,0 0 1,
  0 0 1,0 0 1,
  0 0 1,0 0 1,
  0 0 1,0 0 1,
  0 0 1,0 0 1,
  0 0 1,0 0 1,
  0 0 1,0 0 1,
  0 0 1,0 0 1,
  0 0 1,0 0 1,
  0 0 1,0 0 1,
  0 0 1,0 0 1,
  0 0 1,0 0 1,
  0 0 1,0 0 1,
  0 0 1,0 0 1,
  0 0 1,0 0 1,
  0 0 1,0 0 1,
  0 0 1,0 0 1,
  0 0 1,0 0 1,
  0 0 1,0 0 1,
  0 0 1,0 0 1,
  0 0 1,0 0 1,
  0 0 1,0 0 1,
  0 0 1,0 0 1,
  0 0 1,0 0 1,
  0 0 1,0 0 1,
  0 0 1,0 0 1,
  0 0 1,0 0 1,
  0 0 1,0 0 1,
  0 0 1,0 0 1,
  0 0 1,0 0 1,
  0 0 1,0 0 1,
  0 0 1,0 0 1,
  0 0 1,0 0 1,
  0 0 1,0 0 1,
  0 0 1,0 0 1,
  0 0 1,0 0 1,
  0 0 1,0 0 1,
  0 0 1,0 0 1,
  0 0 1,0 0 1,
  0 0 1,0 0 1,
  0 0 1,0 0 1,
  0 0 1,0 0 1,
  0 0 1,0 0 1,
  0 0 1,0 0 1,
  0 0 1,0 0 1,
  0 0 1,0 0 1,
  0 0 1,0 0 1,
  0 0 1,0 0 1,
  0 0 1,0 0 1,
  0 0 1,0 0 1,
  0 0 1,0 0 1,
  0 0 1,0 0 1,
  0 0 1,0 0 1,
  0 0 1,0 0 1,
  0 0 1,0 0 1,
  0 0 1,0 0 1,
  0 0 1,0 0 1,
  0 0 1,0 0 1,
  0 0 1,0 0 1,
  0 0 1,0 0 1,
  0 0 1,0 0 1,
  0 0 1,0 0 1,
  0 0 1,0 0 1,
  0 0 1,0 0 1,
  0 0 1,0 0 1,
  0 0 1,0 0 1,
  0 0 1,0 0 1,
  0 0 1,0 0 1,
  0 0 1,0 0 1,
  0 0 1,0 0 1,
  0 0 1,0 0 1,
  0 0 1,0 0 1,
  0 0 1,0 0 1,
  0 0 1,0 0 1,
  0 0 1,0 0 1,
  0 0 1,0 0 1,
  0 0 1,0 0 1,
  0 0 1,0 0 1,
  0 0 1,0 0 1,
  0 0 1,0 0 1,
  0 0 1,0 0 1,
  0 0 1,0 0 1,
  0 0 1,0 0 1,
  0 0 1,0 0 1,
  0 0 1,0 0 1,
  0 0 1,0 0 1,
  0 0 1,0 0 1,
  0 0 1,0 0 1,
  0 0 1,0 0 1,
  0 0 1,0 0 1,
  0 0 1,0 0 1,
  0 0 1,0 0 1,
  0 0 1,0 0 1,
  0 0 1,0 0 1,
  0 0 1,0 0 1,
  0 0 1,0 0 1,
  0 0 1,0 0 1,
  0 0 1,0 0 1,
  0 0 1,0 0 1,
  0 0 1,0 0 1,
  0 0 1,0 0 1,
  0 0 1,0 0 1,
  0 0 1,0 0 1,
  0 0 1,0 0 1,
  0 0 1,0 0 1,
  0 0 1,0 0 1,
  0 0 1,0 0 1,
  0 0 1,0 0 1,
  0 0 1,0 0 1,
  0 0 1,0 0 1,
  0 0 1,0 0 1,
  0 0 1,0 0 1,
  0 0 1,0 0 1,
  0 0 1,0 0 1,
  0 0 1,0 0 1,
  0 0 1,0 0 1,
  0 0 1,0 0 1,
  0 0 1,0 0 1,
  0 0 1,0 0 1,
  0 0 1,0 0 1,
  0 0 1,0 0 1,
  0 0 1,0 0 1,
  0 0 1,0 0 1,
  0 0 1,0 0 1,
  0 0 1,0 0 1,
  0 0 1,0 0 1,
  0 0 1,0 0 1,
  0 0 1,0 0 1,
  0 0 1,0 0 1,
  0 0 1,0 0 1,
  0 0 1,0 0 1,
  0 0 1,0 0 1,
  0 0 1,0 0 1,
  0 0 1,0 0 1,
  0 0 1,0 0 1,
  0 0 1,0 0 1,
  0 0 1,0 0 1,
  0 0 1,0 0 1,
  0 0 1,0 0 1,
  0 0 1,0 0 1,
  0 0 1,0 0 1,
  0 0 1,0 0 1,
  0 0 1,0 0 1,
  0 0 1,0 0 1,
  0 0 1,0 0 1,
  0 0 1,0 0 1,
  0 0 1,0 0 1,
  0 0 1,0 0 1,
  0 0 1,0 0 1,
  0 0 1,0 0 1,
  0 0 1,0 0 1,
  0 0 1,0 0 1,
  0 0 1,0 0 1,
  0 0 1,0 0 1,
  0 0 1,0 0 1,
  0 0 1,0 0 1,
  0 0 1,0 0 1,
  0 0 1,0 0 1,
  0 0 1,0 0 1,
  0 0 1,0 0 1,
  0 0 1,0 0 1,
  0 0 1,0 0 1,
  0 0 1,0 0 1,
  0 0 1,0 0 1,
  0 0 1,0 0 1,
  0 0 1,0 0 1,
  0 0 1,0 0 1,
  0 0 1,0 0 1,
  0 0 1,0 0 1,
  0 0 1,0 0 1,
  0 0 1,0 0 1,
  0 0 1,0 0 1,
  0 0 1,0 0 1,
  0 0 1,0 0 1,
  0 0 1,0 0 1,
  0 0 1,0 0 1,
  0 0 1,0 0 1,
  0 0 1,0 0 1,
  0 0 1,0 0 1,
  0 0 1,0 0 1,
  0 0 1,0 0 1,
  0 0 1,0 0 1,
  0 0 1,0 0 1,
  0 0 1,0 0 1,
  0 0 1,0 0 1,
  0 0 1,0 0 1,
  0 0 1,0 0 1,
  0 0 1,0 0 1,
  0 0 1,0 0 1,
  0 0 1,0 0 1,
  0 0 1,0 0 1,
  0 0 1,0 0 1,
  0 0 1,0 0 1,
  0 0 1,0 0 1,
  0 0 1,0 0 1,
  0 0 1,0 0 1,
  0 0 1,0 0 1,
  0 0 1,0 0 1,
  0 0 1,0 0 1,
  0 0 1,0 0 1,
  0 0 1,0 0 1,
  0 0 1,0 0 1,
  0 0 1,0 0 1,
  0 0 1,0 0 1,
  0 0 1,0 0 1,
  0 0 1,0 0 1,
  0 0 1,0 0 1,
  0 0 1,0 0 1,
  0 0 1,0 0 1,
  0 0 1,0 0 1,
  0 0 1,0 0 1,
  0 0 1,0 0 1,
  0 0 1,0 0 1,
  0 0 1,0 0 1,
  0 0 1,0 0 1,
  0 0 1,0 0 1,
  0 0 1,0 0 1,
  0 0 1,0 0 1,
  0 0 1,0 0 1,
  0 0 1,0 0 1,
  0 0 1,0 0 1,
  0 0 1,0 0 1,
  0 0 1,0 0 1,
  0 0 1,0 0 1,
  0 0 1,0 0 1,
  0 0 1,0 0 1,
  0 0 1,0 0 1,
  0 0 1,0 0 1,
  0 0 1,0 0 1,
  0 0 1,0 0 1,
  0 0 1,0 0 1,
  0 0 1,0 0 1,
  0 0 1,0 0 1,
  0 0 1,0 0 1,
  0 0 1,0 0 1,
  0 0 1,0 0 1,
  0 0 1,0 0 1,
  0 0 1,0 0 1,
  0 0 1,0 0 1,
  0 0 1,0 0 1,
  0 0 1,0 0 1,
  0 0 1,0 0 1,
  0 0 1,0 0 1,
  0 0 1,0 0 1,
  0 0 1,0 0 1,
  0 0 1,0 0 1,
  0 0 1,0 0 1,
  0 0 1,0 0 1,
  0 0 1,0 0 1,
  0 0 1,0 0 1,
  0 0 1,0 0 1,
  0 0 1,0 0 1,
  0 0 1,0 0 1,
  0 0 1,0 0 1,
  0 0 1,0 0 1,
  0 0 1,0 0 1,
  0 0 1,0 0 1,
  0 0 1,0 0 1,
  0 0 1,0 0 1,
  0 0 1,0 0 1,
  0 0 1,0 0 1,
  0 0 1,0 0 1,
  0 0 1,0 0 1,
  0 0 1,0 0 1,
  0 0 1,0 0 1,
  0 0 1,0 0 1,
  0 0 1,0 0 1,
  0 0 1,0 0 1,
  0 0 1,0 0 1,
  0 0 1,0 0 1,
  0 0 1,0 0 1,
  0 0 1,0 0 1,
  0 0 1,0 0 1,
  0 0 1,0 0 1,
  0 0 1,0 0 1,
  0 0 1,0 0 1,
  0 0 1,0 0 1,
  0 0 1,0 0 1,
  0 0 1,0 0 1,
  0 0 1,0 0 1,
  0 0 1,0 0 1,
  0 0 1,0 0 1,
  0 0 1,0 0 1,
  0 0 1,0 0 1,
  0 0 1,0 0 1,
  0 0 1,0 0 1,
  0 0 1,0 0 1,
  0 0 1,0 0 1,
  0 0 1,0 0 1,
  0 0 1,0 0 1,
  0 0 1,0 0 1,
  0 0 1,0 0 1,
  0 0 1,0 0 1,
  0 0 1,0 0 1,
  0 0 1,0 0 1,
  0 0 1,0 0 1,
  0 0 1,0 0 1,
  0 0 1,0 0 1,
  0 0 1,0 0 1,
  0 0 1,0 0 1,
  0 0 1,0 0 1,
  0 0 1,0 0 1,
  0 0 1,0 0 1,
  0 0 1,0 0 1,
  0 0 1,0 0 1,
  0 0 1,0 0 1,
  0 0 1,0 0 1,
  0 0 1,0 0 1,
  0 0 1,0 0 1,
  0 0 1,0 0 1,
  0 0 1,0 0 1,
  0 0 1,0 0 1,
  0 0 1,0 0 1,
  0 0 1,0 0 1,
  0 0 1,0 0 1,
  0 0 1,0 0 1,
  0 0 1,0 0 1,
  0 0 1,0 0 1,
  0 0 1,0 0 1,
  0 0 1,0 0 1,
  0 0 1,0 0 1,
  0 0 1,0 0 1,
  0 0 1,0 0 1,
  0 0 1,0 0 1,
  0 0 1,0 0 1,
  0 0 1,0 0 1,
  0 0 1,0 0 1,
  0 0 1,0 0 1,
  0 0 1,0 0 1,
  0 0 1,0 0 1,
  0 0 1,0 0 1,
  0 0 1,0 0 1,
  0 0 1,0 0 1,
  0 0 1,0 0 1,
  0 0 1,0 0 1,
  0 0 1,0 0 1,
  0 0 1,0 0 1,
  0 0 1,0 0 1,
  0 0 1,0 0 1,
  0 0 1,0 0 1,
  0 0 1,0 0 1,
  0 0 1,0 0 1,
  0 0 1,0 0 1,
  0 0 1,0 0 1,
  0 0 1,0 0 1,
  0 0 1,0 0 1,
  0 0 1,0 0 1,
  0 0 1,0 0 1,
  0 0 1,0 0 1,
  0 0 1,0 0 1,
  0 0 1,0 0 1,
  0 0 1,0 0 1,
  0 0 1,0 0 1,
  0 0 1,0 0 1,
  0 0 1,0 0 1,
  0 0 1,0 0 1,
  0 0 1,0 0 1,
  0 0 1,0 0 1,
  0 0 1,0 0 1,
  0 0 1,0 0 1,
  0 0 1,0 0 1,
  0 0 1,0 0 1,
  0 0 1,0 0 1,
  0 0 1,0 0 1,
  0 0 1,0 0 1,
  0 0 1,0 0 1,
  0 0 1,0 0 1,
  0 0 1,0 0 1,
  0 0 1,0 0 1,
  0 0 1,0 0 1,
  0 0 1,0 0 1,
  0 0 1,0 0 1,
  0 0 1,0 0 1,
  0 0 1,0 0 1,
  0 0 1,0 0 1,
  0 0 1,0 0 1,
  0 0 1,0 0 1,
  0 0 1,0 0 1,
  0 0 1,0 0 1,
  0 0 1,0 0 1,
  0 0 1,0 0 1,
  0 0 1,0 0 1,
  0 0 1,0 0 1,
  0 0 1,0 0 1,
  0 0 1,0 0 1,
  0 0 1,0 0 1,
  0 0 1,0 0 1,
  0 0 1,0 0 1,
  0 0 1,0 0 1,
  0 0 1,0 0 1,
  0 0 1,0 0 1,
  0 0 1,0 0 1,
  0 0 1,0 0 1,
  0 0 1,0 0 1,
  0 0 1,0 0 1,
  0 0 1,0 0 1,
  0 0 1,0 0 1,
  0 0 1,0 0 1,
  0 0 1,0 0 1,
  0 0 1,0 0 1,
  0 0 1,0 0 1,
  0 0 1,0 0 1,
  0 0 1,0 0 1,
  0 0 1,0 0 1,
  0 0 1,0 0 1,
  0 0 1,0 0 1,
  0 0 1,0 0 1,
  0 0 1,0 0 1,
  0 0 1,0 0 1,
  0 0 1,0 0 1,
  0 0 1,0 0 1,
  0 0 1,0 0 1,
  0 0 1,0 0 1,
  0 0 1,0 0 1,
  0 0 1,0 0 1,
  0 0 1,0 0 1,
  0 0 1,0 0 1,
  0 0 1,0 0 1,
  0 0 1,0 0 1,
  0 0 1,0 0 1,
  0 0 1,0 0 1,
  0 0 1,0 0 1,
  0 0 1,0 0 1,
  0 0 1,0 0 1,
  0 0 1,0 0 1,
  0 0 1,0 0 1,
  0 0 1,0 0 1,
  0 0 1,0 0 1,
  0 0 1,0 0 1,
  0 0 1,0 0 1,
  0 0 1,0 0 1,
  0 0 1,0 0 1,
  0 0 1,0 0 1,
  0 0 1,0 0 1,
  0 0 1,0 0 1,
  0 0 1,0 0 1,
  0 0 1,0 0 1,
  0 0 1,0 0 1,
  0 0 1,0 0 1,
  0 0 1,0 0 1,
  0 0 1,0 0 1,
  0 0 1,0 0 1,
  0 0 1,0 0 1,
  0 0 1,0 0 1,
  0 0 1,0 0 1,
  0 0 1,0 0 1,
  0 0 1,0 0 1,
  0 0 1,0 0 1,
  0 0 1,0 0 1,
  0 0 1,0 0 1,
  0 0 1,0 0 1,
  0 0 1,0 0 1,
  0 0 1,0 0 1,
  0 0 1,0 0 1,
  0 0 1,0 0 1,
  0 0 1,0 0 1,
  0 0 1,0 0 1,
  0 0 1,0 0 1,
  0 0 1,0 0 1,
  0 0 1,0 0 1,
  0 0 1,0 0 1,
  0 0 1,0 0 1,
  0 0 1,0 0 1,
  0 0 1,0 0 1,
  0 0 1,0 0 1,
  0 0 1,0 0 1,
  0 0 1,0 0 1,
  0 0 1,0 0 1,
  0 0 1,0 0 1,
  0 0 1,0 0 1,
  0 0 1,0 0 1,
  0 0 1,0 0 1,
  0 0 1,0 0 1,
  0 0 1,0 0 1,
  0 0 1,0 0 1,
  0 0 1,0 0 1,
  0 0 1,0 0 1,
  0 0 1,0 0 1,
  0 0 1,0 0 1,
  0 0 1,0 0 1,
  0 0 1,0 0 1,
  0 0 1,0 0 1,
  0 0 1,0 0 1,
  0 0 1,0 0 1,
  0 0 1,0 0 1,
  0 0 1,0 0 1,
  0 0 1,0 0 1,
  0 0 1,0 0 1,
  0 0 1,0 0 1,
  0 0 1,0 0 1,
  0 0 1,0 0 1,
  0 0 1,0 0 1,
  0 0 1,0 0 1,
  0 0 1,0 0 1,
  0 0 1,0 0 1,
  0 0 1,0 0 1,
  0 0 1,0 0 1,
  0 0 1,0 0 1,
  0 0 1,0 0 1,
  0 0 1,0 0 1,
  0 0 1,0 0 1,
  0 0 1,0 0 1,
  0 0 1,0 0 1,
  0 0 1,0 0 1,
  0 0 1,0 0 1,
  0 0 1,0 0 1,
  0 0 1,0 0 1,
  0 0 1,0 0 1,
  0 0 1,0 0 1,
  0 0 1,0 0 1,
  0 0 1,0 0 1,
  0 0 1,0 0 1,
  0 0 1,0 0 1,
  0 0 1,0 0 1,
  0 0 1,0 0 1,
  0 0 1,0 0 1,
  0 0 1,0 0 1,
  0 0 1,0 0 1,
  0 0 1,0 0 1,
  0 0 1,0 0 1,
  0 0 1,0 0 1,
  0 0 1,0 0 1,
  0 0 1,0 0 1,
  0 0 1,0 0 1,
  0 0 1,0 0 1,
  0 0 1,0 0 1,
  0 0 1,0 0 1,
  0 0 1,0 0 1,
  0 0 1,0 0 1,
  0 0 1,0 0 1,
  0 0 1,0 0 1,
  0 0 1,0 0 1,
  0 0 1,0 0 1,
  0 0 1,0 0 1,
  0 0 1,0 0 1,
  0 0 1,0 0 1,
  0 0 1,0 0 1,
  0 0 1,0 0 1,
  0 0 1,0 0 1,
  0 0 1,0 0 1,
  0 0 1,0 0 1,
  0 0 1,0 0 1,
  0 0 1,0 0 1,
  0 0 1,0 0 1,
  0 0 1,0 0 1,
  0 0 1,0 0 1,
  0 0 1,0 0 1,
  0 0 1,0 0 1,
  0 0 1,0 0 1,
  0 0 1,0 0 1,
  0 0 1,0 0 1,
  0 0 1,0 0 1,
  0 0 1,0 0 1,
  0 0 1,0 0 1,
  0 0 1,0 0 1,
  0 0 1,0 0 1,
  0 0 1,0 0 1,
  0 0 1,0 0 1,
  0 0 1,0 0 1,
  0 0 1,0 0 1,
  0 0 1,0 0 1,
  0 0 1,0 0 1,
  0 0 1,0 0 1,
  0 0 1,0 0 1,
  0 0 1,0 0 1,
  0 0 1,0 0 1,
  0 0 1,0 0 1,
  0 0 1,0 0 1,
  0 0 1,0 0 1,
  0 0 1,0 0 1,
  0 0 1,0 0 1,
  0 0 1,0 0 1,
  0 0 1,0 0 1,
  0 0 1,0 0 1,
  0 0 1,0 0 1,
  0 0 1,0 0 1,
  0 0 1,0 0 1,
  0 0 1,0 0 1,
  0 0 1,0 0 1,
  0 0 1,0 0 1,
  0 0 1,0 0 1,
  0 0 1,0 0 1,
  0 0 1,0 0 1,
  0 0 1,0 0 1,
  0 0 1,0 0 1,
  0 0 1,0 0 1,
  0 0 1,0 0 1,
  0 0 1,0 0 1,
  0 0 1,0 0 1,
  0 0 1,0 0 1,
  0 0 1,0 0 1,
  0 0 1,0 0 1,
  0 0 1,0 0 1,
  0 0 1,0 0 1,
  0 0 1,0 0 1,
  0 0 1,0 0 1,
  0 0 1,0 0 1,
  0 0 1,0 0 1,
  0 0 1,0 0 1,
  0 0 1,0 0 1,
  0 0 1,0 0 1,
  0 0 1,0 0 1,
  0 0 1,0 0 1,
  0 0 1,0 0 1,
  0 0 1,0 0 1,
  0 0 1,0 0 1,
  0 0 1,0 0 1,
  0 0 1,0 0 1,
  0 0 1,0 0 1,
  0 0 1,0 0 1,
  0 0 1,0 0 1,
  0 0 1,0 0 1,
  0 0 1,0 0 1,
  0 0 1,0 0 1,
  0 0 1,0 0 1,
  0 0 1,0 0 1,
  0 0 1,0 0 1,
  0 0 1,0 0 1,
  0 0 1,0 0 1,
  0 0 1,0 0 1,
  0 0 1,0 0 1,
  0 0 1,0 0 1,
  0 0 1,0 0 1,
  0 0 1,0 0 1,
  0 0 1,0 0 1,
  0 0 1,0 0 1,
  0 0 1,0 0 1,
  0 0 1,0 0 1,
  0 0 1,0 0 1,
  0 0 1,0 0 1,
  0 0 1,0 0 1,
  0 0 1,0 0 1,
  0 0 1,0 0 1,
  0 0 1,0 0 1,
  0 0 1,0 0 1,
  0 0 1,0 0 1,
  0 0 1,0 0 1,
  0 0 1,0 0 1,
  0 0 1,0 0 1,
  0 0 1,0 0 1,
  0 0 1,0 0 1,
  0 0 1,0 0 1,
  0 0 1,0 0 1,
  0 0 1,0 0 1,
  0 0 1,0 0 1,
  0 0 1,0 0 1,
  0 0 1,0 0 1,
  0 0 1,0 0 1,
  0 0 1,0 0 1,
  0 0 1,0 0 1,
  0 0 1,0 0 1,
  0 0 1,0 0 1,
  0 0 1,0 0 1,
  0 0 1,0 0 1,
  0 0 1,0 0 1,
  0 0 1,0 0 1,
  0 0 1,0 0 1,
  0 0 1,0 0 1,
  0 0 1,0 0 1,
  0 0 1,0 0 1,
  0 0 1,0 0 1,
  0 0 1,0 0 1,
  0 0 1,0 0 1,
  0 0 1,0 0 1,
  0 0 1,0 0 1,
  0 0 1,0 0 1,
  0 0 1,0 0 1,
  0 0 1,0 0 1,
  0 0 1,0 0 1,
  0 0 1,0 0 1,
  0 0 1,0 0 1,
  0 0 1,0 0 1,
  0 0 1,0 0 1,
  0 0 1,0 0 1,
  0 0 1,0 0 1,
  0 0 1,0 0 1,
  0 0 1,0 0 1,
  0 0 1,0 0 1,
  0 0 1,0 0 1,
  0 0 1,0 0 1,
  0 0 1,0 0 1,
  0 0 1,0 0 1,
  0 0 1,0 0 1,
  0 0 1,0 0 1,
  0 0 1,0 0 1,
  0 0 1,0 0 1,
  0 0 1,0 0 1,
  0 0 1,0 0 1,
  0 0 1,0 0 1,
  0 0 1,0 0 1,
  0 0 1,0 0 1,
  0 0 1,0 0 1,
  0 0 1,0 0 1,
  0 0 1,0 0 1,
  0 0 1,0 0 1,
  0 0 1,0 0 1,
  0 0 1,0 0 1,
  0 0 1,0 0 1,
  0 0 1,0 0 1,
  0 0 1,0 0 1,
  0 0 1,0 0 1,
  0 0 1,0 0 1,
  0 0 1,0 0 1,
  0 0 1,0 0 1,
  0 0 1,0 0 1,
  0 0 1,0 0 1,
  0 0 1,0 0 1,
  0 0 1,0 0 1,
  0 0 1,0 0 1,
  0 0 1,0 0 1,
  0 0 1,0 0 1,
  0 0 1,0 0 1,
  0 0 1,0 0 1,
  0 0 1,0 0 1,
  0 0 1,0 0 1,
  0 0 1,0 0 1,
  0 0 1,0 0 1,
  0 0 1,0 0 1,
  0 0 1,0 0 1,
  0 0 1,0 0 1,
  0 0 1,0 0 1,
  0 0 1,0 0 1,
  0 0 1,0 0 1,
  0 0 1,0 0 1,
  0 0 1,0 0 1,
  0 0 1,0 0 1,
  0 0 1,0 0 1,
  0 0 1,0 0 1,
  0 0 1,0 0 1,
  0 0 1,0 0 1,
  0 0 1,0 0 1,
  0 0 1,0 0 1,
  0 0 1,0 0 1,
  0 0 1,0 0 1,
  0 0 1,0 0 1,
  0 0 1,0 0 1,
  0 0 1,0 0 1,
  0 0 1,0 0 1,
  0 0 1,0 0 1,
  0 0 1,0 0 1,
  0 0 1,0 0 1,
  0 0 1,0 0 1,
  0 0 1,0 0 1,
  0 0 1,0 0 1,
  0 0 1,0 0 1,
  0 0 1,0 0 1,
  0 0 1,0 0 1,
  0 0 1,0 0 1] }
}
}
] }
DEF TXFM_33 Transform {
  center 0 0 0
  rotation 0 0 1 0
  scale 1 1 1
  scaleOrientation 0 0 1 0
  translation 0 0 0
 children [
DEF SHAPE_374 Shape {
 appearance DEF APP_20 Appearance {
  material Material {
   ambientIntensity 1
   diffuseColor 0.5 0.5 0.5
   emissiveColor 0 0 0
   shininess 0.69999999
   specularColor 0.80000001 0.80000001 0.80000001
   transparency 0
} }
 geometry DEF FACE_374 IndexedFaceSet {
  coord DEF COORD_374 Coordinate { point [
  3.6614173 0.57086614 0.31988189,3.1102362 0.57086614 0.31988189,
  3.1102362 0.45275591 0.31988189,3.6614173 0.45275591 0.31988189,
  5.5964575 2.0236224 0.31988189,5.5939102 2.0364287 0.31988189,
  5.5866559 2.0472854 0.31988189,5.5757992 2.0545398 0.31988189,
  5.5629929 2.057087 0.31988189,5.2952756 2.057087 0.31988189,
  5.2824693 2.0545398 0.31988189,5.2716126 2.0472854 0.31988189,
  5.2643583 2.0364287 0.31988189,5.261811 2.0236224 0.31988189,
  5.261811 1.7559051 0.31988189,5.2643583 1.7430988 0.31988189,
  5.2716126 1.7322421 0.31988189,5.2824693 1.7249878 0.31988189,
  5.2952756 1.7224406 0.31988189,5.5629929 1.7224406 0.31988189,
  5.5757992 1.7249878 0.31988189,5.5866559 1.7322421 0.31988189,
  5.5939102 1.7430988 0.31988189,5.5964575 1.7559051 0.31988189,
  5.3937008 0.57086614 0.31988189,4.8425197 0.57086614 0.31988189,
  4.8425197 0.45275591 0.31988189,5.3937008 0.45275591 0.31988189,
  3.6614173 0.76771654 0.31988189,3.1102362 0.76771654 0.31988189,
  3.1102362 0.6496063 0.31988189,3.6614173 0.6496063 0.31988189,
  5.3937008 0.76771654 0.31988189,4.8425197 0.76771654 0.31988189,
  4.8425197 0.6496063 0.31988189,5.3937008 0.6496063 0.31988189,
  3.6614173 0.96456693 0.31988189,3.1102362 0.96456693 0.31988189,
  3.1102362 0.84645669 0.31988189,3.6614173 0.84645669 0.31988189,
  5.3937008 0.96456693 0.31988189,4.8425197 0.96456693 0.31988189,
  4.8425197 0.84645669 0.31988189,5.3937008 0.84645669 0.31988189,
  3.6614173 1.1614173 0.31988189,3.1102362 1.1614173 0.31988189,
  3.1102362 1.0433071 0.31988189,3.6614173 1.0433071 0.31988189,
  5.3937008 1.1614173 0.31988189,4.8425197 1.1614173 0.31988189,
  4.8425197 1.0433071 0.31988189,5.3937008 1.0433071 0.31988189,
  3.6614173 1.3582677 0.31988189,3.1102362 1.3582677 0.31988189,
  3.1102362 1.2401575 0.31988189,3.6614173 1.2401575 0.31988189,
  5.3937008 1.3582677 0.31988189,4.8425197 1.3582677 0.31988189,
  4.8425197 1.2401575 0.31988189,5.3937008 1.2401575 0.31988189,
  3.7598425 3.2504921 0.31988189,3.753287 3.2834496 0.31988189,
  3.7346181 3.3113898 0.31988189,3.706678 3.3300587 0.31988189,
  3.6737205 3.3366142 0.31988189,3.5014764 3.3366142 0.31988189,
  3.4685189 3.3300587 0.31988189,3.4405787 3.3113898 0.31988189,
  3.4219098 3.2834496 0.31988189,3.4153543 3.2504921 0.31988189,
  3.4153543 3.0487205 0.31988189,3.4219098 3.015763 0.31988189,
  3.4405787 2.9878228 0.31988189,3.4685189 2.9691539 0.31988189,
  3.5014764 2.9625984 0.31988189,3.6737205 2.9625984 0.31988189,
  3.706678 2.9691539 0.31988189,3.7346181 2.9878228 0.31988189,
  3.753287 3.015763 0.31988189,3.7598425 3.0487205 0.31988189,
  3.3562996 1.988189 0.31988189,3.3537524 2.0009953 0.31988189,
  3.346498 2.011852 0.31988189,3.3356413 2.0191063 0.31988189,
  3.322835 2.0216535 0.31988189,3.0551177 2.0216535 0.31988189,
  3.0423114 2.0191063 0.31988189,3.0314547 2.011852 0.31988189,
  3.0242004 2.0009953 0.31988189,3.0216531 1.988189 0.31988189,
  3.0216531 1.7204717 0.31988189,3.0242004 1.7076654 0.31988189,
  3.0314547 1.6968087 0.31988189,3.0423114 1.6895543 0.31988189,
  3.0551177 1.6870071 0.31988189,3.322835 1.6870071 0.31988189,
  3.3356413 1.6895543 0.31988189,3.346498 1.6968087 0.31988189,
  3.3537524 1.7076654 0.31988189,3.3562996 1.7204717 0.31988189,
  3.8818898 1.9606299 0.31988189,3.8797921 1.9711764 0.31988189,
  3.8738177 1.9801169 0.31988189,3.8648772 1.9860913 0.31988189,
  3.8543307 1.988189 0.31988189,3.5472441 1.988189 0.31988189,
  3.5366976 1.9860913 0.31988189,3.5277571 1.9801169 0.31988189,
  3.5217827 1.9711764 0.31988189,3.519685 1.9606299 0.31988189,
  3.519685 1.7401575 0.31988189,3.5217827 1.729611 0.31988189,
  3.5277571 1.7206705 0.31988189,3.5366976 1.7146961 0.31988189,
  3.5472441 1.7125984 0.31988189,3.8543307 1.7125984 0.31988189,
  3.8648772 1.7146961 0.31988189,3.8738177 1.7206705 0.31988189,
  3.8797921 1.729611 0.31988189,3.8818898 1.7401575 0.31988189,
  4.4724409 1.9606299 0.31988189,4.4703433 1.9711764 0.31988189,
  4.4643689 1.9801169 0.31988189,4.4554283 1.9860913 0.31988189,
  4.4448819 1.988189 0.31988189,4.1377953 1.988189 0.31988189,
  4.1272488 1.9860913 0.31988189,4.1183083 1.9801169 0.31988189,
  4.1123339 1.9711764 0.31988189,4.1102362 1.9606299 0.31988189,
  4.1102362 1.7401575 0.31988189,4.1123339 1.729611 0.31988189,
  4.1183083 1.7206705 0.31988189,4.1272488 1.7146961 0.31988189,
  4.1377953 1.7125984 0.31988189,4.4448819 1.7125984 0.31988189,
  4.4554283 1.7146961 0.31988189,4.4643689 1.7206705 0.31988189,
  4.4703433 1.729611 0.31988189,4.4724409 1.7401575 0.31988189,
  4.9744094 2.0236224 0.31988189,4.9718622 2.0364287 0.31988189,
  4.9646079 2.0472854 0.31988189,4.9537512 2.0545398 0.31988189,
  4.9409449 2.057087 0.31988189,4.6732276 2.057087 0.31988189,
  4.6604213 2.0545398 0.31988189,4.6495646 2.0472854 0.31988189,
  4.6423102 2.0364287 0.31988189,4.639763 2.0236224 0.31988189,
  4.639763 1.7559051 0.31988189,4.6423102 1.7430988 0.31988189,
  4.6495646 1.7322421 0.31988189,4.6604213 1.7249878 0.31988189,
  4.6732276 1.7224406 0.31988189,4.9409449 1.7224406 0.31988189,
  4.9537512 1.7249878 0.31988189,4.9646079 1.7322421 0.31988189,
  4.9718622 1.7430988 0.31988189,4.9744094 1.7559051 0.31988189,
  4.9744094 2.5542937 0.31988189,4.9718622 2.5671 0.31988189,
  4.9646079 2.5779567 0.31988189,4.9537512 2.585211 0.31988189,
  4.9409449 2.5877583 0.31988189,4.6732276 2.5877583 0.31988189,
  4.6604213 2.585211 0.31988189,4.6495646 2.5779567 0.31988189,
  4.6423102 2.5671 0.31988189,4.639763 2.5542937 0.31988189,
  4.639763 2.2865764 0.31988189,4.6423102 2.2737701 0.31988189,
  4.6495646 2.2629134 0.31988189,4.6604213 2.2556591 0.31988189,
  4.6732276 2.2531118 0.31988189,4.9409449 2.2531118 0.31988189,
  4.9537512 2.2556591 0.31988189,4.9646079 2.2629134 0.31988189,
  4.9718622 2.2737701 0.31988189,4.9744094 2.2865764 0.31988189,
  5.5964575 2.5542937 0.31988189,5.5939102 2.5671 0.31988189,
  5.5866559 2.5779567 0.31988189,5.5757992 2.585211 0.31988189,
  5.5629929 2.5877583 0.31988189,5.2952756 2.5877583 0.31988189,
  5.2824693 2.585211 0.31988189,5.2716126 2.5779567 0.31988189,
  5.2643583 2.5671 0.31988189,5.261811 2.5542937 0.31988189,
  5.261811 2.2865764 0.31988189,5.2643583 2.2737701 0.31988189,
  5.2716126 2.2629134 0.31988189,5.2824693 2.2556591 0.31988189,
  5.2952756 2.2531118 0.31988189,5.5629929 2.2531118 0.31988189,
  5.5757992 2.2556591 0.31988189,5.5866559 2.2629134 0.31988189,
  5.5939102 2.2737701 0.31988189,5.5964575 2.2865764 0.31988189,
  3.3562996 2.610237 0.31988189,3.3537524 2.6230433 0.31988189,
  3.346498 2.6339 0.31988189,3.3356413 2.6411543 0.31988189,
  3.322835 2.6437016 0.31988189,3.0551177 2.6437016 0.31988189,
  3.0423114 2.6411543 0.31988189,3.0314547 2.6339 0.31988189,
  3.0242004 2.6230433 0.31988189,3.0216531 2.610237 0.31988189,
  3.0216531 2.3425197 0.31988189,3.0242004 2.3297134 0.31988189,
  3.0314547 2.3188567 0.31988189,3.0423114 2.3116024 0.31988189,
  3.0551177 2.3090551 0.31988189,3.322835 2.3090551 0.31988189,
  3.3356413 2.3116024 0.31988189,3.346498 2.3188567 0.31988189,
  3.3537524 2.3297134 0.31988189,3.3562996 2.3425197 0.31988189,
  3.8818898 2.5905512 0.31988189,3.8797921 2.6010976 0.31988189,
  3.8738177 2.6100382 0.31988189,3.8648772 2.6160126 0.31988189,
  3.8543307 2.6181102 0.31988189,3.5472441 2.6181102 0.31988189,
  3.5366976 2.6160126 0.31988189,3.5277571 2.6100382 0.31988189,
  3.5217827 2.6010976 0.31988189,3.519685 2.5905512 0.31988189,
  3.519685 2.3700787 0.31988189,3.5217827 2.3595323 0.31988189,
  3.5277571 2.3505917 0.31988189,3.5366976 2.3446173 0.31988189,
  3.5472441 2.3425197 0.31988189,3.8543307 2.3425197 0.31988189,
  3.8648772 2.3446173 0.31988189,3.8738177 2.3505917 0.31988189,
  3.8797921 2.3595323 0.31988189,3.8818898 2.3700787 0.31988189,
  4.4724409 2.5905512 0.31988189,4.4703433 2.6010976 0.31988189,
  4.4643689 2.6100382 0.31988189,4.4554283 2.6160126 0.31988189,
  4.4448819 2.6181102 0.31988189,4.1377953 2.6181102 0.31988189,
  4.1272488 2.6160126 0.31988189,4.1183083 2.6100382 0.31988189,
  4.1123339 2.6010976 0.31988189,4.1102362 2.5905512 0.31988189,
  4.1102362 2.3700787 0.31988189,4.1123339 2.3595323 0.31988189,
  4.1183083 2.3505917 0.31988189,4.1272488 2.3446173 0.31988189,
  4.1377953 2.3425197 0.31988189,4.4448819 2.3425197 0.31988189,
  4.4554283 2.3446173 0.31988189,4.4643689 2.3505917 0.31988189,
  4.4703433 2.3595323 0.31988189,4.4724409 2.3700787 0.31988189,
  4.9409449 3.2834646 0.31988189,4.9388472 3.294011 0.31988189,
  4.9328728 3.3029516 0.31988189,4.9239323 3.308926 0.31988189,
  4.9133858 3.3110236 0.31988189,4.6929134 3.3110236 0.31988189,
  4.6823669 3.308926 0.31988189,4.6734264 3.3029516 0.31988189,
  4.667452 3.294011 0.31988189,4.6653543 3.2834646 0.31988189,
  4.6653543 2.976378 0.31988189,4.667452 2.9658315 0.31988189,
  4.6734264 2.9568909 0.31988189,4.6823669 2.9509165 0.31988189,
  4.6929134 2.9488189 0.31988189,4.9133858 2.9488189 0.31988189,
  4.9239323 2.9509165 0.31988189,4.9328728 2.9568909 0.31988189,
  4.9388472 2.9658315 0.31988189,4.9409449 2.976378 0.31988189,
  5.5708661 3.2834646 0.31988189,5.5687685 3.294011 0.31988189,
  5.5627941 3.3029516 0.31988189,5.5538535 3.308926 0.31988189,
  5.5433071 3.3110236 0.31988189,5.3228346 3.3110236 0.31988189,
  5.3122882 3.308926 0.31988189,5.3033476 3.3029516 0.31988189,
  5.2973732 3.294011 0.31988189,5.2952756 3.2834646 0.31988189,
  5.2952756 2.976378 0.31988189,5.2973732 2.9658315 0.31988189,
  5.3033476 2.9568909 0.31988189,5.3122882 2.9509165 0.31988189,
  5.3228346 2.9488189 0.31988189,5.5433071 2.9488189 0.31988189,
  5.5538535 2.9509165 0.31988189,5.5627941 2.9568909 0.31988189,
  5.5687685 2.9658315 0.31988189,5.5708661 2.976378 0.31988189,
  4.3799213 3.2504921 0.31988189,4.3733657 3.2834496 0.31988189,
  4.3546969 3.3113898 0.31988189,4.3267567 3.3300587 0.31988189,
  4.2937992 3.3366142 0.31988189,4.1215551 3.3366142 0.31988189,
  4.0885976 3.3300587 0.31988189,4.0606575 3.3113898 0.31988189,
  4.0419886 3.2834496 0.31988189,4.0354331 3.2504921 0.31988189,
  4.0354331 3.0487205 0.31988189,4.0419886 3.015763 0.31988189,
  4.0606575 2.9878228 0.31988189,4.0885976 2.9691539 0.31988189,
  4.1215551 2.9625984 0.31988189,4.2937992 2.9625984 0.31988189,
  4.3267567 2.9691539 0.31988189,4.3546969 2.9878228 0.31988189,
  4.3733657 3.015763 0.31988189,4.3799213 3.0487205 0.31988189] }
 coordIndex [
  309,311,308,-1,308,311,312,-1,308,312,307,-1,307,312,313,-1,307,313,306,-1,306,313,314,-1,306,314,305,-1,305,314,315,-1,
  305,315,304,-1,304,315,316,-1,304,316,303,-1,303,316,317,-1,303,317,302,-1,302,317,318,-1,302,318,301,-1,301,318,319,-1,
  301,319,300,-1,1,2,3,-1,1,3,0,-1,25,26,27,-1,25,27,24,-1,29,30,31,-1,29,31,28,-1,33,34,35,-1,
  33,35,32,-1,37,38,39,-1,37,39,36,-1,41,42,43,-1,41,43,40,-1,45,46,47,-1,45,47,44,-1,49,50,51,-1,
  49,51,48,-1,53,54,55,-1,53,55,52,-1,57,58,59,-1,57,59,56,-1,69,71,68,-1,68,71,72,-1,68,72,67,-1,
  67,72,73,-1,67,73,66,-1,66,73,74,-1,66,74,65,-1,65,74,75,-1,65,75,64,-1,64,75,76,-1,64,76,63,-1,
  63,76,77,-1,63,77,62,-1,62,77,78,-1,62,78,61,-1,61,78,79,-1,61,79,60,-1,89,91,88,-1,88,91,92,-1,
  88,92,87,-1,87,92,93,-1,87,93,86,-1,86,93,94,-1,86,94,85,-1,85,94,95,-1,85,95,84,-1,84,95,96,-1,
  84,96,83,-1,83,96,97,-1,83,97,82,-1,82,97,98,-1,82,98,81,-1,81,98,99,-1,81,99,80,-1,109,111,108,-1,
  108,111,112,-1,108,112,107,-1,107,112,113,-1,107,113,106,-1,106,113,114,-1,106,114,105,-1,105,114,115,-1,105,115,104,-1,
  104,115,116,-1,104,116,103,-1,103,116,117,-1,103,117,102,-1,102,117,118,-1,102,118,101,-1,101,118,119,-1,101,119,100,-1,
  129,131,128,-1,128,131,132,-1,128,132,127,-1,127,132,133,-1,127,133,126,-1,126,133,134,-1,126,134,125,-1,125,134,135,-1,
  125,135,124,-1,124,135,136,-1,124,136,123,-1,123,136,137,-1,123,137,122,-1,122,137,138,-1,122,138,121,-1,121,138,139,-1,
  121,139,120,-1,13,15,12,-1,12,15,16,-1,12,16,11,-1,11,16,17,-1,11,17,10,-1,10,17,18,-1,10,18,9,-1,
  9,18,19,-1,9,19,8,-1,8,19,20,-1,8,20,7,-1,7,20,21,-1,7,21,6,-1,6,21,22,-1,6,22,5,-1,
  5,22,23,-1,5,23,4,-1,149,151,148,-1,148,151,152,-1,148,152,147,-1,147,152,153,-1,147,153,146,-1,146,153,154,-1,
  146,154,145,-1,145,154,155,-1,145,155,144,-1,144,155,156,-1,144,156,143,-1,143,156,157,-1,143,157,142,-1,142,157,158,-1,
  142,158,141,-1,141,158,159,-1,141,159,140,-1,169,171,168,-1,168,171,172,-1,168,172,167,-1,167,172,173,-1,167,173,166,-1,
  166,173,174,-1,166,174,165,-1,165,174,175,-1,165,175,164,-1,164,175,176,-1,164,176,163,-1,163,176,177,-1,163,177,162,-1,
  162,177,178,-1,162,178,161,-1,161,178,179,-1,161,179,160,-1,189,191,188,-1,188,191,192,-1,188,192,187,-1,187,192,193,-1,
  187,193,186,-1,186,193,194,-1,186,194,185,-1,185,194,195,-1,185,195,184,-1,184,195,196,-1,184,196,183,-1,183,196,197,-1,
  183,197,182,-1,182,197,198,-1,182,198,181,-1,181,198,199,-1,181,199,180,-1,209,211,208,-1,208,211,212,-1,208,212,207,-1,
  207,212,213,-1,207,213,206,-1,206,213,214,-1,206,214,205,-1,205,214,215,-1,205,215,204,-1,204,215,216,-1,204,216,203,-1,
  203,216,217,-1,203,217,202,-1,202,217,218,-1,202,218,201,-1,201,218,219,-1,201,219,200,-1,229,231,228,-1,228,231,232,-1,
  228,232,227,-1,227,232,233,-1,227,233,226,-1,226,233,234,-1,226,234,225,-1,225,234,235,-1,225,235,224,-1,224,235,236,-1,
  224,236,223,-1,223,236,237,-1,223,237,222,-1,222,237,238,-1,222,238,221,-1,221,238,239,-1,221,239,220,-1,249,251,248,-1,
  248,251,252,-1,248,252,247,-1,247,252,253,-1,247,253,246,-1,246,253,254,-1,246,254,245,-1,245,254,255,-1,245,255,244,-1,
  244,255,256,-1,244,256,243,-1,243,256,257,-1,243,257,242,-1,242,257,258,-1,242,258,241,-1,241,258,259,-1,241,259,240,-1,
  269,271,268,-1,268,271,272,-1,268,272,267,-1,267,272,273,-1,267,273,266,-1,266,273,274,-1,266,274,265,-1,265,274,275,-1,
  265,275,264,-1,264,275,276,-1,264,276,263,-1,263,276,277,-1,263,277,262,-1,262,277,278,-1,262,278,261,-1,261,278,279,-1,
  261,279,260,-1,289,291,288,-1,288,291,292,-1,288,292,287,-1,287,292,293,-1,287,293,286,-1,286,293,294,-1,286,294,285,-1,
  285,294,295,-1,285,295,284,-1,284,295,296,-1,284,296,283,-1,283,296,297,-1,283,297,282,-1,282,297,298,-1,282,298,281,-1,
  281,298,299,-1,281,299,280,-1,291,289,290,-1,271,269,270,-1,251,249,250,-1,231,229,230,-1,211,209,210,-1,191,189,190,-1,
  171,169,170,-1,151,149,150,-1,15,13,14,-1,131,129,130,-1,111,109,110,-1,91,89,90,-1,71,69,70,-1,311,309,310,-1]
  normalPerVertex TRUE
  normal DEF NORM_374 Normal { vector [
  0 0 1,0 0 1,
  0 0 1,0 0 1,
  0 0 1,0 0 1,
  0 0 1,0 0 1,
  0 0 1,0 0 1,
  0 0 1,0 0 1,
  0 0 1,0 0 1,
  0 0 1,0 0 1,
  0 0 1,0 0 1,
  0 0 1,0 0 1,
  0 0 1,0 0 1,
  0 0 1,0 0 1,
  0 0 1,0 0 1,
  0 0 1,0 0 1,
  0 0 1,0 0 1,
  0 0 1,0 0 1,
  0 0 1,0 0 1,
  0 0 1,0 0 1,
  0 0 1,0 0 1,
  0 0 1,0 0 1,
  0 0 1,0 0 1,
  0 0 1,0 0 1,
  0 0 1,0 0 1,
  0 0 1,0 0 1,
  0 0 1,0 0 1,
  0 0 1,0 0 1,
  0 0 1,0 0 1,
  0 0 1,0 0 1,
  0 0 1,0 0 1,
  0 0 1,0 0 1,
  0 0 1,0 0 1,
  0 0 1,0 0 1,
  0 0 1,0 0 1,
  0 0 1,0 0 1,
  0 0 1,0 0 1,
  0 0 1,0 0 1,
  0 0 1,0 0 1,
  0 0 1,0 0 1,
  0 0 1,0 0 1,
  0 0 1,0 0 1,
  0 0 1,0 0 1,
  0 0 1,0 0 1,
  0 0 1,0 0 1,
  0 0 1,0 0 1,
  0 0 1,0 0 1,
  0 0 1,0 0 1,
  0 0 1,0 0 1,
  0 0 1,0 0 1,
  0 0 1,0 0 1,
  0 0 1,0 0 1,
  0 0 1,0 0 1,
  0 0 1,0 0 1,
  0 0 1,0 0 1,
  0 0 1,0 0 1,
  0 0 1,0 0 1,
  0 0 1,0 0 1,
  0 0 1,0 0 1,
  0 0 1,0 0 1,
  0 0 1,0 0 1,
  0 0 1,0 0 1,
  0 0 1,0 0 1,
  0 0 1,0 0 1,
  0 0 1,0 0 1,
  0 0 1,0 0 1,
  0 0 1,0 0 1,
  0 0 1,0 0 1,
  0 0 1,0 0 1,
  0 0 1,0 0 1,
  0 0 1,0 0 1,
  0 0 1,0 0 1,
  0 0 1,0 0 1,
  0 0 1,0 0 1,
  0 0 1,0 0 1,
  0 0 1,0 0 1,
  0 0 1,0 0 1,
  0 0 1,0 0 1,
  0 0 1,0 0 1,
  0 0 1,0 0 1,
  0 0 1,0 0 1,
  0 0 1,0 0 1,
  0 0 1,0 0 1,
  0 0 1,0 0 1,
  0 0 1,0 0 1,
  0 0 1,0 0 1,
  0 0 1,0 0 1,
  0 0 1,0 0 1,
  0 0 1,0 0 1,
  0 0 1,0 0 1,
  0 0 1,0 0 1,
  0 0 1,0 0 1,
  0 0 1,0 0 1,
  0 0 1,0 0 1,
  0 0 1,0 0 1,
  0 0 1,0 0 1,
  0 0 1,0 0 1,
  0 0 1,0 0 1,
  0 0 1,0 0 1,
  0 0 1,0 0 1,
  0 0 1,0 0 1,
  0 0 1,0 0 1,
  0 0 1,0 0 1,
  0 0 1,0 0 1,
  0 0 1,0 0 1,
  0 0 1,0 0 1,
  0 0 1,0 0 1,
  0 0 1,0 0 1,
  0 0 1,0 0 1,
  0 0 1,0 0 1,
  0 0 1,0 0 1,
  0 0 1,0 0 1,
  0 0 1,0 0 1,
  0 0 1,0 0 1,
  0 0 1,0 0 1,
  0 0 1,0 0 1,
  0 0 1,0 0 1,
  0 0 1,0 0 1,
  0 0 1,0 0 1,
  0 0 1,0 0 1,
  0 0 1,0 0 1,
  0 0 1,0 0 1,
  0 0 1,0 0 1,
  0 0 1,0 0 1,
  0 0 1,0 0 1,
  0 0 1,0 0 1,
  0 0 1,0 0 1,
  0 0 1,0 0 1,
  0 0 1,0 0 1,
  0 0 1,0 0 1,
  0 0 1,0 0 1,
  0 0 1,0 0 1,
  0 0 1,0 0 1,
  0 0 1,0 0 1,
  0 0 1,0 0 1,
  0 0 1,0 0 1,
  0 0 1,0 0 1,
  0 0 1,0 0 1,
  0 0 1,0 0 1,
  0 0 1,0 0 1,
  0 0 1,0 0 1,
  0 0 1,0 0 1,
  0 0 1,0 0 1,
  0 0 1,0 0 1,
  0 0 1,0 0 1,
  0 0 1,0 0 1,
  0 0 1,0 0 1,
  0 0 1,0 0 1,
  0 0 1,0 0 1,
  0 0 1,0 0 1,
  0 0 1,0 0 1,
  0 0 1,0 0 1,
  0 0 1,0 0 1,
  0 0 1,0 0 1,
  0 0 1,0 0 1,
  0 0 1,0 0 1,
  0 0 1,0 0 1,
  0 0 1,0 0 1,
  0 0 1,0 0 1,
  0 0 1,0 0 1,
  0 0 1,0 0 1,
  0 0 1,0 0 1] }
}
}
] }
DEF TXFM_34 Transform {
  center 0 0 0
  rotation 0 0 1 0
  scale 1 1 1
  scaleOrientation 0 0 1 0
  translation 0 0 0
 children [
DEF SHAPE_375 Shape {
 appearance DEF APP_21 Appearance {
  material Material {
   ambientIntensity 1
   diffuseColor 0.078431375 0.2 0.14117648
   emissiveColor 0 0 0
   shininess 0.30000001
   specularColor 0.35490197 0.44 0.39882353
   transparency 0.17
} }
 geometry DEF FACE_375 IndexedFaceSet {
  coord DEF COORD_375 Coordinate { point [
  3.1299213 3.5629921 0.31988189,3.1263598 3.5427941 0.31988189,
  3.116105 3.5250322 0.31988189,3.1003937 3.5118489 0.31988189,
  3.081121 3.5048342 0.31988189,3.0606113 3.5048342 0.31988189,
  3.0413386 3.5118489 0.31988189,3.0256273 3.5250322 0.31988189,
  3.0153725 3.5427941 0.31988189,3.011811 3.5629921 0.31988189,
  3.0153725 3.5831902 0.31988189,3.0256273 3.600952 0.31988189,
  3.0413386 3.6141354 0.31988189,3.0606113 3.6211501 0.31988189,
  3.081121 3.6211501 0.31988189,3.1003937 3.6141354 0.31988189,
  3.116105 3.600952 0.31988189,3.1263598 3.5831902 0.31988189,
  3.5366976 1.9860913 0.31988189,3.5472441 1.988189 0.31988189,
  3.8543307 1.988189 0.31988189,3.8648772 1.9860913 0.31988189,
  3.8738177 1.9801169 0.31988189,3.8797921 1.9711764 0.31988189,
  3.8818898 1.9606299 0.31988189,3.8818898 1.7401575 0.31988189,
  3.8797921 1.729611 0.31988189,3.8738177 1.7206705 0.31988189,
  3.8648772 1.7146961 0.31988189,3.8543307 1.7125984 0.31988189,
  3.5472441 1.7125984 0.31988189,3.5366976 1.7146961 0.31988189,
  3.5277571 1.7206705 0.31988189,3.5217827 1.729611 0.31988189,
  3.519685 1.7401575 0.31988189,3.519685 1.9606299 0.31988189,
  3.5217827 1.9711764 0.31988189,3.5277571 1.9801169 0.31988189,
  3.519685 2.3700787 0.31988189,3.519685 2.5905512 0.31988189,
  3.5217827 2.6010976 0.31988189,3.5277571 2.6100382 0.31988189,
  3.5366976 2.6160126 0.31988189,3.5472441 2.6181102 0.31988189,
  3.8543307 2.6181102 0.31988189,3.8648772 2.6160126 0.31988189,
  3.8738177 2.6100382 0.31988189,3.8797921 2.6010976 0.31988189,
  3.8818898 2.5905512 0.31988189,3.8818898 2.3700787 0.31988189,
  3.8797921 2.3595323 0.31988189,3.8738177 2.3505917 0.31988189,
  3.8648772 2.3446173 0.31988189,3.8543307 2.3425197 0.31988189,
  3.5472441 2.3425197 0.31988189,3.5366976 2.3446173 0.31988189,
  3.5277571 2.3505917 0.31988189,3.5217827 2.3595323 0.31988189,
  3.4153543 3.0487205 0.31988189,3.4153543 3.2504921 0.31988189,
  3.4219098 3.2834496 0.31988189,3.4405787 3.3113898 0.31988189,
  3.4685189 3.3300587 0.31988189,3.5014764 3.3366142 0.31988189,
  3.6737205 3.3366142 0.31988189,3.706678 3.3300587 0.31988189,
  3.7346181 3.3113898 0.31988189,3.753287 3.2834496 0.31988189,
  3.7598425 3.2504921 0.31988189,3.7598425 3.0487205 0.31988189,
  3.753287 3.015763 0.31988189,3.7346181 2.9878228 0.31988189,
  3.706678 2.9691539 0.31988189,3.6737205 2.9625984 0.31988189,
  3.5014764 2.9625984 0.31988189,3.4685189 2.9691539 0.31988189,
  3.4405787 2.9878228 0.31988189,3.4219098 3.015763 0.31988189,
  3.3661417 2.8543307 0.31988189,3.3625803 2.8341327 0.31988189,
  3.3523255 2.8163708 0.31988189,3.3366142 2.8031875 0.31988189,
  3.3173414 2.7961728 0.31988189,3.2968318 2.7961728 0.31988189,
  3.2775591 2.8031875 0.31988189,3.2618478 2.8163708 0.31988189,
  3.251593 2.8341327 0.31988189,3.2480315 2.8543307 0.31988189,
  3.251593 2.8745287 0.31988189,3.2618478 2.8922906 0.31988189,
  3.2775591 2.9054739 0.31988189,3.2968318 2.9124886 0.31988189,
  3.3173414 2.9124886 0.31988189,3.3366142 2.9054739 0.31988189,
  3.3523255 2.8922906 0.31988189,3.3625803 2.8745287 0.31988189,
  3.4125858 2.1625665 0.31988189,3.4161473 2.1827646 0.31988189,
  3.4264021 2.2005264 0.31988189,3.4421134 2.2137098 0.31988189,
  3.4613861 2.2207245 0.31988189,3.4818958 2.2207245 0.31988189,
  3.5011685 2.2137098 0.31988189,3.5168798 2.2005264 0.31988189,
  3.5271346 2.1827646 0.31988189,3.5306961 2.1625665 0.31988189,
  3.5271346 2.1423685 0.31988189,3.5168798 2.1246066 0.31988189,
  3.5011685 2.1114233 0.31988189,3.4818958 2.1044086 0.31988189,
  3.4613861 2.1044086 0.31988189,3.4421134 2.1114233 0.31988189,
  3.4264021 2.1246066 0.31988189,3.4161473 2.1423685 0.31988189,
  2.8444921 2.9015748 0.31988189,2.8444921 2.731952 0.31988189,
  2.8444921 2.610237 0.31988189,2.8444921 2.3740157 0.31988189,
  2.8375992 2.3393634 0.31988189,2.8179705 2.3099862 0.31988189,
  2.7885933 2.2903575 0.31988189,2.7539409 2.2834646 0.31988189,
  2.4822874 2.2834646 0.31988189,2.447635 2.2903575 0.31988189,
  2.4182579 2.3099862 0.31988189,2.3986291 2.3393634 0.31988189,
  2.3917362 2.3740157 0.31988189,2.3917362 2.9015748 0.31988189,
  2.3986291 2.9362272 0.31988189,2.4182579 2.9656043 0.31988189,
  2.447635 2.9852331 0.31988189,2.4822874 2.992126 0.31988189,
  2.7539409 2.992126 0.31988189,2.7885933 2.9852331 0.31988189,
  2.8179705 2.9656043 0.31988189,2.8375992 2.9362272 0.31988189,
  1.006939 1.0364705 0.31988189,1.0265677 1.0070933 0.31988189,
  1.0334606 0.97244094 0.31988189,1.0334606 0.44488189 0.31988189,
  1.0265677 0.41022953 0.31988189,1.006939 0.38085236 0.31988189,
  0.97756181 0.36122362 0.31988189,0.94290945 0.35433071 0.31988189,
  0.67125591 0.35433071 0.31988189,0.63660354 0.36122362 0.31988189,
  0.60722638 0.38085236 0.31988189,0.58759764 0.41022953 0.31988189,
  0.58070472 0.44488189 0.31988189,0.58070472 0.97244094 0.31988189,
  0.58759764 1.0070933 0.31988189,0.60722638 1.0364705 0.31988189,
  0.63660354 1.0560992 0.31988189,0.67125591 1.0629921 0.31988189,
  0.94290945 1.0629921 0.31988189,0.97756181 1.0560992 0.31988189,
  0.36614173 1.4074764 0.31988189,0.33148937 1.4143693 0.31988189,
  0.3021122 1.433998 0.31988189,0.28248346 1.4633752 0.31988189,
  0.27559055 1.4980276 0.31988189,0.27559055 1.7696811 0.31988189,
  0.28248346 1.8043335 0.31988189,0.3021122 1.8337106 0.31988189,
  0.33148937 1.8533394 0.31988189,0.36614173 1.8602323 0.31988189,
  0.89370079 1.8602323 0.31988189,0.92835315 1.8533394 0.31988189,
  0.95773031 1.8337106 0.31988189,0.97735906 1.8043335 0.31988189,
  0.98425197 1.7696811 0.31988189,0.98425197 1.4980276 0.31988189,
  0.97735906 1.4633752 0.31988189,0.95773031 1.433998 0.31988189,
  0.92835315 1.4143693 0.31988189,0.89370079 1.4074764 0.31988189,
  0.19283661 0.61528976 0.31988189,0.16305433 0.60730984 0.31988189,
  0.13222126 0.60730984 0.31988189,0.10243898 0.61528976 0.31988189,
  0.075737008 0.6307063 0.31988189,0.053934646 0.65250866 0.31988189,
  0.03851811 0.67921063 0.31988189,0.030538189 0.70899291 0.31988189,
  0.030538189 0.73982598 0.31988189,0.03851811 0.76960827 0.31988189,
  0.053934646 0.79631024 0.31988189,0.075737008 0.8181126 0.31988189,
  0.10243898 0.83352913 0.31988189,0.13222126 0.84150906 0.31988189,
  0.16305433 0.84150906 0.31988189,0.19283661 0.83352913 0.31988189,
  0.21953858 0.8181126 0.31988189,0.24134094 0.79631024 0.31988189,
  0.25675748 0.76960827 0.31988189,0.2647374 0.73982598 0.31988189,
  0.2647374 0.70899291 0.31988189,0.25675748 0.67921063 0.31988189,
  0.24134094 0.65250866 0.31988189,0.21953858 0.6307063 0.31988189,
  0.21653543 0.25590551 0.31988189,0.22009689 0.27610355 0.31988189,
  0.23035171 0.29386541 0.31988189,0.24606299 0.30704874 0.31988189,
  0.26533574 0.31406345 0.31988189,0.28584536 0.31406345 0.31988189,
  0.30511811 0.30704874 0.31988189,0.3208294 0.29386541 0.31988189,
  0.33108421 0.27610355 0.31988189,0.33464567 0.25590551 0.31988189,
  0.33108421 0.23570747 0.31988189,0.3208294 0.21794561 0.31988189,
  0.30511811 0.20476228 0.31988189,0.28584536 0.19774757 0.31988189,
  0.26533574 0.19774757 0.31988189,0.24606299 0.20476228 0.31988189,
  0.23035171 0.21794561 0.31988189,0.22009689 0.23570747 0.31988189,
  0.89370079 3.0019724 0.31988189,0.92835315 2.9950795 0.31988189,
  0.95773031 2.9754508 0.31988189,0.97735906 2.9460736 0.31988189,
  0.98425197 2.9114213 0.31988189,0.98425197 2.9015748 0.31988189,
  0.98425197 2.6397677 0.31988189,0.97735906 2.6051154 0.31988189,
  0.95773031 2.5757382 0.31988189,0.92835315 2.5561094 0.31988189,
  0.89370079 2.5492165 0.31988189,0.36614173 2.5492165 0.31988189,
  0.33148937 2.5561094 0.31988189,0.3021122 2.5757382 0.31988189,
  0.28248346 2.6051154 0.31988189,0.27559055 2.6397677 0.31988189,
  0.27559055 2.9114213 0.31988189,0.28248346 2.9460736 0.31988189,
  0.3021122 2.9754508 0.31988189,0.33148937 2.9950795 0.31988189,
  0.36614173 3.0019724 0.31988189,0.37401575 3.5629921 0.31988189,
  0.37045429 3.5427941 0.31988189,0.36019947 3.5250322 0.31988189,
  0.34448819 3.5118489 0.31988189,0.32521544 3.5048342 0.31988189,
  0.30470582 3.5048342 0.31988189,0.28543307 3.5118489 0.31988189,
  0.26972178 3.5250322 0.31988189,0.25946697 3.5427941 0.31988189,
  0.25590551 3.5629921 0.31988189,0.25946697 3.5831902 0.31988189,
  0.26972178 3.600952 0.31988189,0.28543307 3.6141354 0.31988189,
  0.30470582 3.6211501 0.31988189,0.32521544 3.6211501 0.31988189,
  0.34448819 3.6141354 0.31988189,0.36019947 3.600952 0.31988189,
  0.37045429 3.5831902 0.31988189,0.24606299 2.2755527 0.31988189,
  0.26533574 2.2825674 0.31988189,0.28584536 2.2825674 0.31988189,
  0.30511811 2.2755527 0.31988189,0.3208294 2.2623693 0.31988189,
  0.33108421 2.2446075 0.31988189,0.33464567 2.2244094 0.31988189,
  0.33108421 2.2042114 0.31988189,0.3208294 2.1864496 0.31988189,
  0.30511811 2.1732662 0.31988189,0.28584536 2.1662515 0.31988189,
  0.26533574 2.1662515 0.31988189,0.24606299 2.1732662 0.31988189,
  0.23035171 2.1864496 0.31988189,0.22009689 2.2042114 0.31988189,
  0.21653543 2.2244094 0.31988189,0.22009689 2.2446075 0.31988189,
  0.23035171 2.2623693 0.31988189,5.9438713 2.7011189 0.31988189,
  5.9358913 2.6713366 0.31988189,5.9204748 2.6446346 0.31988189,
  5.8986724 2.6228323 0.31988189,5.8719705 2.6074157 0.31988189,
  5.8421882 2.5994358 0.31988189,5.8113551 2.5994358 0.31988189,
  5.7815728 2.6074157 0.31988189,5.7548709 2.6228323 0.31988189,
  5.7330685 2.6446346 0.31988189,5.717652 2.6713366 0.31988189,
  5.709672 2.7011189 0.31988189,5.709672 2.731952 0.31988189,
  5.717652 2.7617343 0.31988189,5.7330685 2.7884362 0.31988189,
  5.7548709 2.8102386 0.31988189,5.7815728 2.8256551 0.31988189,
  5.8113551 2.833635 0.31988189,5.8421882 2.833635 0.31988189,
  5.8719705 2.8256551 0.31988189,5.8986724 2.8102386 0.31988189,
  5.9204748 2.7884362 0.31988189,5.9358913 2.7617343 0.31988189,
  5.9438713 2.731952 0.31988189,5.984252 0 0.31988189,
  5.984252 3.8582677 0.31988189,0 3.8582677 0.31988189,
  0 3.6768339 0.31988189,0 3.2504921 0.31988189,
  0 2.9114213 0.31988189,0 2.0236224 0.31988189,
  0 1.9173228 0.31988189,0 1.7696811 0.31988189,
  0 1.2401575 0.31988189,0 1.1335268 0.31988189,
  0 0.97244094 0.31988189,0 0.73982598 0.31988189,
  0 0 0.31988189,5.9438713 3.6460008 0.31988189,
  5.9358913 3.6162185 0.31988189,5.9204748 3.5895165 0.31988189,
  5.8986724 3.5677142 0.31988189,5.8719705 3.5522976 0.31988189,
  5.8421882 3.5443177 0.31988189,5.8113551 3.5443177 0.31988189,
  5.7815728 3.5522976 0.31988189,5.7548709 3.5677142 0.31988189,
  5.7330685 3.5895165 0.31988189,5.717652 3.6162185 0.31988189,
  5.709672 3.6460008 0.31988189,5.709672 3.6768339 0.31988189,
  5.717652 3.7066161 0.31988189,5.7330685 3.7333181 0.31988189,
  5.7548709 3.7551205 0.31988189,5.7815728 3.770537 0.31988189,
  5.8113551 3.7785169 0.31988189,5.8421882 3.7785169 0.31988189,
  5.8719705 3.770537 0.31988189,5.8986724 3.7551205 0.31988189,
  5.9204748 3.7333181 0.31988189,5.9358913 3.7066161 0.31988189,
  5.9438713 3.6768339 0.31988189,5.9438713 3.2043929 0.31988189,
  5.9438713 3.1735598 0.31988189,5.9358913 3.1437776 0.31988189,
  5.9204748 3.1170756 0.31988189,5.8986724 3.0952732 0.31988189,
  5.8719705 3.0798567 0.31988189,5.8421882 3.0718768 0.31988189,
  5.8113551 3.0718768 0.31988189,5.7815728 3.0798567 0.31988189,
  5.7548709 3.0952732 0.31988189,5.7330685 3.1170756 0.31988189,
  5.717652 3.1437776 0.31988189,5.709672 3.1735598 0.31988189,
  5.709672 3.2043929 0.31988189,5.717652 3.2341752 0.31988189,
  5.7330685 3.2608772 0.31988189,5.7548709 3.2826795 0.31988189,
  5.7815728 3.2980961 0.31988189,5.8113551 3.306076 0.31988189,
  5.8421882 3.306076 0.31988189,5.8719705 3.2980961 0.31988189,
  5.8986724 3.2826795 0.31988189,5.9204748 3.2608772 0.31988189,
  5.9358913 3.2341752 0.31988189,5.709672 2.228678 0.31988189,
  5.709672 2.259511 0.31988189,5.717652 2.2892933 0.31988189,
  5.7330685 2.3159953 0.31988189,5.7548709 2.3377976 0.31988189,
  5.7815728 2.3532142 0.31988189,5.8113551 2.3611941 0.31988189,
  5.8421882 2.3611941 0.31988189,5.8719705 2.3532142 0.31988189,
  5.8986724 2.3377976 0.31988189,5.9204748 2.3159953 0.31988189,
  5.9358913 2.2892933 0.31988189,5.9438713 2.259511 0.31988189,
  5.9438713 2.228678 0.31988189,5.9358913 2.1988957 0.31988189,
  5.9204748 2.1721937 0.31988189,5.8986724 2.1503913 0.31988189,
  5.8719705 2.1349748 0.31988189,5.8421882 2.1269949 0.31988189,
  5.8113551 2.1269949 0.31988189,5.7815728 2.1349748 0.31988189,
  5.7548709 2.1503913 0.31988189,5.7330685 2.1721937 0.31988189,
  5.717652 2.1988957 0.31988189,5.6496063 1.8700787 0.31988189,
  5.6531678 1.8902768 0.31988189,5.6634226 1.9080386 0.31988189,
  5.6791339 1.921222 0.31988189,5.6984066 1.9282367 0.31988189,
  5.7189162 1.9282367 0.31988189,5.738189 1.921222 0.31988189,
  5.7539003 1.9080386 0.31988189,5.7641551 1.8902768 0.31988189,
  5.7677165 1.8700787 0.31988189,5.7641551 1.8498807 0.31988189,
  5.7539003 1.8321188 0.31988189,5.738189 1.8189355 0.31988189,
  5.7189162 1.8119208 0.31988189,5.6984066 1.8119208 0.31988189,
  5.6791339 1.8189355 0.31988189,5.6634226 1.8321188 0.31988189,
  5.6531678 1.8498807 0.31988189,5.5964575 2.5542937 0.31988189,
  5.5964575 2.2865764 0.31988189,5.5939102 2.2737701 0.31988189,
  5.5866559 2.2629134 0.31988189,5.5815642 2.259511 0.31988189,
  5.5757992 2.2556591 0.31988189,5.5629929 2.2531118 0.31988189,
  5.2952756 2.2531118 0.31988189,5.2824693 2.2556591 0.31988189,
  5.2716126 2.2629134 0.31988189,5.2643583 2.2737701 0.31988189,
  5.261811 2.2865764 0.31988189,5.261811 2.5542937 0.31988189,
  5.2643583 2.5671 0.31988189,5.2716126 2.5779567 0.31988189,
  5.2824693 2.585211 0.31988189,5.2952756 2.5877583 0.31988189,
  5.5629929 2.5877583 0.31988189,5.5757992 2.585211 0.31988189,
  5.5866559 2.5779567 0.31988189,5.5939102 2.5671 0.31988189,
  5.6496063 0.53149606 0.31988189,5.6531678 0.5516941 0.31988189,
  5.6634226 0.56945596 0.31988189,5.6791339 0.5826393 0.31988189,
  5.6984066 0.589654 0.31988189,5.7189162 0.589654 0.31988189,
  5.738189 0.5826393 0.31988189,5.7539003 0.56945596 0.31988189,
  5.7641551 0.5516941 0.31988189,5.7677165 0.53149606 0.31988189,
  5.7641551 0.51129802 0.31988189,5.7539003 0.49353616 0.31988189,
  5.738189 0.48035283 0.31988189,5.7189162 0.47333812 0.31988189,
  5.6984066 0.47333812 0.31988189,5.6791339 0.48035283 0.31988189,
  5.6634226 0.49353616 0.31988189,5.6531678 0.51129802 0.31988189,
  5.3228346 2.9488189 0.31988189,5.3122882 2.9509165 0.31988189,
  5.3033476 2.9568909 0.31988189,5.2973732 2.9658315 0.31988189,
  5.2952756 2.976378 0.31988189,5.2952756 3.2834646 0.31988189,
  5.2973732 3.294011 0.31988189,5.3033476 3.3029516 0.31988189,
  5.3122882 3.308926 0.31988189,5.3228346 3.3110236 0.31988189,
  5.5433071 3.3110236 0.31988189,5.5538535 3.308926 0.31988189,
  5.5627941 3.3029516 0.31988189,5.5687685 3.294011 0.31988189,
  5.5708661 3.2834646 0.31988189,5.5708661 3.2043929 0.31988189,
  5.5708661 2.976378 0.31988189,5.5687685 2.9658315 0.31988189,
  5.5627941 2.9568909 0.31988189,5.5538535 2.9509165 0.31988189,
  5.5433071 2.9488189 0.31988189,5.3772272 2.7378264 0.31988189,
  5.3807886 2.7580244 0.31988189,5.3910434 2.7757863 0.31988189,
  5.4067547 2.7889696 0.31988189,5.4260275 2.7959843 0.31988189,
  5.4465371 2.7959843 0.31988189,5.4658098 2.7889696 0.31988189,
  5.4815211 2.7757863 0.31988189,5.4917759 2.7580244 0.31988189,
  5.4953374 2.7378264 0.31988189,5.4917759 2.7176283 0.31988189,
  5.4815211 2.6998665 0.31988189,5.4658098 2.6866831 0.31988189,
  5.4465371 2.6796684 0.31988189,5.4260275 2.6796684 0.31988189,
  5.4067547 2.6866831 0.31988189,5.3910434 2.6998665 0.31988189,
  5.3807886 2.7176283 0.31988189,2.7066929 0.30704874 0.31988189,
  2.7224042 0.29386541 0.31988189,2.732659 0.27610355 0.31988189,
  2.7362205 0.25590551 0.31988189,2.732659 0.23570747 0.31988189,
  2.7224042 0.21794561 0.31988189,2.7066929 0.20476228 0.31988189,
  2.6874202 0.19774757 0.31988189,2.6669105 0.19774757 0.31988189,
  2.6476378 0.20476228 0.31988189,2.6319265 0.21794561 0.31988189,
  2.6216717 0.23570747 0.31988189,2.6181102 0.25590551 0.31988189,
  2.6216717 0.27610355 0.31988189,2.6319265 0.29386541 0.31988189,
  2.6476378 0.30704874 0.31988189,2.6669105 0.31406345 0.31988189,
  2.6874202 0.31406345 0.31988189,2.4822874 1.2992126 0.31988189,
  2.447635 1.3061055 0.31988189,2.4182579 1.3257343 0.31988189,
  2.3986291 1.3551114 0.31988189,2.3917362 1.3897638 0.31988189,
  2.3917362 1.9173228 0.31988189,2.3986291 1.9519752 0.31988189,
  2.4182579 1.9813524 0.31988189,2.447635 2.0009811 0.31988189,
  2.4822874 2.007874 0.31988189,2.7539409 2.007874 0.31988189,
  2.7885933 2.0009811 0.31988189,2.8077386 1.988189 0.31988189,
  2.8179705 1.9813524 0.31988189,2.8375992 1.9519752 0.31988189,
  2.8444921 1.9173228 0.31988189,2.8444921 1.3897638 0.31988189,
  2.8375992 1.3551114 0.31988189,2.8179705 1.3257343 0.31988189,
  2.7885933 1.3061055 0.31988189,2.7539409 1.2992126 0.31988189,
  2.5787402 1.0433071 0.31988189,2.5823016 1.0635051 0.31988189,
  2.5925564 1.081267 0.31988189,2.6082677 1.0944503 0.31988189,
  2.6275405 1.101465 0.31988189,2.6480501 1.101465 0.31988189,
  2.6673228 1.0944503 0.31988189,2.6830341 1.081267 0.31988189,
  2.6932889 1.0635051 0.31988189,2.6968504 1.0433071 0.31988189,
  2.6932889 1.023109 0.31988189,2.6830341 1.0053472 0.31988189,
  2.6673228 0.99216385 0.31988189,2.6480501 0.98514915 0.31988189,
  2.6275405 0.98514915 0.31988189,2.6082677 0.99216385 0.31988189,
  2.5925564 1.0053472 0.31988189,2.5823016 1.023109 0.31988189,
  1.5944882 3.5629921 0.31988189,1.5980496 3.5831902 0.31988189,
  1.6083045 3.600952 0.31988189,1.6240157 3.6141354 0.31988189,
  1.6432885 3.6211501 0.31988189,1.6637981 3.6211501 0.31988189,
  1.6830709 3.6141354 0.31988189,1.6987822 3.600952 0.31988189,
  1.709037 3.5831902 0.31988189,1.7125984 3.5629921 0.31988189,
  1.709037 3.5427941 0.31988189,1.6987822 3.5250322 0.31988189,
  1.6830709 3.5118489 0.31988189,1.6637981 3.5048342 0.31988189,
  1.6432885 3.5048342 0.31988189,1.6240157 3.5118489 0.31988189,
  1.6083045 3.5250322 0.31988189,1.5980496 3.5427941 0.31988189,
  1.3405472 2.992126 0.31988189,1.6122008 2.992126 0.31988189,
  1.6468531 2.9852331 0.31988189,1.6762303 2.9656043 0.31988189,
  1.6958591 2.9362272 0.31988189,1.702752 2.9015748 0.31988189,
  1.702752 2.3740157 0.31988189,1.6958591 2.3393634 0.31988189,
  1.6762303 2.3099862 0.31988189,1.6468531 2.2903575 0.31988189,
  1.6122008 2.2834646 0.31988189,1.3405472 2.2834646 0.31988189,
  1.3058949 2.2903575 0.31988189,1.2765177 2.3099862 0.31988189,
  1.256889 2.3393634 0.31988189,1.2499961 2.3740157 0.31988189,
  1.2499961 2.9015748 0.31988189,1.256889 2.9362272 0.31988189,
  1.2765177 2.9656043 0.31988189,1.3058949 2.9852331 0.31988189,
  1.3618292 0.27610355 0.31988189,1.372084 0.29386541 0.31988189,
  1.3877953 0.30704874 0.31988189,1.407068 0.31406345 0.31988189,
  1.4275776 0.31406345 0.31988189,1.4468504 0.30704874 0.31988189,
  1.4625617 0.29386541 0.31988189,1.4728165 0.27610355 0.31988189,
  1.476378 0.25590551 0.31988189,1.4728165 0.23570747 0.31988189,
  1.4625617 0.21794561 0.31988189,1.4468504 0.20476228 0.31988189,
  1.4275776 0.19774757 0.31988189,1.407068 0.19774757 0.31988189,
  1.3877953 0.20476228 0.31988189,1.372084 0.21794561 0.31988189,
  1.3618292 0.23570747 0.31988189,1.3582677 0.25590551 0.31988189,
  1.2007874 2.1456693 0.31988189,1.1972259 2.1254713 0.31988189,
  1.1869711 2.1077094 0.31988189,1.1712598 2.0945261 0.31988189,
  1.1519871 2.0875114 0.31988189,1.1314775 2.0875114 0.31988189,
  1.1122047 2.0945261 0.31988189,1.0964934 2.1077094 0.31988189,
  1.0862386 2.1254713 0.31988189,1.0826772 2.1456693 0.31988189,
  1.0862386 2.1658673 0.31988189,1.0964934 2.1836292 0.31988189,
  1.1122047 2.1968125 0.31988189,1.1314775 2.2038272 0.31988189,
  1.1519871 2.2038272 0.31988189,1.1712598 2.1968125 0.31988189,
  1.1869711 2.1836292 0.31988189,1.1972259 2.1658673 0.31988189,
  1.2499961 1.3897638 0.31988189,1.2499961 1.9173228 0.31988189,
  1.256889 1.9519752 0.31988189,1.2765177 1.9813524 0.31988189,
  1.3058949 2.0009811 0.31988189,1.3405472 2.007874 0.31988189,
  1.6122008 2.007874 0.31988189,1.6468531 2.0009811 0.31988189,
  1.6762303 1.9813524 0.31988189,1.6958591 1.9519752 0.31988189,
  1.702752 1.9173228 0.31988189,1.702752 1.3897638 0.31988189,
  1.6958591 1.3551114 0.31988189,1.6762303 1.3257343 0.31988189,
  1.6468531 1.3061055 0.31988189,1.6122008 1.2992126 0.31988189,
  1.3405472 1.2992126 0.31988189,1.3058949 1.3061055 0.31988189,
  1.2765177 1.3257343 0.31988189,1.256889 1.3551114 0.31988189,
  1.2437189 1.1028752 0.31988189,1.2539738 1.1206371 0.31988189,
  1.269685 1.1338204 0.31988189,1.2889578 1.1408351 0.31988189,
  1.3094674 1.1408351 0.31988189,1.3287402 1.1338204 0.31988189,
  1.3444514 1.1206371 0.31988189,1.3547063 1.1028752 0.31988189,
  1.3582677 1.0826772 0.31988189,1.3547063 1.0624791 0.31988189,
  1.3444514 1.0447173 0.31988189,1.3287402 1.0315339 0.31988189,
  1.3094674 1.0245192 0.31988189,1.2889578 1.0245192 0.31988189,
  1.269685 1.0315339 0.31988189,1.2539738 1.0447173 0.31988189,
  1.2437189 1.0624791 0.31988189,1.2401575 1.0826772 0.31988189,
  3.3562996 2.3425197 0.31988189,3.3537524 2.3297134 0.31988189,
  3.346498 2.3188567 0.31988189,3.3356413 2.3116024 0.31988189,
  3.322835 2.3090551 0.31988189,3.0551177 2.3090551 0.31988189,
  3.0423114 2.3116024 0.31988189,3.0314547 2.3188567 0.31988189,
  3.0242004 2.3297134 0.31988189,3.0216531 2.3425197 0.31988189,
  3.0216531 2.610237 0.31988189,3.0242004 2.6230433 0.31988189,
  3.0314547 2.6339 0.31988189,3.0423114 2.6411543 0.31988189,
  3.0551177 2.6437016 0.31988189,3.322835 2.6437016 0.31988189,
  3.3356413 2.6411543 0.31988189,3.346498 2.6339 0.31988189,
  3.3537524 2.6230433 0.31988189,3.3562996 2.610237 0.31988189,
  3.3562996 2.5905512 0.31988189,3.3562996 1.988189 0.31988189,
  3.3562996 1.9606299 0.31988189,3.3562996 1.7204717 0.31988189,
  3.3537524 1.7076654 0.31988189,3.346498 1.6968087 0.31988189,
  3.3356413 1.6895543 0.31988189,3.322835 1.6870071 0.31988189,
  3.0551177 1.6870071 0.31988189,3.0423114 1.6895543 0.31988189,
  3.0314547 1.6968087 0.31988189,3.0242004 1.7076654 0.31988189,
  3.0216531 1.7204717 0.31988189,3.0216531 1.988189 0.31988189,
  3.0242004 2.0009953 0.31988189,3.0314547 2.011852 0.31988189,
  3.0423114 2.0191063 0.31988189,3.0551177 2.0216535 0.31988189,
  3.322835 2.0216535 0.31988189,3.3356413 2.0191063 0.31988189,
  3.346498 2.011852 0.31988189,3.3537524 2.0009953 0.31988189,
  5.261811 1.7559051 0.31988189,5.261811 2.0236224 0.31988189,
  5.2643583 2.0364287 0.31988189,5.2716126 2.0472854 0.31988189,
  5.2824693 2.0545398 0.31988189,5.2952756 2.057087 0.31988189,
  5.5629929 2.057087 0.31988189,5.5757992 2.0545398 0.31988189,
  5.5866559 2.0472854 0.31988189,5.5939102 2.0364287 0.31988189,
  5.5964575 2.0236224 0.31988189,5.5964575 1.7559051 0.31988189,
  5.5939102 1.7430988 0.31988189,5.5866559 1.7322421 0.31988189,
  5.5757992 1.7249878 0.31988189,5.5629929 1.7224406 0.31988189,
  5.2952756 1.7224406 0.31988189,5.2824693 1.7249878 0.31988189,
  5.2716126 1.7322421 0.31988189,5.2643583 1.7430988 0.31988189,
  4.9133858 3.3110236 0.31988189,4.9239323 3.308926 0.31988189,
  4.9328728 3.3029516 0.31988189,4.9388472 3.294011 0.31988189,
  4.9409449 3.2834646 0.31988189,4.9409449 2.976378 0.31988189,
  4.9388472 2.9658315 0.31988189,4.9328728 2.9568909 0.31988189,
  4.9239323 2.9509165 0.31988189,4.9133858 2.9488189 0.31988189,
  4.6929134 2.9488189 0.31988189,4.6823669 2.9509165 0.31988189,
  4.6734264 2.9568909 0.31988189,4.667452 2.9658315 0.31988189,
  4.6653543 2.976378 0.31988189,4.6653543 3.2834646 0.31988189,
  4.667452 3.294011 0.31988189,4.6734264 3.3029516 0.31988189,
  4.6823669 3.308926 0.31988189,4.6929134 3.3110236 0.31988189,
  4.8622047 3.5629921 0.31988189,4.8586433 3.5427941 0.31988189,
  4.8483885 3.5250322 0.31988189,4.8326772 3.5118489 0.31988189,
  4.8134044 3.5048342 0.31988189,4.7928948 3.5048342 0.31988189,
  4.773622 3.5118489 0.31988189,4.7579108 3.5250322 0.31988189,
  4.7476559 3.5427941 0.31988189,4.7440945 3.5629921 0.31988189,
  4.7476559 3.5831902 0.31988189,4.7579108 3.600952 0.31988189,
  4.773622 3.6141354 0.31988189,4.7928948 3.6211501 0.31988189,
  4.8134044 3.6211501 0.31988189,4.8326772 3.6141354 0.31988189,
  4.8483885 3.600952 0.31988189,4.8586433 3.5831902 0.31988189,
  4.6604213 2.585211 0.31988189,4.6732276 2.5877583 0.31988189,
  4.9409449 2.5877583 0.31988189,4.9537512 2.585211 0.31988189,
  4.9646079 2.5779567 0.31988189,4.9718622 2.5671 0.31988189,
  4.9744094 2.5542937 0.31988189,4.9744094 2.2865764 0.31988189,
  4.9718622 2.2737701 0.31988189,4.9646079 2.2629134 0.31988189,
  4.9537512 2.2556591 0.31988189,4.9409449 2.2531118 0.31988189,
  4.6732276 2.2531118 0.31988189,4.6604213 2.2556591 0.31988189,
  4.6495646 2.2629134 0.31988189,4.6423102 2.2737701 0.31988189,
  4.639763 2.2865764 0.31988189,4.639763 2.5542937 0.31988189,
  4.6423102 2.5671 0.31988189,4.6495646 2.5779567 0.31988189,
  4.639763 1.7559051 0.31988189,4.639763 2.0236224 0.31988189,
  4.6423102 2.0364287 0.31988189,4.6495646 2.0472854 0.31988189,
  4.6604213 2.0545398 0.31988189,4.6732276 2.057087 0.31988189,
  4.9409449 2.057087 0.31988189,4.9537512 2.0545398 0.31988189,
  4.9646079 2.0472854 0.31988189,4.9718622 2.0364287 0.31988189,
  4.9744094 2.0236224 0.31988189,4.9744094 1.7559051 0.31988189,
  4.9718622 1.7430988 0.31988189,4.9646079 1.7322421 0.31988189,
  4.9537512 1.7249878 0.31988189,4.9409449 1.7224406 0.31988189,
  4.6732276 1.7224406 0.31988189,4.6604213 1.7249878 0.31988189,
  4.6495646 1.7322421 0.31988189,4.6423102 1.7430988 0.31988189,
  4.4724409 2.5905512 0.31988189,4.4724409 2.5542937 0.31988189,
  4.4724409 2.3700787 0.31988189,4.4703433 2.3595323 0.31988189,
  4.4643689 2.3505917 0.31988189,4.4554283 2.3446173 0.31988189,
  4.4448819 2.3425197 0.31988189,4.1377953 2.3425197 0.31988189,
  4.1272488 2.3446173 0.31988189,4.1183083 2.3505917 0.31988189,
  4.1123339 2.3595323 0.31988189,4.1102362 2.3700787 0.31988189,
  4.1102362 2.5905512 0.31988189,4.1123339 2.6010976 0.31988189,
  4.1183083 2.6100382 0.31988189,4.1272488 2.6160126 0.31988189,
  4.1377953 2.6181102 0.31988189,4.4448819 2.6181102 0.31988189,
  4.4554283 2.6160126 0.31988189,4.4643689 2.6100382 0.31988189,
  4.4703433 2.6010976 0.31988189,4.5866142 0.53149606 0.31988189,
  4.5901756 0.5516941 0.31988189,4.6004304 0.56945596 0.31988189,
  4.6161417 0.5826393 0.31988189,4.6354145 0.589654 0.31988189,
  4.6559241 0.589654 0.31988189,4.6751969 0.5826393 0.31988189,
  4.6909081 0.56945596 0.31988189,4.701163 0.5516941 0.31988189,
  4.7047244 0.53149606 0.31988189,4.701163 0.51129802 0.31988189,
  4.6909081 0.49353616 0.31988189,4.6751969 0.48035283 0.31988189,
  4.6559241 0.47333812 0.31988189,4.6354145 0.47333812 0.31988189,
  4.6161417 0.48035283 0.31988189,4.6004304 0.49353616 0.31988189,
  4.5901756 0.51129802 0.31988189,4.0354331 3.0487205 0.31988189,
  4.0354331 3.2504921 0.31988189,4.0419886 3.2834496 0.31988189,
  4.0606575 3.3113898 0.31988189,4.0885976 3.3300587 0.31988189,
  4.1215551 3.3366142 0.31988189,4.2937992 3.3366142 0.31988189,
  4.3267567 3.3300587 0.31988189,4.3546969 3.3113898 0.31988189,
  4.3733559 3.2834646 0.31988189,4.3733657 3.2834496 0.31988189,
  4.3799213 3.2504921 0.31988189,4.3799213 3.0487205 0.31988189,
  4.3733657 3.015763 0.31988189,4.3546969 2.9878228 0.31988189,
  4.3267567 2.9691539 0.31988189,4.2937992 2.9625984 0.31988189,
  4.1215551 2.9625984 0.31988189,4.0885976 2.9691539 0.31988189,
  4.0606575 2.9878228 0.31988189,4.0419886 3.015763 0.31988189,
  3.6614173 1.3582677 0.31988189,3.6614173 1.2401575 0.31988189,
  3.1102362 1.2401575 0.31988189,3.1102362 1.3582677 0.31988189,
  3.8385827 0.61023622 0.31988189,3.8421441 0.63043426 0.31988189,
  3.852399 0.64819612 0.31988189,3.8681102 0.66137945 0.31988189,
  3.887383 0.66839416 0.31988189,3.9078926 0.66839416 0.31988189,
  3.9271654 0.66137945 0.31988189,3.9428766 0.64819612 0.31988189,
  3.9531315 0.63043426 0.31988189,3.9566929 0.61023622 0.31988189,
  3.9531315 0.59003818 0.31988189,3.9428766 0.57227632 0.31988189,
  3.9271654 0.55909299 0.31988189,3.9078926 0.55207828 0.31988189,
  3.887383 0.55207828 0.31988189,3.8681102 0.55909299 0.31988189,
  3.852399 0.57227632 0.31988189,3.8421441 0.59003818 0.31988189,
  4.1377953 1.7125984 0.31988189,4.1272488 1.7146961 0.31988189,
  4.1183083 1.7206705 0.31988189,4.1123339 1.729611 0.31988189,
  4.1102362 1.7401575 0.31988189,4.1102362 1.9606299 0.31988189,
  4.1123339 1.9711764 0.31988189,4.1183083 1.9801169 0.31988189,
  4.1272488 1.9860913 0.31988189,4.1377953 1.988189 0.31988189,
  4.4448819 1.988189 0.31988189,4.4554283 1.9860913 0.31988189,
  4.4643689 1.9801169 0.31988189,4.4703433 1.9711764 0.31988189,
  4.4724409 1.9606299 0.31988189,4.4724409 1.7401575 0.31988189,
  4.4703433 1.729611 0.31988189,4.4643689 1.7206705 0.31988189,
  4.4554283 1.7146961 0.31988189,4.4448819 1.7125984 0.31988189,
  4.3503937 1.476378 0.31988189,4.3539552 1.496576 0.31988189,
  4.36421 1.5143379 0.31988189,4.3799213 1.5275212 0.31988189,
  4.399194 1.5345359 0.31988189,4.4197036 1.5345359 0.31988189,
  4.4389764 1.5275212 0.31988189,4.4546877 1.5143379 0.31988189,
  4.4649425 1.496576 0.31988189,4.4685039 1.476378 0.31988189,
  4.4649425 1.4561799 0.31988189,4.4546877 1.4384181 0.31988189,
  4.4389764 1.4252347 0.31988189,4.4197036 1.41822 0.31988189,
  4.399194 1.41822 0.31988189,4.3799213 1.4252347 0.31988189,
  4.36421 1.4384181 0.31988189,4.3539552 1.4561799 0.31988189,
  4.8425197 1.2401575 0.31988189,4.8425197 1.3582677 0.31988189,
  5.3937008 1.3582677 0.31988189,5.3937008 1.2401575 0.31988189,
  4.8425197 1.1614173 0.31988189,5.3937008 1.1614173 0.31988189,
  5.3937008 1.0433071 0.31988189,4.8425197 1.0433071 0.31988189,
  4.8425197 0.84645669 0.31988189,4.8425197 0.96456693 0.31988189,
  5.3937008 0.96456693 0.31988189,5.3937008 0.84645669 0.31988189,
  3.1102362 0.96456693 0.31988189,3.6614173 0.96456693 0.31988189,
  3.6614173 0.84645669 0.31988189,3.1102362 0.84645669 0.31988189,
  4.8425197 0.6496063 0.31988189,4.8425197 0.76771654 0.31988189,
  5.3937008 0.76771654 0.31988189,5.3937008 0.6496063 0.31988189,
  4.8425197 0.45275591 0.31988189,4.8425197 0.57086614 0.31988189,
  5.3937008 0.57086614 0.31988189,5.3937008 0.45275591 0.31988189,
  5.0590551 0.25590551 0.31988189,5.0626166 0.27610355 0.31988189,
  5.0728714 0.29386541 0.31988189,5.0885827 0.30704874 0.31988189,
  5.1078554 0.31406345 0.31988189,5.128365 0.31406345 0.31988189,
  5.1476378 0.30704874 0.31988189,5.1633491 0.29386541 0.31988189,
  5.1736039 0.27610355 0.31988189,5.1771654 0.25590551 0.31988189,
  5.1736039 0.23570747 0.31988189,5.1633491 0.21794561 0.31988189,
  5.1476378 0.20476228 0.31988189,5.128365 0.19774757 0.31988189,
  5.1078554 0.19774757 0.31988189,5.0885827 0.20476228 0.31988189,
  5.0728714 0.21794561 0.31988189,5.0626166 0.23570747 0.31988189,
  3.1102362 0.6496063 0.31988189,3.1102362 0.76771654 0.31988189,
  3.6614173 0.76771654 0.31988189,3.6614173 0.6496063 0.31988189,
  3.1102362 0.45275591 0.31988189,3.1102362 0.57086614 0.31988189,
  3.6614173 0.57086614 0.31988189,3.6614173 0.45275591 0.31988189,
  3.3267717 0.25590551 0.31988189,3.3303331 0.27610355 0.31988189,
  3.3405879 0.29386541 0.31988189,3.3562992 0.30704874 0.31988189,
  3.375572 0.31406345 0.31988189,3.3960816 0.31406345 0.31988189,
  3.4153543 0.30704874 0.31988189,3.4310656 0.29386541 0.31988189,
  3.4413204 0.27610355 0.31988189,3.4448819 0.25590551 0.31988189,
  3.4413204 0.23570747 0.31988189,3.4310656 0.21794561 0.31988189,
  3.4153543 0.20476228 0.31988189,3.3960816 0.19774757 0.31988189,
  3.375572 0.19774757 0.31988189,3.3562992 0.20476228 0.31988189,
  3.3405879 0.21794561 0.31988189,3.3303331 0.23570747 0.31988189,
  0.030538189 1.1026937 0.31988189,0.030538189 1.1335268 0.31988189,
  0.03851811 1.1633091 0.31988189,0.053934646 1.190011 0.31988189,
  0.075737008 1.2118134 0.31988189,0.10243898 1.2272299 0.31988189,
  0.13222126 1.2352098 0.31988189,0.16305433 1.2352098 0.31988189,
  0.19283661 1.2272299 0.31988189,0.21953858 1.2118134 0.31988189,
  0.24134094 1.190011 0.31988189,0.25675748 1.1633091 0.31988189,
  0.2647374 1.1335268 0.31988189,0.2647374 1.1026937 0.31988189,
  0.25675748 1.0729114 0.31988189,0.24134094 1.0462094 0.31988189,
  0.21953858 1.0244071 0.31988189,0.19283661 1.0089906 0.31988189,
  0.16305433 1.0010106 0.31988189,0.13222126 1.0010106 0.31988189,
  0.10243898 1.0089906 0.31988189,0.075737008 1.0244071 0.31988189,
  0.053934646 1.0462094 0.31988189,0.03851811 1.0729114 0.31988189,
  3.1102362 1.1614173 0.31988189,3.6614173 1.1614173 0.31988189,
  3.6614173 1.0433071 0.31988189,3.1102362 1.0433071 0.31988189,
  2.1486791 1.0364705 0.31988189,2.1683079 1.0070933 0.31988189,
  2.1752008 0.97244094 0.31988189,2.1752008 0.84645669 0.31988189,
  2.1752008 0.6496063 0.31988189,2.1752008 0.45275591 0.31988189,
  2.1752008 0.44488189 0.31988189,2.1683079 0.41022953 0.31988189,
  2.1486791 0.38085236 0.31988189,2.119302 0.36122362 0.31988189,
  2.0846496 0.35433071 0.31988189,1.8129961 0.35433071 0.31988189,
  1.7783437 0.36122362 0.31988189,1.7489665 0.38085236 0.31988189,
  1.7293378 0.41022953 0.31988189,1.7224449 0.44488189 0.31988189,
  1.7224449 0.97244094 0.31988189,1.7293378 1.0070933 0.31988189,
  1.7489665 1.0364705 0.31988189,1.7783437 1.0560992 0.31988189,
  1.8129961 1.0629921 0.31988189,2.0846496 1.0629921 0.31988189,
  2.119302 1.0560992 0.31988189,2.1384472 1.0433071 0.31988189,
  2.0177165 2.6063371 0.31988189,2.0020052 2.6195204 0.31988189,
  1.9917504 2.6372823 0.31988189,1.988189 2.6574803 0.31988189,
  1.9917504 2.6776784 0.31988189,2.0020052 2.6954402 0.31988189,
  2.0177165 2.7086235 0.31988189,2.0369893 2.7156383 0.31988189,
  2.0574989 2.7156383 0.31988189,2.0767717 2.7086235 0.31988189,
  2.0924829 2.6954402 0.31988189,2.1027378 2.6776784 0.31988189,
  2.1062992 2.6574803 0.31988189,2.1027378 2.6372823 0.31988189,
  2.0924829 2.6195204 0.31988189,2.0767717 2.6063371 0.31988189,
  2.0574989 2.5993224 0.31988189,2.0369893 2.5993224 0.31988189,
  2.0275591 1.6732283 0.31988189,2.0311205 1.6934264 0.31988189,
  2.0413753 1.7111882 0.31988189,2.0570866 1.7243716 0.31988189,
  2.0763594 1.7313863 0.31988189,2.096869 1.7313863 0.31988189,
  2.1161417 1.7243716 0.31988189,2.131853 1.7111882 0.31988189,
  2.1421078 1.6934264 0.31988189,2.1456693 1.6732283 0.31988189,
  2.1421078 1.6530303 0.31988189,2.131853 1.6352684 0.31988189,
  2.1161417 1.6220851 0.31988189,2.096869 1.6150704 0.31988189,
  2.0763594 1.6150704 0.31988189,2.0570866 1.6220851 0.31988189,
  2.0413753 1.6352684 0.31988189,2.0311205 1.6530303 0.31988189] }
 coordIndex [
  678,956,853,-1,853,956,957,-1,853,957,952,-1,952,957,958,-1,952,958,955,-1,955,958,869,-1,955,869,870,-1,853,953,925,-1,
  925,953,954,-1,925,954,924,-1,924,954,870,-1,924,870,871,-1,853,922,1005,-1,1005,922,923,-1,1005,923,1004,-1,1004,923,871,-1,
  1004,871,1003,-1,1003,871,851,-1,1003,851,852,-1,1002,1003,852,-1,1002,852,853,-1,1002,853,1005,-1,35,36,106,-1,106,36,37,-1,
  106,37,105,-1,105,37,18,-1,105,18,55,-1,55,18,19,-1,55,19,54,-1,54,19,20,-1,54,20,53,-1,53,20,21,-1,
  53,21,52,-1,52,21,22,-1,52,22,51,-1,51,22,23,-1,51,23,50,-1,50,23,24,-1,50,24,49,-1,49,24,858,-1,
  49,858,48,-1,48,858,830,-1,48,830,831,-1,56,57,104,-1,56,104,105,-1,56,105,55,-1,41,73,40,-1,40,73,74,-1,
  40,74,39,-1,39,74,103,-1,39,103,38,-1,38,103,104,-1,38,104,57,-1,858,24,25,-1,858,25,26,-1,858,26,27,-1,
  858,27,857,-1,855,856,29,-1,29,856,857,-1,29,857,28,-1,28,857,27,-1,851,871,850,-1,850,871,854,-1,850,854,29,-1,
  29,854,855,-1,850,29,30,-1,850,30,31,-1,850,31,32,-1,850,32,33,-1,850,33,671,-1,850,671,672,-1,850,672,673,-1,
  850,673,674,-1,850,674,675,-1,850,675,676,-1,850,676,677,-1,850,677,853,-1,34,35,107,-1,34,107,108,-1,34,108,109,-1,
  34,109,110,-1,34,110,111,-1,34,111,33,-1,669,670,96,-1,96,670,650,-1,96,650,113,-1,113,650,33,-1,113,33,112,-1,
  112,33,111,-1,94,95,59,-1,59,95,78,-1,59,78,96,-1,96,78,79,-1,96,79,669,-1,669,79,668,-1,33,650,671,-1,
  671,650,651,-1,671,651,691,-1,691,651,652,-1,691,652,690,-1,690,652,653,-1,690,653,689,-1,689,653,654,-1,689,654,688,-1,
  688,654,655,-1,688,655,687,-1,687,655,656,-1,687,656,686,-1,686,656,657,-1,686,657,685,-1,685,657,658,-1,685,658,684,-1,
  684,658,659,-1,684,659,683,-1,683,659,660,-1,683,660,682,-1,682,660,8,-1,682,8,9,-1,44,45,831,-1,44,831,68,-1,
  44,68,69,-1,44,69,70,-1,44,70,71,-1,44,71,72,-1,44,72,73,-1,44,73,43,-1,73,41,42,-1,73,42,43,-1,
  99,100,75,-1,75,100,101,-1,75,101,74,-1,74,101,102,-1,74,102,103,-1,59,96,58,-1,58,96,97,-1,58,97,77,-1,
  77,97,98,-1,77,98,76,-1,76,98,99,-1,76,99,75,-1,222,223,136,-1,136,223,224,-1,136,224,170,-1,170,224,225,-1,
  170,225,169,-1,169,225,226,-1,169,226,168,-1,168,226,227,-1,168,227,167,-1,167,227,228,-1,167,228,166,-1,166,228,229,-1,
  166,229,165,-1,165,229,263,-1,165,263,164,-1,164,263,264,-1,164,264,265,-1,230,231,260,-1,230,260,261,-1,230,261,262,-1,
  230,262,263,-1,230,263,229,-1,259,260,231,-1,259,231,232,-1,259,232,233,-1,259,233,258,-1,258,233,246,-1,246,233,234,-1,
  246,234,245,-1,245,234,235,-1,245,235,236,-1,274,257,248,-1,248,257,258,-1,248,258,247,-1,247,258,246,-1,171,172,155,-1,
  171,155,136,-1,171,136,170,-1,173,174,154,-1,173,154,155,-1,173,155,172,-1,175,156,151,-1,175,151,152,-1,175,152,153,-1,
  175,153,154,-1,175,154,174,-1,156,157,209,-1,156,209,147,-1,156,147,148,-1,156,148,149,-1,156,149,150,-1,156,150,151,-1,
  301,183,979,-1,979,183,184,-1,979,184,978,-1,978,184,185,-1,978,185,1001,-1,1001,185,186,-1,1001,186,1000,-1,1000,186,187,-1,
  1000,187,999,-1,999,187,188,-1,999,188,998,-1,998,188,189,-1,998,189,997,-1,997,189,190,-1,997,190,996,-1,996,190,191,-1,
  996,191,995,-1,995,191,192,-1,995,192,994,-1,994,192,193,-1,994,193,993,-1,993,193,194,-1,993,194,992,-1,992,194,195,-1,
  992,195,991,-1,991,195,204,-1,991,204,990,-1,990,204,268,-1,990,268,989,-1,989,268,269,-1,989,269,988,-1,988,269,270,-1,
  988,270,271,-1,201,202,198,-1,198,202,203,-1,198,203,197,-1,197,203,204,-1,197,204,196,-1,196,204,195,-1,199,176,200,-1,
  199,200,201,-1,199,201,198,-1,157,158,206,-1,157,206,207,-1,157,207,208,-1,157,208,209,-1,205,206,158,-1,205,158,159,-1,
  205,159,160,-1,205,160,268,-1,205,268,204,-1,985,986,272,-1,272,986,987,-1,272,987,271,-1,271,987,988,-1,218,219,540,-1,
  218,540,541,-1,218,541,239,-1,218,239,240,-1,218,240,238,-1,240,241,238,-1,238,241,242,-1,238,242,237,-1,237,242,243,-1,
  237,243,244,-1,244,245,236,-1,244,236,237,-1,161,162,267,-1,267,162,163,-1,267,163,266,-1,266,163,164,-1,266,164,265,-1,
  161,267,268,-1,161,268,160,-1,822,949,821,-1,821,949,950,-1,821,950,820,-1,820,950,930,-1,820,930,911,-1,911,930,931,-1,
  911,931,926,-1,926,931,932,-1,926,932,929,-1,929,932,299,-1,929,299,928,-1,928,299,921,-1,928,921,918,-1,913,915,441,-1,
  441,915,916,-1,441,916,920,-1,920,916,917,-1,920,917,919,-1,919,917,911,-1,919,911,918,-1,918,911,927,-1,918,927,928,-1,
  910,911,914,-1,910,914,915,-1,910,915,913,-1,912,913,441,-1,912,441,424,-1,912,424,707,-1,912,707,708,-1,912,708,709,-1,
  912,709,710,-1,912,710,711,-1,912,711,756,-1,912,756,757,-1,912,757,780,-1,912,780,781,-1,912,781,782,-1,912,782,783,-1,
  912,783,784,-1,912,784,785,-1,912,785,911,-1,406,407,700,-1,700,407,408,-1,700,408,699,-1,699,408,409,-1,699,409,698,-1,
  698,409,410,-1,698,410,697,-1,697,410,411,-1,697,411,696,-1,696,411,412,-1,696,412,695,-1,695,412,413,-1,695,413,694,-1,
  694,413,414,-1,694,414,693,-1,693,414,415,-1,693,415,692,-1,692,415,756,-1,692,756,711,-1,911,785,786,-1,911,786,817,-1,
  911,817,818,-1,911,818,819,-1,911,819,820,-1,787,788,816,-1,787,816,817,-1,787,817,786,-1,813,814,767,-1,767,814,815,-1,
  767,815,770,-1,770,815,816,-1,770,816,789,-1,789,816,788,-1,462,442,465,-1,462,465,466,-1,462,466,467,-1,462,467,468,-1,
  462,468,469,-1,462,469,470,-1,462,470,471,-1,462,471,472,-1,462,472,420,-1,462,420,461,-1,442,443,480,-1,442,480,463,-1,
  442,463,464,-1,442,464,465,-1,406,701,405,-1,405,701,702,-1,405,702,404,-1,404,702,424,-1,404,424,403,-1,403,424,385,-1,
  403,385,325,-1,325,385,386,-1,325,386,387,-1,380,381,299,-1,299,381,394,-1,299,394,433,-1,433,394,395,-1,433,395,432,-1,
  432,395,396,-1,432,396,431,-1,431,396,397,-1,431,397,430,-1,430,397,398,-1,430,398,429,-1,429,398,399,-1,429,399,428,-1,
  428,399,400,-1,428,400,427,-1,427,400,401,-1,427,401,426,-1,426,401,402,-1,426,402,425,-1,425,402,385,-1,425,385,424,-1,
  391,392,382,-1,382,392,393,-1,382,393,381,-1,381,393,394,-1,383,384,390,-1,383,390,391,-1,383,391,382,-1,387,388,325,-1,
  325,388,389,-1,325,389,361,-1,361,389,390,-1,361,390,384,-1,325,362,286,-1,286,362,363,-1,286,363,285,-1,285,363,364,-1,
  285,364,284,-1,284,364,365,-1,284,365,283,-1,283,365,366,-1,283,366,282,-1,282,366,367,-1,282,367,281,-1,281,367,368,-1,
  281,368,280,-1,280,368,369,-1,280,369,279,-1,279,369,370,-1,279,370,278,-1,278,370,371,-1,278,371,277,-1,277,371,372,-1,
  277,372,276,-1,276,372,373,-1,276,373,275,-1,275,373,299,-1,275,299,298,-1,298,299,338,-1,298,338,339,-1,298,339,297,-1,
  297,339,340,-1,297,340,296,-1,296,340,341,-1,296,341,295,-1,295,341,342,-1,295,342,294,-1,294,342,343,-1,294,343,293,-1,
  293,343,344,-1,293,344,292,-1,292,344,345,-1,292,345,291,-1,291,345,346,-1,291,346,290,-1,290,346,347,-1,290,347,289,-1,
  289,347,348,-1,289,348,288,-1,288,348,349,-1,288,349,287,-1,287,349,325,-1,287,325,286,-1,334,335,300,-1,300,335,336,-1,
  300,336,299,-1,299,336,313,-1,299,313,337,-1,337,313,314,-1,337,314,360,-1,360,314,315,-1,360,315,359,-1,359,315,316,-1,
  359,316,358,-1,358,316,317,-1,358,317,357,-1,357,317,318,-1,357,318,356,-1,356,318,319,-1,356,319,355,-1,355,319,320,-1,
  355,320,354,-1,354,320,321,-1,354,321,353,-1,353,321,322,-1,353,322,352,-1,352,322,323,-1,352,323,351,-1,351,323,324,-1,
  351,324,350,-1,350,324,325,-1,350,325,349,-1,300,301,252,-1,300,252,253,-1,300,253,254,-1,300,254,255,-1,300,255,256,-1,
  300,256,239,-1,300,239,542,-1,300,542,543,-1,300,543,544,-1,300,544,545,-1,300,545,546,-1,300,546,547,-1,300,547,13,-1,
  300,13,14,-1,300,14,15,-1,300,15,16,-1,300,16,17,-1,300,17,0,-1,300,0,745,-1,300,745,746,-1,300,746,747,-1,
  300,747,748,-1,300,748,749,-1,300,749,732,-1,300,732,329,-1,300,329,330,-1,300,330,331,-1,300,331,332,-1,300,332,333,-1,
  300,333,334,-1,325,326,456,-1,325,456,421,-1,325,421,422,-1,325,422,423,-1,325,423,403,-1,326,327,451,-1,326,451,452,-1,
  326,452,453,-1,326,453,454,-1,326,454,455,-1,326,455,456,-1,753,448,716,-1,716,448,449,-1,716,449,327,-1,327,449,450,-1,
  327,450,451,-1,447,448,756,-1,447,756,415,-1,447,415,416,-1,447,416,417,-1,447,417,418,-1,447,418,419,-1,447,419,446,-1,
  448,753,754,-1,448,754,755,-1,448,755,756,-1,713,714,329,-1,329,714,715,-1,329,715,328,-1,328,715,716,-1,328,716,327,-1,
  712,713,329,-1,712,329,732,-1,712,732,733,-1,712,733,734,-1,712,734,735,-1,712,735,736,-1,712,736,737,-1,712,737,738,-1,
  712,738,739,-1,712,739,731,-1,742,743,840,-1,742,840,807,-1,742,807,808,-1,742,808,809,-1,742,809,810,-1,742,810,728,-1,
  742,728,729,-1,742,729,730,-1,742,730,731,-1,742,731,741,-1,727,728,790,-1,727,790,767,-1,727,767,768,-1,727,768,769,-1,
  727,769,750,-1,727,750,726,-1,767,771,766,-1,766,771,772,-1,766,772,765,-1,765,772,773,-1,765,773,764,-1,764,773,774,-1,
  764,774,763,-1,763,774,775,-1,763,775,762,-1,762,775,776,-1,762,776,761,-1,761,776,777,-1,761,777,760,-1,760,777,778,-1,
  760,778,759,-1,759,778,779,-1,759,779,758,-1,758,779,780,-1,758,780,757,-1,767,790,811,-1,767,811,812,-1,767,812,813,-1,
  837,838,744,-1,744,838,839,-1,744,839,743,-1,743,839,840,-1,744,745,68,-1,744,68,833,-1,744,833,834,-1,744,834,835,-1,
  744,835,836,-1,744,836,837,-1,863,864,948,-1,863,948,949,-1,863,949,826,-1,863,826,827,-1,863,827,828,-1,863,828,875,-1,
  863,875,876,-1,863,876,829,-1,863,829,830,-1,863,830,862,-1,830,858,859,-1,830,859,860,-1,830,860,861,-1,830,861,862,-1,
  831,45,46,-1,831,46,47,-1,831,47,48,-1,832,833,68,-1,832,68,831,-1,745,0,62,-1,745,62,63,-1,745,63,64,-1,
  745,64,65,-1,745,65,66,-1,745,66,67,-1,745,67,68,-1,91,92,60,-1,60,92,93,-1,60,93,59,-1,59,93,94,-1,
  60,61,0,-1,60,0,88,-1,60,88,89,-1,60,89,90,-1,60,90,91,-1,88,0,87,-1,87,0,1,-1,87,1,86,-1,
  86,1,2,-1,86,2,3,-1,10,11,131,-1,10,131,132,-1,10,132,133,-1,10,133,134,-1,10,134,135,-1,10,135,114,-1,
  10,114,9,-1,11,12,547,-1,11,547,1035,-1,11,1035,1036,-1,11,1036,1037,-1,11,1037,1038,-1,11,1038,1039,-1,11,1039,1040,-1,
  11,1040,1041,-1,11,1041,1042,-1,11,1042,129,-1,11,129,130,-1,11,130,131,-1,499,500,493,-1,493,500,501,-1,493,501,492,-1,
  492,501,502,-1,492,502,1008,-1,1008,502,503,-1,1008,503,127,-1,127,503,504,-1,127,504,126,-1,126,504,505,-1,126,505,125,-1,
  125,505,506,-1,125,506,124,-1,124,506,507,-1,124,507,123,-1,123,507,508,-1,123,508,122,-1,122,508,509,-1,122,509,121,-1,
  121,509,510,-1,121,510,120,-1,120,510,511,-1,120,511,119,-1,119,511,512,-1,119,512,513,-1,127,128,1057,-1,127,1057,1006,-1,
  127,1006,1007,-1,127,1007,1008,-1,128,129,1042,-1,128,1042,1054,-1,128,1054,1055,-1,128,1055,1056,-1,128,1056,1057,-1,1033,1034,547,-1,
  1033,547,1022,-1,1033,1022,1023,-1,1033,1023,1024,-1,1033,1024,1025,-1,1033,1025,1026,-1,1033,1026,1048,-1,1033,1048,1032,-1,1021,1022,547,-1,
  1021,547,548,-1,1021,548,561,-1,1021,561,562,-1,1021,562,622,-1,1021,622,623,-1,1021,623,624,-1,1021,624,625,-1,1021,625,626,-1,
  1021,626,627,-1,1021,627,584,-1,1021,584,1020,-1,539,540,222,-1,539,222,573,-1,539,573,574,-1,539,574,575,-1,539,575,556,-1,
  539,556,538,-1,632,612,572,-1,572,612,613,-1,572,613,571,-1,571,613,614,-1,571,614,570,-1,570,614,615,-1,570,615,569,-1,
  569,615,616,-1,569,616,568,-1,568,616,617,-1,568,617,567,-1,567,617,618,-1,567,618,566,-1,566,618,619,-1,566,619,565,-1,
  565,619,620,-1,565,620,564,-1,564,620,621,-1,564,621,563,-1,563,621,622,-1,563,622,562,-1,649,632,572,-1,649,572,594,-1,
  649,594,595,-1,649,595,596,-1,649,596,597,-1,649,597,598,-1,649,598,599,-1,649,599,600,-1,649,600,601,-1,649,601,602,-1,
  649,602,593,-1,649,593,648,-1,572,573,605,-1,572,605,606,-1,572,606,607,-1,572,607,608,-1,572,608,609,-1,572,609,610,-1,
  572,610,611,-1,572,611,594,-1,605,573,604,-1,604,573,222,-1,604,222,603,-1,603,222,136,-1,603,136,137,-1,138,139,592,-1,
  138,592,593,-1,138,593,603,-1,138,603,137,-1,540,219,220,-1,540,220,221,-1,540,221,222,-1,248,249,301,-1,248,301,979,-1,
  248,979,980,-1,248,980,981,-1,248,981,982,-1,248,982,983,-1,248,983,984,-1,248,984,985,-1,248,985,272,-1,248,272,273,-1,
  248,273,274,-1,301,249,250,-1,301,250,251,-1,301,251,252,-1,299,373,374,-1,299,374,375,-1,299,375,376,-1,299,376,377,-1,
  299,377,378,-1,299,378,379,-1,299,379,380,-1,299,433,434,-1,299,434,435,-1,299,435,436,-1,299,436,437,-1,299,437,438,-1,
  299,438,439,-1,299,439,440,-1,299,440,921,-1,424,702,703,-1,424,703,704,-1,424,704,705,-1,424,705,706,-1,424,706,707,-1,
  921,440,441,-1,921,441,920,-1,299,932,933,-1,299,933,943,-1,299,943,944,-1,299,944,945,-1,299,945,946,-1,299,946,947,-1,
  299,947,948,-1,299,948,959,-1,299,959,969,-1,299,969,970,-1,299,970,971,-1,299,971,972,-1,299,972,973,-1,299,973,974,-1,
  299,974,485,-1,299,485,486,-1,299,486,487,-1,299,487,488,-1,299,488,489,-1,299,489,584,-1,299,584,585,-1,299,585,586,-1,
  299,586,587,-1,299,587,588,-1,299,588,589,-1,299,589,210,-1,299,210,211,-1,299,211,212,-1,299,212,213,-1,299,213,214,-1,
  299,214,312,-1,930,950,951,-1,930,951,934,-1,930,934,935,-1,930,935,936,-1,930,936,937,-1,930,937,933,-1,949,822,823,-1,
  949,823,824,-1,949,824,825,-1,949,825,826,-1,790,791,811,-1,811,791,792,-1,811,792,886,-1,886,792,793,-1,886,793,885,-1,
  885,793,794,-1,885,794,884,-1,884,794,795,-1,884,795,883,-1,883,795,796,-1,883,796,882,-1,882,796,797,-1,882,797,881,-1,
  881,797,798,-1,881,798,880,-1,880,798,799,-1,880,799,879,-1,879,799,800,-1,879,800,878,-1,878,800,801,-1,878,801,877,-1,
  877,801,802,-1,877,802,876,-1,876,802,847,-1,876,847,848,-1,811,886,887,-1,811,887,888,-1,811,888,901,-1,811,901,902,-1,
  811,902,903,-1,811,903,904,-1,811,904,905,-1,811,905,828,-1,828,905,906,-1,828,906,907,-1,828,907,908,-1,828,908,909,-1,
  828,909,872,-1,828,872,873,-1,828,873,874,-1,828,874,875,-1,909,892,872,-1,872,892,893,-1,872,893,891,-1,891,893,894,-1,
  891,894,895,-1,849,829,876,-1,849,876,848,-1,948,864,865,-1,948,865,866,-1,948,866,867,-1,948,867,868,-1,948,868,958,-1,
  948,958,959,-1,956,678,679,-1,956,679,680,-1,956,680,681,-1,956,681,682,-1,956,682,114,-1,956,114,115,-1,956,115,116,-1,
  956,116,117,-1,956,117,514,-1,956,514,515,-1,956,515,516,-1,956,516,517,-1,956,517,518,-1,956,518,519,-1,956,519,484,-1,
  956,484,976,-1,956,976,977,-1,956,977,960,-1,956,960,961,-1,956,961,962,-1,956,962,963,-1,956,963,959,-1,484,485,974,-1,
  484,974,975,-1,484,975,976,-1,493,494,534,-1,493,534,535,-1,493,535,536,-1,493,536,537,-1,493,537,520,-1,493,520,499,-1,
  491,492,1008,-1,491,1008,1009,-1,491,1009,1010,-1,491,1010,1011,-1,491,1011,490,-1,490,1011,1012,-1,490,1012,1013,-1,490,1013,1014,-1,
  490,1014,489,-1,489,1014,1015,-1,489,1015,1016,-1,489,1016,1017,-1,489,1017,584,-1,584,1017,1018,-1,584,1018,1019,-1,584,1019,1020,-1,
  593,576,640,-1,593,640,641,-1,593,641,642,-1,593,642,643,-1,593,643,644,-1,593,644,645,-1,593,645,646,-1,593,646,647,-1,
  593,647,648,-1,139,140,590,-1,139,590,591,-1,139,591,592,-1,590,140,141,-1,590,141,142,-1,590,142,143,-1,590,143,589,-1,
  143,144,589,-1,589,144,145,-1,589,145,209,-1,209,145,146,-1,209,146,147,-1,176,177,200,-1,200,177,178,-1,200,178,217,-1,
  217,178,179,-1,217,179,180,-1,309,310,183,-1,183,310,311,-1,183,311,182,-1,182,311,217,-1,182,217,181,-1,181,217,180,-1,
  183,301,302,-1,183,302,303,-1,183,303,304,-1,183,304,305,-1,183,305,306,-1,183,306,307,-1,183,307,308,-1,183,308,309,-1,
  312,214,215,-1,312,215,216,-1,312,216,217,-1,312,217,311,-1,421,456,457,-1,421,457,458,-1,421,458,459,-1,421,459,420,-1,
  460,461,420,-1,460,420,459,-1,420,472,473,-1,420,473,474,-1,420,474,475,-1,420,475,476,-1,420,476,477,-1,420,477,478,-1,
  420,478,419,-1,480,443,444,-1,480,444,445,-1,480,445,419,-1,480,419,479,-1,519,499,522,-1,519,522,523,-1,519,523,524,-1,
  519,524,525,-1,519,525,526,-1,519,526,527,-1,519,527,528,-1,519,528,529,-1,519,529,481,-1,519,481,482,-1,519,482,483,-1,
  519,483,484,-1,521,522,499,-1,521,499,520,-1,118,119,513,-1,118,513,514,-1,118,514,117,-1,530,531,498,-1,530,498,481,-1,
  530,481,529,-1,495,496,533,-1,533,496,497,-1,533,497,532,-1,532,497,498,-1,532,498,531,-1,534,494,495,-1,534,495,533,-1,
  627,628,638,-1,627,638,639,-1,627,639,640,-1,627,640,576,-1,627,576,577,-1,627,577,578,-1,627,578,579,-1,627,579,580,-1,
  627,580,581,-1,627,581,582,-1,627,582,583,-1,627,583,584,-1,612,633,631,-1,631,633,634,-1,631,634,630,-1,630,634,635,-1,
  630,635,629,-1,629,635,636,-1,629,636,628,-1,628,636,637,-1,628,637,638,-1,552,558,551,-1,551,558,559,-1,551,559,550,-1,
  550,559,560,-1,550,560,549,-1,549,560,561,-1,549,561,548,-1,553,554,557,-1,553,557,558,-1,553,558,552,-1,557,554,555,-1,
  557,555,538,-1,557,538,556,-1,900,901,888,-1,900,888,889,-1,900,889,890,-1,900,890,899,-1,891,895,896,-1,891,896,897,-1,
  891,897,898,-1,891,898,899,-1,891,899,890,-1,717,718,752,-1,717,752,753,-1,717,753,716,-1,752,718,719,-1,752,719,720,-1,
  752,720,721,-1,752,721,722,-1,752,722,723,-1,752,723,724,-1,752,724,751,-1,751,724,725,-1,751,725,726,-1,751,726,750,-1,
  740,741,731,-1,740,731,739,-1,807,840,841,-1,807,841,842,-1,807,842,843,-1,807,843,844,-1,807,844,845,-1,807,845,806,-1,
  803,804,846,-1,846,804,805,-1,846,805,845,-1,845,805,806,-1,846,847,802,-1,846,802,803,-1,933,937,938,-1,933,938,939,-1,
  933,939,940,-1,933,940,941,-1,933,941,942,-1,933,942,943,-1,665,666,81,-1,81,666,667,-1,81,667,80,-1,80,667,668,-1,
  80,668,79,-1,665,81,82,-1,665,82,83,-1,665,83,84,-1,665,84,85,-1,665,85,86,-1,665,86,664,-1,663,664,5,-1,
  5,664,86,-1,5,86,4,-1,4,86,3,-1,660,661,7,-1,7,661,662,-1,7,662,6,-1,6,662,663,-1,6,663,5,-1,
  959,963,964,-1,959,964,965,-1,959,965,966,-1,959,966,967,-1,959,967,968,-1,959,968,969,-1,1060,1028,1059,-1,1059,1028,1029,-1,
  1059,1029,1058,-1,1058,1029,1006,-1,1058,1006,1057,-1,1061,1062,1027,-1,1061,1027,1028,-1,1061,1028,1060,-1,1027,1062,1063,-1,1027,1063,1064,-1,
  1027,1064,1065,-1,1027,1065,1048,-1,1027,1048,1026,-1,1048,1049,1047,-1,1048,1047,1030,-1,1048,1030,1031,-1,1048,1031,1032,-1,1043,1044,1053,-1,
  1043,1053,1054,-1,1043,1054,1042,-1,1050,1051,1046,-1,1046,1051,1052,-1,1046,1052,1045,-1,1045,1052,1053,-1,1045,1053,1044,-1,1047,1049,1050,-1,
  1047,1050,1046,-1,8,660,7,-1,633,612,632,-1,419,445,446,-1,479,419,478,-1,210,589,209,-1,603,593,602,-1,114,682,9,-1,
  958,868,869,-1,955,870,954,-1,924,871,923,-1,338,299,337,-1,542,239,541,-1,13,547,12,-1,1035,547,1034,-1,62,0,61,-1,
  728,810,790,-1,767,770,771,-1,325,361,362,-1,406,700,701,-1,911,926,927,-1,911,917,914,-1,107,35,106,-1,678,853,677,-1,
  853,952,953,-1,853,925,922,-1]
  normalPerVertex TRUE
  normal DEF NORM_375 Normal { vector [
  0 0 1,0 0 1,
  0 0 1,0 0 1,
  0 0 1,0 0 1,
  0 0 1,0 0 1,
  0 0 1,0 0 1,
  0 0 1,0 0 1,
  0 0 1,0 0 1,
  0 0 1,0 0 1,
  0 0 1,0 0 1,
  0 0 1,0 0 1,
  0 0 1,0 0 1,
  0 0 1,0 0 1,
  0 0 1,0 0 1,
  0 0 1,0 0 1,
  0 0 1,0 0 1,
  0 0 1,0 0 1,
  0 0 1,0 0 1,
  0 0 1,0 0 1,
  0 0 1,0 0 1,
  0 0 1,0 0 1,
  0 0 1,0 0 1,
  0 0 1,0 0 1,
  0 0 1,0 0 1,
  0 0 1,0 0 1,
  0 0 1,0 0 1,
  0 0 1,0 0 1,
  0 0 1,0 0 1,
  0 0 1,0 0 1,
  0 0 1,0 0 1,
  0 0 1,0 0 1,
  0 0 1,0 0 1,
  0 0 1,0 0 1,
  0 0 1,0 0 1,
  0 0 1,0 0 1,
  0 0 1,0 0 1,
  0 0 1,0 0 1,
  0 0 1,0 0 1,
  0 0 1,0 0 1,
  0 0 1,0 0 1,
  0 0 1,0 0 1,
  0 0 1,0 0 1,
  0 0 1,0 0 1,
  0 0 1,0 0 1,
  0 0 1,0 0 1,
  0 0 1,0 0 1,
  0 0 1,0 0 1,
  0 0 1,0 0 1,
  0 0 1,0 0 1,
  0 0 1,0 0 1,
  0 0 1,0 0 1,
  0 0 1,0 0 1,
  0 0 1,0 0 1,
  0 0 1,0 0 1,
  0 0 1,0 0 1,
  0 0 1,0 0 1,
  0 0 1,0 0 1,
  0 0 1,0 0 1,
  0 0 1,0 0 1,
  0 0 1,0 0 1,
  0 0 1,0 0 1,
  0 0 1,0 0 1,
  0 0 1,0 0 1,
  0 0 1,0 0 1,
  0 0 1,0 0 1,
  0 0 1,0 0 1,
  0 0 1,0 0 1,
  0 0 1,0 0 1,
  0 0 1,0 0 1,
  0 0 1,0 0 1,
  0 0 1,0 0 1,
  0 0 1,0 0 1,
  0 0 1,0 0 1,
  0 0 1,0 0 1,
  0 0 1,0 0 1,
  0 0 1,0 0 1,
  0 0 1,0 0 1,
  0 0 1,0 0 1,
  0 0 1,0 0 1,
  0 0 1,0 0 1,
  0 0 1,0 0 1,
  0 0 1,0 0 1,
  0 0 1,0 0 1,
  0 0 1,0 0 1,
  0 0 1,0 0 1,
  0 0 1,0 0 1,
  0 0 1,0 0 1,
  0 0 1,0 0 1,
  0 0 1,0 0 1,
  0 0 1,0 0 1,
  0 0 1,0 0 1,
  0 0 1,0 0 1,
  0 0 1,0 0 1,
  0 0 1,0 0 1,
  0 0 1,0 0 1,
  0 0 1,0 0 1,
  0 0 1,0 0 1,
  0 0 1,0 0 1,
  0 0 1,0 0 1,
  0 0 1,0 0 1,
  0 0 1,0 0 1,
  0 0 1,0 0 1,
  0 0 1,0 0 1,
  0 0 1,0 0 1,
  0 0 1,0 0 1,
  0 0 1,0 0 1,
  0 0 1,0 0 1,
  0 0 1,0 0 1,
  0 0 1,0 0 1,
  0 0 1,0 0 1,
  0 0 1,0 0 1,
  0 0 1,0 0 1,
  0 0 1,0 0 1,
  0 0 1,0 0 1,
  0 0 1,0 0 1,
  0 0 1,0 0 1,
  0 0 1,0 0 1,
  0 0 1,0 0 1,
  0 0 1,0 0 1,
  0 0 1,0 0 1,
  0 0 1,0 0 1,
  0 0 1,0 0 1,
  0 0 1,0 0 1,
  0 0 1,0 0 1,
  0 0 1,0 0 1,
  0 0 1,0 0 1,
  0 0 1,0 0 1,
  0 0 1,0 0 1,
  0 0 1,0 0 1,
  0 0 1,0 0 1,
  0 0 1,0 0 1,
  0 0 1,0 0 1,
  0 0 1,0 0 1,
  0 0 1,0 0 1,
  0 0 1,0 0 1,
  0 0 1,0 0 1,
  0 0 1,0 0 1,
  0 0 1,0 0 1,
  0 0 1,0 0 1,
  0 0 1,0 0 1,
  0 0 1,0 0 1,
  0 0 1,0 0 1,
  0 0 1,0 0 1,
  0 0 1,0 0 1,
  0 0 1,0 0 1,
  0 0 1,0 0 1,
  0 0 1,0 0 1,
  0 0 1,0 0 1,
  0 0 1,0 0 1,
  0 0 1,0 0 1,
  0 0 1,0 0 1,
  0 0 1,0 0 1,
  0 0 1,0 0 1,
  0 0 1,0 0 1,
  0 0 1,0 0 1,
  0 0 1,0 0 1,
  0 0 1,0 0 1,
  0 0 1,0 0 1,
  0 0 1,0 0 1,
  0 0 1,0 0 1,
  0 0 1,0 0 1,
  0 0 1,0 0 1,
  0 0 1,0 0 1,
  0 0 1,0 0 1,
  0 0 1,0 0 1,
  0 0 1,0 0 1,
  0 0 1,0 0 1,
  0 0 1,0 0 1,
  0 0 1,0 0 1,
  0 0 1,0 0 1,
  0 0 1,0 0 1,
  0 0 1,0 0 1,
  0 0 1,0 0 1,
  0 0 1,0 0 1,
  0 0 1,0 0 1,
  0 0 1,0 0 1,
  0 0 1,0 0 1,
  0 0 1,0 0 1,
  0 0 1,0 0 1,
  0 0 1,0 0 1,
  0 0 1,0 0 1,
  0 0 1,0 0 1,
  0 0 1,0 0 1,
  0 0 1,0 0 1,
  0 0 1,0 0 1,
  0 0 1,0 0 1,
  0 0 1,0 0 1,
  0 0 1,0 0 1,
  0 0 1,0 0 1,
  0 0 1,0 0 1,
  0 0 1,0 0 1,
  0 0 1,0 0 1,
  0 0 1,0 0 1,
  0 0 1,0 0 1,
  0 0 1,0 0 1,
  0 0 1,0 0 1,
  0 0 1,0 0 1,
  0 0 1,0 0 1,
  0 0 1,0 0 1,
  0 0 1,0 0 1,
  0 0 1,0 0 1,
  0 0 1,0 0 1,
  0 0 1,0 0 1,
  0 0 1,0 0 1,
  0 0 1,0 0 1,
  0 0 1,0 0 1,
  0 0 1,0 0 1,
  0 0 1,0 0 1,
  0 0 1,0 0 1,
  0 0 1,0 0 1,
  0 0 1,0 0 1,
  0 0 1,0 0 1,
  0 0 1,0 0 1,
  0 0 1,0 0 1,
  0 0 1,0 0 1,
  0 0 1,0 0 1,
  0 0 1,0 0 1,
  0 0 1,0 0 1,
  0 0 1,0 0 1,
  0 0 1,0 0 1,
  0 0 1,0 0 1,
  0 0 1,0 0 1,
  0 0 1,0 0 1,
  0 0 1,0 0 1,
  0 0 1,0 0 1,
  0 0 1,0 0 1,
  0 0 1,0 0 1,
  0 0 1,0 0 1,
  0 0 1,0 0 1,
  0 0 1,0 0 1,
  0 0 1,0 0 1,
  0 0 1,0 0 1,
  0 0 1,0 0 1,
  0 0 1,0 0 1,
  0 0 1,0 0 1,
  0 0 1,0 0 1,
  0 0 1,0 0 1,
  0 0 1,0 0 1,
  0 0 1,0 0 1,
  0 0 1,0 0 1,
  0 0 1,0 0 1,
  0 0 1,0 0 1,
  0 0 1,0 0 1,
  0 0 1,0 0 1,
  0 0 1,0 0 1,
  0 0 1,0 0 1,
  0 0 1,0 0 1,
  0 0 1,0 0 1,
  0 0 1,0 0 1,
  0 0 1,0 0 1,
  0 0 1,0 0 1,
  0 0 1,0 0 1,
  0 0 1,0 0 1,
  0 0 1,0 0 1,
  0 0 1,0 0 1,
  0 0 1,0 0 1,
  0 0 1,0 0 1,
  0 0 1,0 0 1,
  0 0 1,0 0 1,
  0 0 1,0 0 1,
  0 0 1,0 0 1,
  0 0 1,0 0 1,
  0 0 1,0 0 1,
  0 0 1,0 0 1,
  0 0 1,0 0 1,
  0 0 1,0 0 1,
  0 0 1,0 0 1,
  0 0 1,0 0 1,
  0 0 1,0 0 1,
  0 0 1,0 0 1,
  0 0 1,0 0 1,
  0 0 1,0 0 1,
  0 0 1,0 0 1,
  0 0 1,0 0 1,
  0 0 1,0 0 1,
  0 0 1,0 0 1,
  0 0 1,0 0 1,
  0 0 1,0 0 1,
  0 0 1,0 0 1,
  0 0 1,0 0 1,
  0 0 1,0 0 1,
  0 0 1,0 0 1,
  0 0 1,0 0 1,
  0 0 1,0 0 1,
  0 0 1,0 0 1,
  0 0 1,0 0 1,
  0 0 1,0 0 1,
  0 0 1,0 0 1,
  0 0 1,0 0 1,
  0 0 1,0 0 1,
  0 0 1,0 0 1,
  0 0 1,0 0 1,
  0 0 1,0 0 1,
  0 0 1,0 0 1,
  0 0 1,0 0 1,
  0 0 1,0 0 1,
  0 0 1,0 0 1,
  0 0 1,0 0 1,
  0 0 1,0 0 1,
  0 0 1,0 0 1,
  0 0 1,0 0 1,
  0 0 1,0 0 1,
  0 0 1,0 0 1,
  0 0 1,0 0 1,
  0 0 1,0 0 1,
  0 0 1,0 0 1,
  0 0 1,0 0 1,
  0 0 1,0 0 1,
  0 0 1,0 0 1,
  0 0 1,0 0 1,
  0 0 1,0 0 1,
  0 0 1,0 0 1,
  0 0 1,0 0 1,
  0 0 1,0 0 1,
  0 0 1,0 0 1,
  0 0 1,0 0 1,
  0 0 1,0 0 1,
  0 0 1,0 0 1,
  0 0 1,0 0 1,
  0 0 1,0 0 1,
  0 0 1,0 0 1,
  0 0 1,0 0 1,
  0 0 1,0 0 1,
  0 0 1,0 0 1,
  0 0 1,0 0 1,
  0 0 1,0 0 1,
  0 0 1,0 0 1,
  0 0 1,0 0 1,
  0 0 1,0 0 1,
  0 0 1,0 0 1,
  0 0 1,0 0 1,
  0 0 1,0 0 1,
  0 0 1,0 0 1,
  0 0 1,0 0 1,
  0 0 1,0 0 1,
  0 0 1,0 0 1,
  0 0 1,0 0 1,
  0 0 1,0 0 1,
  0 0 1,0 0 1,
  0 0 1,0 0 1,
  0 0 1,0 0 1,
  0 0 1,0 0 1,
  0 0 1,0 0 1,
  0 0 1,0 0 1,
  0 0 1,0 0 1,
  0 0 1,0 0 1,
  0 0 1,0 0 1,
  0 0 1,0 0 1,
  0 0 1,0 0 1,
  0 0 1,0 0 1,
  0 0 1,0 0 1,
  0 0 1,0 0 1,
  0 0 1,0 0 1,
  0 0 1,0 0 1,
  0 0 1,0 0 1,
  0 0 1,0 0 1,
  0 0 1,0 0 1,
  0 0 1,0 0 1,
  0 0 1,0 0 1,
  0 0 1,0 0 1,
  0 0 1,0 0 1,
  0 0 1,0 0 1,
  0 0 1,0 0 1,
  0 0 1,0 0 1,
  0 0 1,0 0 1,
  0 0 1,0 0 1,
  0 0 1,0 0 1,
  0 0 1,0 0 1,
  0 0 1,0 0 1,
  0 0 1,0 0 1,
  0 0 1,0 0 1,
  0 0 1,0 0 1,
  0 0 1,0 0 1,
  0 0 1,0 0 1,
  0 0 1,0 0 1,
  0 0 1,0 0 1,
  0 0 1,0 0 1,
  0 0 1,0 0 1,
  0 0 1,0 0 1,
  0 0 1,0 0 1,
  0 0 1,0 0 1,
  0 0 1,0 0 1,
  0 0 1,0 0 1,
  0 0 1,0 0 1,
  0 0 1,0 0 1,
  0 0 1,0 0 1,
  0 0 1,0 0 1,
  0 0 1,0 0 1,
  0 0 1,0 0 1,
  0 0 1,0 0 1,
  0 0 1,0 0 1,
  0 0 1,0 0 1,
  0 0 1,0 0 1,
  0 0 1,0 0 1,
  0 0 1,0 0 1,
  0 0 1,0 0 1,
  0 0 1,0 0 1,
  0 0 1,0 0 1,
  0 0 1,0 0 1,
  0 0 1,0 0 1,
  0 0 1,0 0 1,
  0 0 1,0 0 1,
  0 0 1,0 0 1,
  0 0 1,0 0 1,
  0 0 1,0 0 1,
  0 0 1,0 0 1,
  0 0 1,0 0 1,
  0 0 1,0 0 1,
  0 0 1,0 0 1,
  0 0 1,0 0 1,
  0 0 1,0 0 1,
  0 0 1,0 0 1,
  0 0 1,0 0 1,
  0 0 1,0 0 1,
  0 0 1,0 0 1,
  0 0 1,0 0 1,
  0 0 1,0 0 1,
  0 0 1,0 0 1,
  0 0 1,0 0 1,
  0 0 1,0 0 1,
  0 0 1,0 0 1,
  0 0 1,0 0 1,
  0 0 1,0 0 1,
  0 0 1,0 0 1,
  0 0 1,0 0 1,
  0 0 1,0 0 1,
  0 0 1,0 0 1,
  0 0 1,0 0 1,
  0 0 1,0 0 1,
  0 0 1,0 0 1,
  0 0 1,0 0 1,
  0 0 1,0 0 1,
  0 0 1,0 0 1,
  0 0 1,0 0 1,
  0 0 1,0 0 1,
  0 0 1,0 0 1,
  0 0 1,0 0 1,
  0 0 1,0 0 1,
  0 0 1,0 0 1,
  0 0 1,0 0 1,
  0 0 1,0 0 1,
  0 0 1,0 0 1,
  0 0 1,0 0 1,
  0 0 1,0 0 1,
  0 0 1,0 0 1,
  0 0 1,0 0 1,
  0 0 1,0 0 1,
  0 0 1,0 0 1,
  0 0 1,0 0 1,
  0 0 1,0 0 1,
  0 0 1,0 0 1,
  0 0 1,0 0 1,
  0 0 1,0 0 1,
  0 0 1,0 0 1,
  0 0 1,0 0 1,
  0 0 1,0 0 1,
  0 0 1,0 0 1,
  0 0 1,0 0 1,
  0 0 1,0 0 1,
  0 0 1,0 0 1,
  0 0 1,0 0 1,
  0 0 1,0 0 1,
  0 0 1,0 0 1,
  0 0 1,0 0 1,
  0 0 1,0 0 1,
  0 0 1,0 0 1,
  0 0 1,0 0 1,
  0 0 1,0 0 1,
  0 0 1,0 0 1,
  0 0 1,0 0 1,
  0 0 1,0 0 1,
  0 0 1,0 0 1,
  0 0 1,0 0 1,
  0 0 1,0 0 1,
  0 0 1,0 0 1,
  0 0 1,0 0 1,
  0 0 1,0 0 1,
  0 0 1,0 0 1,
  0 0 1,0 0 1,
  0 0 1,0 0 1,
  0 0 1,0 0 1,
  0 0 1,0 0 1,
  0 0 1,0 0 1,
  0 0 1,0 0 1,
  0 0 1,0 0 1,
  0 0 1,0 0 1,
  0 0 1,0 0 1,
  0 0 1,0 0 1,
  0 0 1,0 0 1,
  0 0 1,0 0 1,
  0 0 1,0 0 1,
  0 0 1,0 0 1,
  0 0 1,0 0 1,
  0 0 1,0 0 1,
  0 0 1,0 0 1,
  0 0 1,0 0 1,
  0 0 1,0 0 1,
  0 0 1,0 0 1,
  0 0 1,0 0 1,
  0 0 1,0 0 1,
  0 0 1,0 0 1,
  0 0 1,0 0 1,
  0 0 1,0 0 1,
  0 0 1,0 0 1,
  0 0 1,0 0 1,
  0 0 1,0 0 1,
  0 0 1,0 0 1,
  0 0 1,0 0 1,
  0 0 1,0 0 1,
  0 0 1,0 0 1,
  0 0 1,0 0 1,
  0 0 1,0 0 1,
  0 0 1,0 0 1,
  0 0 1,0 0 1,
  0 0 1,0 0 1,
  0 0 1,0 0 1,
  0 0 1,0 0 1,
  0 0 1,0 0 1,
  0 0 1,0 0 1,
  0 0 1,0 0 1,
  0 0 1,0 0 1,
  0 0 1,0 0 1,
  0 0 1,0 0 1,
  0 0 1,0 0 1,
  0 0 1,0 0 1,
  0 0 1,0 0 1,
  0 0 1,0 0 1,
  0 0 1,0 0 1,
  0 0 1,0 0 1,
  0 0 1,0 0 1,
  0 0 1,0 0 1,
  0 0 1,0 0 1,
  0 0 1,0 0 1,
  0 0 1,0 0 1] }
}
}
] }
DEF TXFM_35 Transform {
  center 0 0 0
  rotation 0 0 1 0
  scale 1 1 1
  scaleOrientation 0 0 1 0
  translation 0 0 0
 children [
DEF SHAPE_376 Shape {
 appearance USE APP_19
 geometry DEF FACE_376 IndexedFaceSet {
  coord DEF COORD_376 Coordinate { point [
  1.3618292 0.27610355 -0.31496063,1.372084 0.29386541 -0.31496063,
  1.3877953 0.30704874 -0.31496063,1.407068 0.31406345 -0.31496063,
  1.4275776 0.31406345 -0.31496063,1.4468504 0.30704874 -0.31496063,
  1.4625617 0.29386541 -0.31496063,1.4728165 0.27610355 -0.31496063,
  1.476378 0.25590551 -0.31496063,1.4728165 0.23570747 -0.31496063,
  1.4625617 0.21794561 -0.31496063,1.4468504 0.20476228 -0.31496063,
  1.4275776 0.19774757 -0.31496063,1.407068 0.19774757 -0.31496063,
  1.3877953 0.20476228 -0.31496063,1.372084 0.21794561 -0.31496063,
  1.3618292 0.23570747 -0.31496063,1.3582677 0.25590551 -0.31496063,
  1.2007874 2.1456693 -0.31496063,1.1972259 2.1254713 -0.31496063,
  1.1869711 2.1077094 -0.31496063,1.1712598 2.0945261 -0.31496063,
  1.1519871 2.0875114 -0.31496063,1.1314775 2.0875114 -0.31496063,
  1.1122047 2.0945261 -0.31496063,1.0964934 2.1077094 -0.31496063,
  1.0862386 2.1254713 -0.31496063,1.0826772 2.1456693 -0.31496063,
  1.0862386 2.1658673 -0.31496063,1.0964934 2.1836292 -0.31496063,
  1.1122047 2.1968125 -0.31496063,1.1314775 2.2038272 -0.31496063,
  1.1519871 2.2038272 -0.31496063,1.1712598 2.1968125 -0.31496063,
  1.1869711 2.1836292 -0.31496063,1.1972259 2.1658673 -0.31496063,
  1.2401575 1.0826772 -0.31496063,1.2437189 1.1028752 -0.31496063,
  1.2539738 1.1206371 -0.31496063,1.269685 1.1338204 -0.31496063,
  1.2889578 1.1408351 -0.31496063,1.3094674 1.1408351 -0.31496063,
  1.3287402 1.1338204 -0.31496063,1.3444514 1.1206371 -0.31496063,
  1.3547063 1.1028752 -0.31496063,1.3582677 1.0826772 -0.31496063,
  1.3547063 1.0624791 -0.31496063,1.3444514 1.0447173 -0.31496063,
  1.3287402 1.0315339 -0.31496063,1.3094674 1.0245192 -0.31496063,
  1.2889578 1.0245192 -0.31496063,1.269685 1.0315339 -0.31496063,
  1.2539738 1.0447173 -0.31496063,1.2437189 1.0624791 -0.31496063,
  3.011811 3.5629921 -0.31496063,3.0153725 3.5831902 -0.31496063,
  3.0256273 3.600952 -0.31496063,3.0413386 3.6141354 -0.31496063,
  3.0606113 3.6211501 -0.31496063,3.081121 3.6211501 -0.31496063,
  3.1003937 3.6141354 -0.31496063,3.116105 3.600952 -0.31496063,
  3.1263598 3.5831902 -0.31496063,3.1299213 3.5629921 -0.31496063,
  3.1263598 3.5427941 -0.31496063,3.116105 3.5250322 -0.31496063,
  3.1003937 3.5118489 -0.31496063,3.081121 3.5048342 -0.31496063,
  3.0606113 3.5048342 -0.31496063,3.0413386 3.5118489 -0.31496063,
  3.0256273 3.5250322 -0.31496063,3.0153725 3.5427941 -0.31496063,
  5.3772272 2.7378264 -0.31496063,5.3807886 2.7580244 -0.31496063,
  5.3910434 2.7757863 -0.31496063,5.4067547 2.7889696 -0.31496063,
  5.4260275 2.7959843 -0.31496063,5.4465371 2.7959843 -0.31496063,
  5.4658098 2.7889696 -0.31496063,5.4815211 2.7757863 -0.31496063,
  5.4917759 2.7580244 -0.31496063,5.4953374 2.7378264 -0.31496063,
  5.4917759 2.7176283 -0.31496063,5.4815211 2.6998665 -0.31496063,
  5.4658098 2.6866831 -0.31496063,5.4465371 2.6796684 -0.31496063,
  5.4260275 2.6796684 -0.31496063,5.4067547 2.6866831 -0.31496063,
  5.3910434 2.6998665 -0.31496063,5.3807886 2.7176283 -0.31496063,
  4.7440945 3.5629921 -0.31496063,4.7476559 3.5831902 -0.31496063,
  4.7579108 3.600952 -0.31496063,4.773622 3.6141354 -0.31496063,
  4.7928948 3.6211501 -0.31496063,4.8134044 3.6211501 -0.31496063,
  4.8326772 3.6141354 -0.31496063,4.8483885 3.600952 -0.31496063,
  4.8586433 3.5831902 -0.31496063,4.8622047 3.5629921 -0.31496063,
  4.8586433 3.5427941 -0.31496063,4.8483885 3.5250322 -0.31496063,
  4.8326772 3.5118489 -0.31496063,4.8134044 3.5048342 -0.31496063,
  4.7928948 3.5048342 -0.31496063,4.773622 3.5118489 -0.31496063,
  4.7579108 3.5250322 -0.31496063,4.7476559 3.5427941 -0.31496063,
  4.3503937 1.476378 -0.31496063,4.3539552 1.496576 -0.31496063,
  4.36421 1.5143379 -0.31496063,4.3799213 1.5275212 -0.31496063,
  4.399194 1.5345359 -0.31496063,4.4197036 1.5345359 -0.31496063,
  4.4389764 1.5275212 -0.31496063,4.4546877 1.5143379 -0.31496063,
  4.4649425 1.496576 -0.31496063,4.4685039 1.476378 -0.31496063,
  4.4649425 1.4561799 -0.31496063,4.4546877 1.4384181 -0.31496063,
  4.4389764 1.4252347 -0.31496063,4.4197036 1.41822 -0.31496063,
  4.399194 1.41822 -0.31496063,4.3799213 1.4252347 -0.31496063,
  4.36421 1.4384181 -0.31496063,4.3539552 1.4561799 -0.31496063,
  3.5306961 2.1625665 -0.31496063,3.5271346 2.1423685 -0.31496063,
  3.5168798 2.1246066 -0.31496063,3.5011685 2.1114233 -0.31496063,
  3.4818958 2.1044086 -0.31496063,3.4613861 2.1044086 -0.31496063,
  3.4421134 2.1114233 -0.31496063,3.4264021 2.1246066 -0.31496063,
  3.4161473 2.1423685 -0.31496063,3.4125858 2.1625665 -0.31496063,
  3.4161473 2.1827646 -0.31496063,3.4264021 2.2005264 -0.31496063,
  3.4421134 2.2137098 -0.31496063,3.4613861 2.2207245 -0.31496063,
  3.4818958 2.2207245 -0.31496063,3.5011685 2.2137098 -0.31496063,
  3.5168798 2.2005264 -0.31496063,3.5271346 2.1827646 -0.31496063,
  3.8385827 0.61023622 -0.31496063,3.8421441 0.63043426 -0.31496063,
  3.852399 0.64819612 -0.31496063,3.8681102 0.66137945 -0.31496063,
  3.887383 0.66839416 -0.31496063,3.9078926 0.66839416 -0.31496063,
  3.9271654 0.66137945 -0.31496063,3.9428766 0.64819612 -0.31496063,
  3.9531315 0.63043426 -0.31496063,3.9566929 0.61023622 -0.31496063,
  3.9531315 0.59003818 -0.31496063,3.9428766 0.57227632 -0.31496063,
  3.9271654 0.55909299 -0.31496063,3.9078926 0.55207828 -0.31496063,
  3.887383 0.55207828 -0.31496063,3.8681102 0.55909299 -0.31496063,
  3.852399 0.57227632 -0.31496063,3.8421441 0.59003818 -0.31496063,
  4.5866142 0.53149606 -0.31496063,4.5901756 0.5516941 -0.31496063,
  4.6004304 0.56945596 -0.31496063,4.6161417 0.5826393 -0.31496063,
  4.6354145 0.589654 -0.31496063,4.6559241 0.589654 -0.31496063,
  4.6751969 0.5826393 -0.31496063,4.6909081 0.56945596 -0.31496063,
  4.701163 0.5516941 -0.31496063,4.7047244 0.53149606 -0.31496063,
  4.701163 0.51129802 -0.31496063,4.6909081 0.49353616 -0.31496063,
  4.6751969 0.48035283 -0.31496063,4.6559241 0.47333812 -0.31496063,
  4.6354145 0.47333812 -0.31496063,4.6161417 0.48035283 -0.31496063,
  4.6004304 0.49353616 -0.31496063,4.5901756 0.51129802 -0.31496063,
  3.3173414 2.7961728 -0.31496063,3.2968318 2.7961728 -0.31496063,
  3.2775591 2.8031875 -0.31496063,3.2618478 2.8163708 -0.31496063,
  3.251593 2.8341327 -0.31496063,3.2480315 2.8543307 -0.31496063,
  3.251593 2.8745287 -0.31496063,3.2618478 2.8922906 -0.31496063,
  3.2775591 2.9054739 -0.31496063,3.2968318 2.9124886 -0.31496063,
  3.3173414 2.9124886 -0.31496063,3.3366142 2.9054739 -0.31496063,
  3.3523255 2.8922906 -0.31496063,3.3625803 2.8745287 -0.31496063,
  3.3661417 2.8543307 -0.31496063,3.3625803 2.8341327 -0.31496063,
  3.3523255 2.8163708 -0.31496063,3.3366142 2.8031875 -0.31496063,
  3.3267717 0.25590551 -0.31496063,3.3303331 0.27610355 -0.31496063,
  3.3405879 0.29386541 -0.31496063,3.3562992 0.30704874 -0.31496063,
  3.375572 0.31406345 -0.31496063,3.3960816 0.31406345 -0.31496063,
  3.4153543 0.30704874 -0.31496063,3.4310656 0.29386541 -0.31496063,
  3.4413204 0.27610355 -0.31496063,3.4448819 0.25590551 -0.31496063,
  3.4413204 0.23570747 -0.31496063,3.4310656 0.21794561 -0.31496063,
  3.4153543 0.20476228 -0.31496063,3.3960816 0.19774757 -0.31496063,
  3.375572 0.19774757 -0.31496063,3.3562992 0.20476228 -0.31496063,
  3.3405879 0.21794561 -0.31496063,3.3303331 0.23570747 -0.31496063,
  5.0590551 0.25590551 -0.31496063,5.0626166 0.27610355 -0.31496063,
  5.0728714 0.29386541 -0.31496063,5.0885827 0.30704874 -0.31496063,
  5.1078554 0.31406345 -0.31496063,5.128365 0.31406345 -0.31496063,
  5.1476378 0.30704874 -0.31496063,5.1633491 0.29386541 -0.31496063,
  5.1736039 0.27610355 -0.31496063,5.1771654 0.25590551 -0.31496063,
  5.1736039 0.23570747 -0.31496063,5.1633491 0.21794561 -0.31496063,
  5.1476378 0.20476228 -0.31496063,5.128365 0.19774757 -0.31496063,
  5.1078554 0.19774757 -0.31496063,5.0885827 0.20476228 -0.31496063,
  5.0728714 0.21794561 -0.31496063,5.0626166 0.23570747 -0.31496063,
  5.6496063 1.8700787 -0.31496063,5.6531678 1.8902768 -0.31496063,
  5.6634226 1.9080386 -0.31496063,5.6791339 1.921222 -0.31496063,
  5.6984066 1.9282367 -0.31496063,5.7189162 1.9282367 -0.31496063,
  5.738189 1.921222 -0.31496063,5.7539003 1.9080386 -0.31496063,
  5.7641551 1.8902768 -0.31496063,5.7677165 1.8700787 -0.31496063,
  5.7641551 1.8498807 -0.31496063,5.7539003 1.8321188 -0.31496063,
  5.738189 1.8189355 -0.31496063,5.7189162 1.8119208 -0.31496063,
  5.6984066 1.8119208 -0.31496063,5.6791339 1.8189355 -0.31496063,
  5.6634226 1.8321188 -0.31496063,5.6531678 1.8498807 -0.31496063,
  0.18112441 0.44862205 -0.31496063,0.18112323 0.44862205 -0.31496063,
  0.11415118 0.44862205 -0.31496063,0.11370079 0.44867677 -0.31496063,
  0.11134961 0.4488189 -0.31496063,0.10826772 0.4488189 -0.31496063,
  0.0098425197 0.4488189 -0.31496063,0.0098425197 0.0098425197 -0.31496063,
  5.8562992 0.0098425197 -0.31496063,5.9547244 0.0098425197 -0.31496063,
  5.9547244 2.0472441 -0.31496063,5.8562992 2.0472441 -0.31496063,
  5.6299217 2.0472441 -0.31496063,5.6299213 2.0472441 -0.31496063,
  5.6299213 3.7897642 -0.31496063,5.6299213 3.8287402 -0.31496063,
  0.10826772 3.8287402 -0.31496063,0.0098425197 3.8287402 -0.31496063,
  0.0098425197 1.3937008 -0.31496063,0.049015748 1.3937008 -0.31496063,
  0.11134961 1.3937008 -0.31496063,0.1137 1.3938429 -0.31496063,
  0.11415118 1.3938976 -0.31496063,0.18112441 1.3938976 -0.31496063,
  0.1811252 1.3938976 -0.31496063,0.24615079 1.3778705 -0.31496063,
  0.24615118 1.3778705 -0.31496063,0.24615157 1.3778701 -0.31496063,
  0.30545354 1.3467457 -0.31496063,0.35558386 1.3023343 -0.31496063,
  0.39362913 1.2472165 -0.31496063,0.41737795 1.1845953 -0.31496063,
  0.42545079 1.1181102 -0.31496063,0.41737795 1.0516252 -0.31496063,
  0.39362913 0.98900394 -0.31496063,0.36215079 0.94340039 -0.31496063,
  0.35526299 0.92220118 -0.31496063,0.36215079 0.89911969 -0.31496063,
  0.39362913 0.85351575 -0.31496063,0.41737795 0.79089449 -0.31496063,
  0.42545079 0.72440945 -0.31496063,0.41737795 0.65792441 -0.31496063,
  0.39362913 0.59530315 -0.31496063,0.35558386 0.54018543 -0.31496063,
  0.30545354 0.49577402 -0.31496063,0.24615157 0.46464961 -0.31496063,
  0.21653543 0.25590551 -0.31496063,0.22009689 0.27610355 -0.31496063,
  0.23035171 0.29386541 -0.31496063,0.24606299 0.30704874 -0.31496063,
  0.26533574 0.31406345 -0.31496063,0.28584536 0.31406345 -0.31496063,
  0.30511811 0.30704874 -0.31496063,0.3208294 0.29386541 -0.31496063,
  0.33108421 0.27610355 -0.31496063,0.33464567 0.25590551 -0.31496063,
  0.33108421 0.23570747 -0.31496063,0.3208294 0.21794561 -0.31496063,
  0.30511811 0.20476228 -0.31496063,0.28584536 0.19774757 -0.31496063,
  0.26533574 0.19774757 -0.31496063,0.24606299 0.20476228 -0.31496063,
  0.23035171 0.21794561 -0.31496063,0.22009689 0.23570747 -0.31496063,
  5.6496063 0.53149606 -0.31496063,5.6531678 0.5516941 -0.31496063,
  5.6634226 0.56945596 -0.31496063,5.6791339 0.5826393 -0.31496063,
  5.6984066 0.589654 -0.31496063,5.7189162 0.589654 -0.31496063,
  5.738189 0.5826393 -0.31496063,5.7539003 0.56945596 -0.31496063,
  5.7641551 0.5516941 -0.31496063,5.7677165 0.53149606 -0.31496063,
  5.7641551 0.51129802 -0.31496063,5.7539003 0.49353616 -0.31496063,
  5.738189 0.48035283 -0.31496063,5.7189162 0.47333812 -0.31496063,
  5.6984066 0.47333812 -0.31496063,5.6791339 0.48035283 -0.31496063,
  5.6634226 0.49353616 -0.31496063,5.6531678 0.51129802 -0.31496063,
  0.37401575 3.5629921 -0.31496063,0.37045429 3.5427941 -0.31496063,
  0.36019947 3.5250322 -0.31496063,0.34448819 3.5118489 -0.31496063,
  0.32521544 3.5048342 -0.31496063,0.30470582 3.5048342 -0.31496063,
  0.28543307 3.5118489 -0.31496063,0.26972178 3.5250322 -0.31496063,
  0.25946697 3.5427941 -0.31496063,0.25590551 3.5629921 -0.31496063,
  0.25946697 3.5831902 -0.31496063,0.26972178 3.600952 -0.31496063,
  0.28543307 3.6141354 -0.31496063,0.30470582 3.6211501 -0.31496063,
  0.32521544 3.6211501 -0.31496063,0.34448819 3.6141354 -0.31496063,
  0.36019947 3.600952 -0.31496063,0.37045429 3.5831902 -0.31496063,
  0.24606299 2.2755527 -0.31496063,0.26533574 2.2825674 -0.31496063,
  0.28584536 2.2825674 -0.31496063,0.30511811 2.2755527 -0.31496063,
  0.3208294 2.2623693 -0.31496063,0.33108421 2.2446075 -0.31496063,
  0.33464567 2.2244094 -0.31496063,0.33108421 2.2042114 -0.31496063,
  0.3208294 2.1864496 -0.31496063,0.30511811 2.1732662 -0.31496063,
  0.28584536 2.1662515 -0.31496063,0.26533574 2.1662515 -0.31496063,
  0.24606299 2.1732662 -0.31496063,0.23035171 2.1864496 -0.31496063,
  0.22009689 2.2042114 -0.31496063,0.21653543 2.2244094 -0.31496063,
  0.22009689 2.2446075 -0.31496063,0.23035171 2.2623693 -0.31496063,
  1.7125984 3.5629921 -0.31496063,1.709037 3.5427941 -0.31496063,
  1.6987822 3.5250322 -0.31496063,1.6830709 3.5118489 -0.31496063,
  1.6637981 3.5048342 -0.31496063,1.6432885 3.5048342 -0.31496063,
  1.6240157 3.5118489 -0.31496063,1.6083045 3.5250322 -0.31496063,
  1.5980496 3.5427941 -0.31496063,1.5944882 3.5629921 -0.31496063,
  1.5980496 3.5831902 -0.31496063,1.6083045 3.600952 -0.31496063,
  1.6240157 3.6141354 -0.31496063,1.6432885 3.6211501 -0.31496063,
  1.6637981 3.6211501 -0.31496063,1.6830709 3.6141354 -0.31496063,
  1.6987822 3.600952 -0.31496063,1.709037 3.5831902 -0.31496063,
  2.7066929 0.30704874 -0.31496063,2.7224042 0.29386541 -0.31496063,
  2.732659 0.27610355 -0.31496063,2.7362205 0.25590551 -0.31496063,
  2.732659 0.23570747 -0.31496063,2.7224042 0.21794561 -0.31496063,
  2.7066929 0.20476228 -0.31496063,2.6874202 0.19774757 -0.31496063,
  2.6669105 0.19774757 -0.31496063,2.6476378 0.20476228 -0.31496063,
  2.6319265 0.21794561 -0.31496063,2.6216717 0.23570747 -0.31496063,
  2.6181102 0.25590551 -0.31496063,2.6216717 0.27610355 -0.31496063,
  2.6319265 0.29386541 -0.31496063,2.6476378 0.30704874 -0.31496063,
  2.6669105 0.31406345 -0.31496063,2.6874202 0.31406345 -0.31496063,
  2.0177165 2.6063371 -0.31496063,2.0020052 2.6195204 -0.31496063,
  1.9917504 2.6372823 -0.31496063,1.988189 2.6574803 -0.31496063,
  1.9917504 2.6776784 -0.31496063,2.0020052 2.6954402 -0.31496063,
  2.0177165 2.7086235 -0.31496063,2.0369893 2.7156383 -0.31496063,
  2.0574989 2.7156383 -0.31496063,2.0767717 2.7086235 -0.31496063,
  2.0924829 2.6954402 -0.31496063,2.1027378 2.6776784 -0.31496063,
  2.1062992 2.6574803 -0.31496063,2.1027378 2.6372823 -0.31496063,
  2.0924829 2.6195204 -0.31496063,2.0767717 2.6063371 -0.31496063,
  2.0574989 2.5993224 -0.31496063,2.0369893 2.5993224 -0.31496063,
  2.0275591 1.6732283 -0.31496063,2.0311205 1.6934264 -0.31496063,
  2.0413753 1.7111882 -0.31496063,2.0570866 1.7243716 -0.31496063,
  2.0763594 1.7313863 -0.31496063,2.096869 1.7313863 -0.31496063,
  2.1161417 1.7243716 -0.31496063,2.131853 1.7111882 -0.31496063,
  2.1421078 1.6934264 -0.31496063,2.1456693 1.6732283 -0.31496063,
  2.1421078 1.6530303 -0.31496063,2.131853 1.6352684 -0.31496063,
  2.1161417 1.6220851 -0.31496063,2.096869 1.6150704 -0.31496063,
  2.0763594 1.6150704 -0.31496063,2.0570866 1.6220851 -0.31496063,
  2.0413753 1.6352684 -0.31496063,2.0311205 1.6530303 -0.31496063,
  2.5787402 1.0433071 -0.31496063,2.5823016 1.0635051 -0.31496063,
  2.5925564 1.081267 -0.31496063,2.6082677 1.0944503 -0.31496063,
  2.6275405 1.101465 -0.31496063,2.6480501 1.101465 -0.31496063,
  2.6673228 1.0944503 -0.31496063,2.6830341 1.081267 -0.31496063,
  2.6932889 1.0635051 -0.31496063,2.6968504 1.0433071 -0.31496063,
  2.6932889 1.023109 -0.31496063,2.6830341 1.0053472 -0.31496063,
  2.6673228 0.99216385 -0.31496063,2.6480501 0.98514915 -0.31496063,
  2.6275405 0.98514915 -0.31496063,2.6082677 0.99216385 -0.31496063,
  2.5925564 1.0053472 -0.31496063,2.5823016 1.023109 -0.31496063,
  5.7548709 2.8102386 -0.31496063,5.7330685 2.7884362 -0.31496063,
  5.717652 2.7617343 -0.31496063,5.709672 2.731952 -0.31496063,
  5.709672 2.7011189 -0.31496063,5.717652 2.6713366 -0.31496063,
  5.7330685 2.6446346 -0.31496063,5.7548709 2.6228323 -0.31496063,
  5.7815728 2.6074157 -0.31496063,5.8113551 2.5994358 -0.31496063,
  5.8421882 2.5994358 -0.31496063,5.8719705 2.6074157 -0.31496063,
  5.8986724 2.6228323 -0.31496063,5.9204748 2.6446346 -0.31496063,
  5.9358913 2.6713366 -0.31496063,5.9438713 2.7011189 -0.31496063,
  5.9438713 2.731952 -0.31496063,5.9358913 2.7617343 -0.31496063,
  5.9204748 2.7884362 -0.31496063,5.8986724 2.8102386 -0.31496063,
  5.8719705 2.8256551 -0.31496063,5.8421882 2.833635 -0.31496063,
  5.8113551 2.833635 -0.31496063,5.7815728 2.8256551 -0.31496063,
  5.765748 2.7165354 -0.31496063,5.7703932 2.7398882 -0.31496063,
  5.7836214 2.7596857 -0.31496063,5.8034189 2.7729139 -0.31496063,
  5.8267717 2.7775591 -0.31496063,5.8501244 2.7729139 -0.31496063,
  5.8699219 2.7596857 -0.31496063,5.8831501 2.7398882 -0.31496063,
  5.8877953 2.7165354 -0.31496063,5.8831501 2.6931827 -0.31496063,
  5.8699219 2.6733852 -0.31496063,5.8501244 2.660157 -0.31496063,
  5.8267717 2.6555118 -0.31496063,5.8034189 2.660157 -0.31496063,
  5.7836214 2.6733852 -0.31496063,5.7703932 2.6931827 -0.31496063,
  5.7548709 2.3377976 -0.31496063,5.7330685 2.3159953 -0.31496063,
  5.717652 2.2892933 -0.31496063,5.709672 2.259511 -0.31496063,
  5.709672 2.228678 -0.31496063,5.717652 2.1988957 -0.31496063,
  5.7330685 2.1721937 -0.31496063,5.7548709 2.1503913 -0.31496063,
  5.7815728 2.1349748 -0.31496063,5.8113551 2.1269949 -0.31496063,
  5.8421882 2.1269949 -0.31496063,5.8719705 2.1349748 -0.31496063,
  5.8986724 2.1503913 -0.31496063,5.9204748 2.1721937 -0.31496063,
  5.9358913 2.1988957 -0.31496063,5.9438713 2.228678 -0.31496063,
  5.9438713 2.259511 -0.31496063,5.9358913 2.2892933 -0.31496063,
  5.9204748 2.3159953 -0.31496063,5.8986724 2.3377976 -0.31496063,
  5.8719705 2.3532142 -0.31496063,5.8421882 2.3611941 -0.31496063,
  5.8113551 2.3611941 -0.31496063,5.7815728 2.3532142 -0.31496063,
  5.765748 2.2440945 -0.31496063,5.7703932 2.2674472 -0.31496063,
  5.7836214 2.2872447 -0.31496063,5.8034189 2.300473 -0.31496063,
  5.8267717 2.3051181 -0.31496063,5.8501244 2.300473 -0.31496063,
  5.8699219 2.2872447 -0.31496063,5.8831501 2.2674472 -0.31496063,
  5.8877953 2.2440945 -0.31496063,5.8831501 2.2207418 -0.31496063,
  5.8699219 2.2009443 -0.31496063,5.8501244 2.187716 -0.31496063,
  5.8267717 2.1830709 -0.31496063,5.8034189 2.187716 -0.31496063,
  5.7836214 2.2009443 -0.31496063,5.7703932 2.2207418 -0.31496063,
  5.7548709 3.2826795 -0.31496063,5.7330685 3.2608772 -0.31496063,
  5.717652 3.2341752 -0.31496063,5.709672 3.2043929 -0.31496063,
  5.709672 3.1735598 -0.31496063,5.717652 3.1437776 -0.31496063,
  5.7330685 3.1170756 -0.31496063,5.7548709 3.0952732 -0.31496063,
  5.7815728 3.0798567 -0.31496063,5.8113551 3.0718768 -0.31496063,
  5.8421882 3.0718768 -0.31496063,5.8719705 3.0798567 -0.31496063,
  5.8986724 3.0952732 -0.31496063,5.9204748 3.1170756 -0.31496063,
  5.9358913 3.1437776 -0.31496063,5.9438713 3.1735598 -0.31496063,
  5.9438713 3.2043929 -0.31496063,5.9358913 3.2341752 -0.31496063,
  5.9204748 3.2608772 -0.31496063,5.8986724 3.2826795 -0.31496063,
  5.8719705 3.2980961 -0.31496063,5.8421882 3.306076 -0.31496063,
  5.8113551 3.306076 -0.31496063,5.7815728 3.2980961 -0.31496063,
  5.765748 3.1889764 -0.31496063,5.7703932 3.2123291 -0.31496063,
  5.7836214 3.2321266 -0.31496063,5.8034189 3.2453549 -0.31496063,
  5.8267717 3.25 -0.31496063,5.8501244 3.2453549 -0.31496063,
  5.8699219 3.2321266 -0.31496063,5.8831501 3.2123291 -0.31496063,
  5.8877953 3.1889764 -0.31496063,5.8831501 3.1656236 -0.31496063,
  5.8699219 3.1458262 -0.31496063,5.8501244 3.1325979 -0.31496063,
  5.8267717 3.1279528 -0.31496063,5.8034189 3.1325979 -0.31496063,
  5.7836214 3.1458262 -0.31496063,5.7703932 3.1656236 -0.31496063,
  5.7548709 3.7551205 -0.31496063,5.7330685 3.7333181 -0.31496063,
  5.717652 3.7066161 -0.31496063,5.709672 3.6768339 -0.31496063,
  5.709672 3.6460008 -0.31496063,5.717652 3.6162185 -0.31496063,
  5.7330685 3.5895165 -0.31496063,5.7548709 3.5677142 -0.31496063,
  5.7815728 3.5522976 -0.31496063,5.8113551 3.5443177 -0.31496063,
  5.8421882 3.5443177 -0.31496063,5.8719705 3.5522976 -0.31496063,
  5.8986724 3.5677142 -0.31496063,5.9204748 3.5895165 -0.31496063,
  5.9358913 3.6162185 -0.31496063,5.9438713 3.6460008 -0.31496063,
  5.9438713 3.6768339 -0.31496063,5.9358913 3.7066161 -0.31496063,
  5.9204748 3.7333181 -0.31496063,5.8986724 3.7551205 -0.31496063,
  5.8719705 3.770537 -0.31496063,5.8421882 3.7785169 -0.31496063,
  5.8113551 3.7785169 -0.31496063,5.7815728 3.770537 -0.31496063,
  5.765748 3.6614173 -0.31496063,5.7703932 3.6847701 -0.31496063,
  5.7836214 3.7045675 -0.31496063,5.8034189 3.7177958 -0.31496063,
  5.8267717 3.7224409 -0.31496063,5.8501244 3.7177958 -0.31496063,
  5.8699219 3.7045675 -0.31496063,5.8831501 3.6847701 -0.31496063,
  5.8877953 3.6614173 -0.31496063,5.8831501 3.6380646 -0.31496063,
  5.8699219 3.6182671 -0.31496063,5.8501244 3.6050388 -0.31496063,
  5.8267717 3.6003937 -0.31496063,5.8034189 3.6050388 -0.31496063,
  5.7836214 3.6182671 -0.31496063,5.7703932 3.6380646 -0.31496063,
  0.075737008 1.2118134 -0.31496063,0.053934646 1.190011 -0.31496063,
  0.03851811 1.1633091 -0.31496063,0.030538189 1.1335268 -0.31496063,
  0.030538189 1.1026937 -0.31496063,0.03851811 1.0729114 -0.31496063,
  0.053934646 1.0462094 -0.31496063,0.075737008 1.0244071 -0.31496063,
  0.10243898 1.0089906 -0.31496063,0.13222126 1.0010106 -0.31496063,
  0.16305433 1.0010106 -0.31496063,0.19283661 1.0089906 -0.31496063,
  0.21953858 1.0244071 -0.31496063,0.24134094 1.0462094 -0.31496063,
  0.25675748 1.0729114 -0.31496063,0.2647374 1.1026937 -0.31496063,
  0.2647374 1.1335268 -0.31496063,0.25675748 1.1633091 -0.31496063,
  0.24134094 1.190011 -0.31496063,0.21953858 1.2118134 -0.31496063,
  0.19283661 1.2272299 -0.31496063,0.16305433 1.2352098 -0.31496063,
  0.13222126 1.2352098 -0.31496063,0.10243898 1.2272299 -0.31496063,
  0.086614173 1.1181102 -0.31496063,0.09125932 1.141463 -0.31496063,
  0.10448758 1.1612605 -0.31496063,0.12428507 1.1744887 -0.31496063,
  0.1476378 1.1791339 -0.31496063,0.17099052 1.1744887 -0.31496063,
  0.19078801 1.1612605 -0.31496063,0.20401627 1.141463 -0.31496063,
  0.20866142 1.1181102 -0.31496063,0.20401627 1.0947575 -0.31496063,
  0.19078801 1.07496 -0.31496063,0.17099052 1.0617318 -0.31496063,
  0.1476378 1.0570866 -0.31496063,0.12428507 1.0617318 -0.31496063,
  0.10448758 1.07496 -0.31496063,0.09125932 1.0947575 -0.31496063,
  0.075737008 0.8181126 -0.31496063,0.053934646 0.79631024 -0.31496063,
  0.03851811 0.76960827 -0.31496063,0.030538189 0.73982598 -0.31496063,
  0.030538189 0.70899291 -0.31496063,0.03851811 0.67921063 -0.31496063,
  0.053934646 0.65250866 -0.31496063,0.075737008 0.6307063 -0.31496063,
  0.10243898 0.61528976 -0.31496063,0.13222126 0.60730984 -0.31496063,
  0.16305433 0.60730984 -0.31496063,0.19283661 0.61528976 -0.31496063,
  0.21953858 0.6307063 -0.31496063,0.24134094 0.65250866 -0.31496063,
  0.25675748 0.67921063 -0.31496063,0.2647374 0.70899291 -0.31496063,
  0.2647374 0.73982598 -0.31496063,0.25675748 0.76960827 -0.31496063,
  0.24134094 0.79631024 -0.31496063,0.21953858 0.8181126 -0.31496063,
  0.19283661 0.83352913 -0.31496063,0.16305433 0.84150906 -0.31496063,
  0.13222126 0.84150906 -0.31496063,0.10243898 0.83352913 -0.31496063,
  0.086614173 0.72440945 -0.31496063,0.09125932 0.74776218 -0.31496063,
  0.10448758 0.76755967 -0.31496063,0.12428507 0.78078792 -0.31496063,
  0.1476378 0.78543307 -0.31496063,0.17099052 0.78078792 -0.31496063,
  0.19078801 0.76755967 -0.31496063,0.20401627 0.74776218 -0.31496063,
  0.20866142 0.72440945 -0.31496063,0.20401627 0.70105672 -0.31496063,
  0.19078801 0.68125923 -0.31496063,0.17099052 0.66803097 -0.31496063,
  0.1476378 0.66338583 -0.31496063,0.12428507 0.66803097 -0.31496063,
  0.10448758 0.68125923 -0.31496063,0.09125932 0.70105672 -0.31496063] }
 coordIndex [
  0,17,45,-1,45,17,46,-1,46,17,47,-1,47,17,48,-1,48,17,49,-1,49,17,50,-1,50,17,51,-1,51,17,52,-1,
  52,17,53,-1,53,17,36,-1,36,17,26,-1,26,17,27,-1,27,17,284,-1,284,17,16,-1,208,207,260,-1,260,207,230,-1,
  230,207,158,-1,158,207,159,-1,159,207,160,-1,160,207,161,-1,161,207,131,-1,131,207,132,-1,132,207,206,-1,206,205,132,-1,
  132,205,133,-1,133,205,134,-1,134,205,204,-1,136,135,194,-1,194,135,202,-1,202,135,203,-1,203,135,204,-1,204,135,134,-1,
  268,267,347,-1,347,267,348,-1,348,267,349,-1,349,267,350,-1,350,267,351,-1,351,267,334,-1,334,267,383,-1,383,267,384,-1,
  384,267,385,-1,385,267,386,-1,386,267,387,-1,387,267,370,-1,370,267,58,-1,58,267,59,-1,59,267,60,-1,60,267,61,-1,
  61,267,62,-1,62,267,63,-1,63,267,94,-1,94,267,95,-1,95,267,96,-1,96,267,97,-1,97,267,98,-1,98,267,99,-1,
  99,267,73,-1,73,267,74,-1,74,267,75,-1,75,267,76,-1,76,267,77,-1,77,267,78,-1,78,267,79,-1,79,267,80,-1,
  80,267,81,-1,81,267,265,-1,265,267,266,-1,73,72,99,-1,99,72,216,-1,216,72,217,-1,217,72,218,-1,218,72,219,-1,
  219,72,220,-1,220,72,221,-1,221,72,222,-1,222,72,223,-1,223,72,224,-1,224,72,225,-1,225,72,316,-1,316,72,89,-1,
  91,90,111,-1,111,90,112,-1,112,90,113,-1,113,90,114,-1,114,90,115,-1,115,90,116,-1,116,90,117,-1,117,90,162,-1,
  162,90,163,-1,163,90,164,-1,164,90,165,-1,165,90,166,-1,166,90,167,-1,167,90,168,-1,168,90,169,-1,169,90,170,-1,
  170,90,171,-1,171,90,216,-1,216,90,107,-1,92,91,126,-1,126,91,145,-1,145,91,146,-1,146,91,147,-1,147,91,148,-1,
  148,91,149,-1,149,91,150,-1,150,91,151,-1,151,91,152,-1,152,91,153,-1,153,91,109,-1,109,91,110,-1,110,91,111,-1,
  154,153,230,-1,230,153,231,-1,231,153,177,-1,177,153,178,-1,178,153,179,-1,179,153,125,-1,125,153,108,-1,108,153,109,-1,
  127,126,161,-1,161,126,144,-1,144,126,145,-1,93,92,194,-1,194,92,137,-1,137,92,138,-1,138,92,139,-1,139,92,140,-1,
  140,92,141,-1,141,92,142,-1,142,92,143,-1,143,92,126,-1,94,93,63,-1,63,93,188,-1,188,93,189,-1,189,93,190,-1,
  190,93,191,-1,191,93,192,-1,192,93,193,-1,193,93,194,-1,64,63,198,-1,198,63,185,-1,185,63,186,-1,186,63,187,-1,
  187,63,188,-1,55,54,433,-1,433,54,442,-1,442,54,443,-1,443,54,444,-1,444,54,445,-1,445,54,446,-1,446,54,447,-1,
  447,54,448,-1,448,54,449,-1,449,54,450,-1,450,54,451,-1,451,54,388,-1,388,54,389,-1,389,54,390,-1,390,54,391,-1,
  391,54,198,-1,198,54,71,-1,56,55,418,-1,418,55,430,-1,430,55,431,-1,431,55,432,-1,432,55,433,-1,57,56,370,-1,
  370,56,411,-1,411,56,412,-1,412,56,413,-1,413,56,414,-1,414,56,415,-1,415,56,416,-1,416,56,417,-1,417,56,418,-1,
  408,407,424,-1,408,424,409,-1,409,424,370,-1,409,370,410,-1,410,370,411,-1,380,379,18,-1,18,379,36,-1,36,379,37,-1,
  37,379,38,-1,38,379,39,-1,39,379,40,-1,40,379,41,-1,41,379,42,-1,42,379,43,-1,43,379,44,-1,44,379,45,-1,
  45,379,0,-1,0,379,1,-1,1,379,2,-1,2,379,3,-1,3,379,4,-1,4,379,5,-1,5,379,6,-1,6,379,7,-1,
  7,379,8,-1,8,379,378,-1,381,380,334,-1,334,380,282,-1,282,380,283,-1,283,380,284,-1,284,380,28,-1,28,380,29,-1,
  29,380,30,-1,30,380,31,-1,31,380,32,-1,32,380,33,-1,33,380,34,-1,34,380,35,-1,35,380,18,-1,383,382,334,-1,
  334,382,381,-1,344,343,268,-1,268,343,272,-1,272,343,273,-1,273,343,274,-1,274,343,275,-1,276,343,367,-1,367,343,368,-1,
  368,343,369,-1,369,343,352,-1,352,343,353,-1,353,343,342,-1,344,268,345,-1,345,268,346,-1,346,268,347,-1,272,271,268,-1,
  268,271,269,-1,269,271,270,-1,199,198,197,-1,199,197,200,-1,200,197,196,-1,200,196,201,-1,201,196,195,-1,201,195,202,-1,
  202,195,194,-1,197,198,180,-1,180,198,181,-1,181,198,182,-1,182,198,183,-1,183,198,184,-1,184,198,185,-1,306,305,295,-1,
  306,295,307,-1,307,295,13,-1,307,13,308,-1,308,13,260,-1,308,260,309,-1,309,260,310,-1,297,296,302,-1,302,296,303,-1,
  303,296,304,-1,304,296,305,-1,305,296,295,-1,252,297,298,-1,298,297,299,-1,299,297,300,-1,300,297,301,-1,301,297,302,-1,
  356,355,338,-1,356,338,357,-1,357,338,337,-1,357,337,358,-1,358,337,281,-1,358,281,359,-1,359,281,360,-1,340,339,354,-1,
  354,339,355,-1,355,339,338,-1,342,341,353,-1,353,341,354,-1,354,341,340,-1,289,288,287,-1,289,287,290,-1,290,287,286,-1,
  290,286,291,-1,291,286,285,-1,291,285,292,-1,292,285,284,-1,292,284,15,-1,15,284,16,-1,281,337,336,-1,281,336,282,-1,
  282,336,335,-1,282,335,334,-1,281,280,360,-1,360,280,361,-1,361,280,362,-1,362,280,363,-1,363,280,279,-1,364,363,277,-1,
  364,277,365,-1,365,277,366,-1,366,277,367,-1,367,277,276,-1,316,264,234,-1,316,234,317,-1,317,234,251,-1,317,251,318,-1,
  318,251,250,-1,318,250,319,-1,319,250,249,-1,319,249,320,-1,320,249,248,-1,320,248,321,-1,321,248,247,-1,321,247,322,-1,
  322,247,246,-1,322,246,323,-1,323,246,245,-1,323,245,324,-1,324,245,244,-1,324,244,325,-1,325,244,243,-1,325,243,260,-1,
  260,243,263,-1,260,263,261,-1,261,263,262,-1,264,263,237,-1,237,263,238,-1,238,263,239,-1,239,263,240,-1,240,263,241,-1,
  241,263,242,-1,242,263,243,-1,234,264,235,-1,235,264,236,-1,236,264,237,-1,325,260,326,-1,326,260,327,-1,327,260,328,-1,
  328,260,329,-1,329,260,330,-1,330,260,331,-1,331,260,332,-1,332,260,333,-1,333,260,225,-1,225,260,226,-1,226,260,227,-1,
  227,260,228,-1,228,260,229,-1,229,260,230,-1,265,316,81,-1,81,316,82,-1,82,316,83,-1,83,316,84,-1,84,316,85,-1,
  85,316,86,-1,86,316,87,-1,87,316,88,-1,88,316,89,-1,99,216,100,-1,100,216,101,-1,101,216,102,-1,102,216,103,-1,
  103,216,104,-1,104,216,105,-1,105,216,106,-1,106,216,107,-1,231,173,172,-1,231,172,232,-1,232,172,171,-1,232,171,233,-1,
  233,171,216,-1,173,231,174,-1,174,231,175,-1,175,231,176,-1,176,231,177,-1,117,162,118,-1,118,162,119,-1,119,162,120,-1,
  120,162,121,-1,121,162,179,-1,121,179,122,-1,122,179,123,-1,123,179,124,-1,124,179,125,-1,154,230,155,-1,155,230,156,-1,
  156,230,157,-1,157,230,158,-1,127,161,128,-1,128,161,129,-1,129,161,130,-1,130,161,131,-1,208,260,209,-1,209,260,210,-1,
  210,260,211,-1,211,260,212,-1,212,260,392,-1,392,260,393,-1,393,260,394,-1,394,260,395,-1,395,260,396,-1,396,260,8,-1,
  8,260,9,-1,9,260,10,-1,10,260,11,-1,11,260,12,-1,12,260,13,-1,64,198,65,-1,65,198,66,-1,66,198,67,-1,
  67,198,68,-1,68,198,69,-1,69,198,70,-1,70,198,71,-1,392,391,212,-1,212,391,213,-1,213,391,214,-1,214,391,215,-1,
  215,391,198,-1,401,400,456,-1,456,400,457,-1,457,400,458,-1,458,400,459,-1,459,400,442,-1,442,400,433,-1,433,400,399,-1,
  433,399,434,-1,434,399,435,-1,435,399,436,-1,436,399,437,-1,437,399,438,-1,438,399,439,-1,439,399,440,-1,440,399,441,-1,
  441,399,8,-1,8,399,398,-1,425,424,423,-1,423,424,406,-1,406,424,407,-1,371,370,424,-1,371,424,372,-1,372,424,441,-1,
  372,441,373,-1,373,441,374,-1,374,441,375,-1,375,441,376,-1,376,441,377,-1,377,441,378,-1,378,441,8,-1,396,8,397,-1,
  397,8,398,-1,18,36,19,-1,19,36,20,-1,20,36,21,-1,21,36,22,-1,22,36,23,-1,23,36,24,-1,24,36,25,-1,
  25,36,26,-1,15,14,292,-1,292,14,293,-1,293,14,294,-1,294,14,295,-1,295,14,13,-1,311,310,260,-1,311,260,312,-1,
  312,260,259,-1,312,259,313,-1,313,259,314,-1,298,315,252,-1,253,315,254,-1,254,315,255,-1,255,315,256,-1,256,315,257,-1,
  257,315,258,-1,258,315,314,-1,453,452,405,-1,405,452,388,-1,388,452,451,-1,403,402,455,-1,403,455,404,-1,404,455,454,-1,
  404,454,405,-1,405,454,453,-1,401,456,402,-1,402,456,455,-1,420,419,429,-1,429,419,430,-1,430,419,418,-1,427,426,422,-1,
  427,422,428,-1,428,422,421,-1,428,421,429,-1,429,421,420,-1,425,423,426,-1,426,423,422,-1,472,492,479,-1,472,479,473,-1,
  473,479,478,-1,473,478,474,-1,474,478,477,-1,474,477,475,-1,475,477,476,-1,490,489,480,-1,490,480,491,-1,491,480,479,-1,
  491,479,492,-1,487,486,482,-1,487,482,488,-1,488,482,481,-1,488,481,489,-1,489,481,480,-1,460,483,484,-1,484,483,485,-1,
  485,483,486,-1,486,483,482,-1,494,493,471,-1,471,493,472,-1,472,493,492,-1,469,497,496,-1,469,496,470,-1,470,496,495,-1,
  470,495,471,-1,471,495,494,-1,499,498,468,-1,468,498,469,-1,469,498,497,-1,460,484,467,-1,467,484,468,-1,468,484,499,-1,
  465,463,462,-1,465,462,466,-1,466,462,461,-1,466,461,467,-1,467,461,460,-1,512,532,519,-1,512,519,513,-1,513,519,518,-1,
  513,518,514,-1,514,518,517,-1,514,517,515,-1,515,517,516,-1,530,529,520,-1,530,520,531,-1,531,520,519,-1,531,519,532,-1,
  527,526,522,-1,527,522,528,-1,528,522,521,-1,528,521,529,-1,529,521,520,-1,500,523,524,-1,524,523,525,-1,525,523,526,-1,
  526,523,522,-1,534,533,511,-1,511,533,512,-1,512,533,532,-1,509,537,536,-1,509,536,510,-1,510,536,535,-1,510,535,511,-1,
  511,535,534,-1,539,538,508,-1,508,538,509,-1,509,538,537,-1,500,524,507,-1,507,524,508,-1,508,524,539,-1,505,503,502,-1,
  505,502,506,-1,506,502,501,-1,506,501,507,-1,507,501,500,-1,552,572,559,-1,552,559,553,-1,553,559,558,-1,553,558,554,-1,
  554,558,557,-1,554,557,555,-1,555,557,556,-1,570,569,560,-1,570,560,571,-1,571,560,559,-1,571,559,572,-1,567,566,562,-1,
  567,562,568,-1,568,562,561,-1,568,561,569,-1,569,561,560,-1,540,563,564,-1,564,563,565,-1,565,563,566,-1,566,563,562,-1,
  574,573,551,-1,551,573,552,-1,552,573,572,-1,549,577,576,-1,549,576,550,-1,550,576,575,-1,550,575,551,-1,551,575,574,-1,
  579,578,548,-1,548,578,549,-1,549,578,577,-1,540,564,547,-1,547,564,548,-1,548,564,579,-1,545,543,542,-1,545,542,546,-1,
  546,542,541,-1,546,541,547,-1,547,541,540,-1,592,612,599,-1,592,599,593,-1,593,599,598,-1,593,598,594,-1,594,598,597,-1,
  594,597,595,-1,595,597,596,-1,610,609,600,-1,610,600,611,-1,611,600,599,-1,611,599,612,-1,607,606,602,-1,607,602,608,-1,
  608,602,601,-1,608,601,609,-1,609,601,600,-1,580,603,604,-1,604,603,605,-1,605,603,606,-1,606,603,602,-1,614,613,591,-1,
  591,613,592,-1,592,613,612,-1,589,617,616,-1,589,616,590,-1,590,616,615,-1,590,615,591,-1,591,615,614,-1,619,618,588,-1,
  588,618,589,-1,589,618,617,-1,580,604,587,-1,587,604,588,-1,588,604,619,-1,585,583,582,-1,585,582,586,-1,586,582,581,-1,
  586,581,587,-1,587,581,580,-1,632,652,639,-1,632,639,633,-1,633,639,638,-1,633,638,634,-1,634,638,637,-1,634,637,635,-1,
  635,637,636,-1,650,649,640,-1,650,640,651,-1,651,640,639,-1,651,639,652,-1,647,646,642,-1,647,642,648,-1,648,642,641,-1,
  648,641,649,-1,649,641,640,-1,620,643,644,-1,644,643,645,-1,645,643,646,-1,646,643,642,-1,654,653,631,-1,631,653,632,-1,
  632,653,652,-1,629,657,656,-1,629,656,630,-1,630,656,655,-1,630,655,631,-1,631,655,654,-1,659,658,628,-1,628,658,629,-1,
  629,658,657,-1,620,644,627,-1,627,644,628,-1,628,644,659,-1,625,623,622,-1,625,622,626,-1,626,622,621,-1,626,621,627,-1,
  627,621,620,-1,672,692,679,-1,672,679,673,-1,673,679,678,-1,673,678,674,-1,674,678,677,-1,674,677,675,-1,675,677,676,-1,
  690,689,680,-1,690,680,691,-1,691,680,679,-1,691,679,692,-1,687,686,682,-1,687,682,688,-1,688,682,681,-1,688,681,689,-1,
  689,681,680,-1,660,683,684,-1,684,683,685,-1,685,683,686,-1,686,683,682,-1,694,693,671,-1,671,693,672,-1,672,693,692,-1,
  669,697,696,-1,669,696,670,-1,670,696,695,-1,670,695,671,-1,671,695,694,-1,699,698,668,-1,668,698,669,-1,669,698,697,-1,
  660,684,667,-1,667,684,668,-1,668,684,699,-1,665,663,662,-1,665,662,666,-1,666,662,661,-1,666,661,667,-1,667,661,660,-1,
  663,665,664,-1,623,625,624,-1,583,585,584,-1,543,545,544,-1,503,505,504,-1,463,465,464,-1,314,259,258,-1,333,225,316,-1,
  284,28,27,-1,370,58,57,-1,194,137,136,-1]
  normalPerVertex TRUE
  normal DEF NORM_376 Normal { vector [
  0 0 -1,0 0 -1,
  0 0 -1,0 0 -1,
  0 0 -1,0 0 -1,
  0 0 -1,0 0 -1,
  0 0 -1,0 0 -1,
  0 0 -1,0 0 -1,
  0 0 -1,0 0 -1,
  0 0 -1,0 0 -1,
  0 0 -1,0 0 -1,
  0 0 -1,0 0 -1,
  0 0 -1,0 0 -1,
  0 0 -1,0 0 -1,
  0 0 -1,0 0 -1,
  0 0 -1,0 0 -1,
  0 0 -1,0 0 -1,
  0 0 -1,0 0 -1,
  0 0 -1,0 0 -1,
  0 0 -1,0 0 -1,
  0 0 -1,0 0 -1,
  0 0 -1,0 0 -1,
  0 0 -1,0 0 -1,
  0 0 -1,0 0 -1,
  0 0 -1,0 0 -1,
  0 0 -1,0 0 -1,
  0 0 -1,0 0 -1,
  0 0 -1,0 0 -1,
  0 0 -1,0 0 -1,
  0 0 -1,0 0 -1,
  0 0 -1,0 0 -1,
  0 0 -1,0 0 -1,
  0 0 -1,0 0 -1,
  0 0 -1,0 0 -1,
  0 0 -1,0 0 -1,
  0 0 -1,0 0 -1,
  0 0 -1,0 0 -1,
  0 0 -1,0 0 -1,
  0 0 -1,0 0 -1,
  0 0 -1,0 0 -1,
  0 0 -1,0 0 -1,
  0 0 -1,0 0 -1,
  0 0 -1,0 0 -1,
  0 0 -1,0 0 -1,
  0 0 -1,0 0 -1,
  0 0 -1,0 0 -1,
  0 0 -1,0 0 -1,
  0 0 -1,0 0 -1,
  0 0 -1,0 0 -1,
  0 0 -1,0 0 -1,
  0 0 -1,0 0 -1,
  0 0 -1,0 0 -1,
  0 0 -1,0 0 -1,
  0 0 -1,0 0 -1,
  0 0 -1,0 0 -1,
  0 0 -1,0 0 -1,
  0 0 -1,0 0 -1,
  0 0 -1,0 0 -1,
  0 0 -1,0 0 -1,
  0 0 -1,0 0 -1,
  0 0 -1,0 0 -1,
  0 0 -1,0 0 -1,
  0 0 -1,0 0 -1,
  0 0 -1,0 0 -1,
  0 0 -1,0 0 -1,
  0 0 -1,0 0 -1,
  0 0 -1,0 0 -1,
  0 0 -1,0 0 -1,
  0 0 -1,0 0 -1,
  0 0 -1,0 0 -1,
  0 0 -1,0 0 -1,
  0 0 -1,0 0 -1,
  0 0 -1,0 0 -1,
  0 0 -1,0 0 -1,
  0 0 -1,0 0 -1,
  0 0 -1,0 0 -1,
  0 0 -1,0 0 -1,
  0 0 -1,0 0 -1,
  0 0 -1,0 0 -1,
  0 0 -1,0 0 -1,
  0 0 -1,0 0 -1,
  0 0 -1,0 0 -1,
  0 0 -1,0 0 -1,
  0 0 -1,0 0 -1,
  0 0 -1,0 0 -1,
  0 0 -1,0 0 -1,
  0 0 -1,0 0 -1,
  0 0 -1,0 0 -1,
  0 0 -1,0 0 -1,
  0 0 -1,0 0 -1,
  0 0 -1,0 0 -1,
  0 0 -1,0 0 -1,
  0 0 -1,0 0 -1,
  0 0 -1,0 0 -1,
  0 0 -1,0 0 -1,
  0 0 -1,0 0 -1,
  0 0 -1,0 0 -1,
  0 0 -1,0 0 -1,
  0 0 -1,0 0 -1,
  0 0 -1,0 0 -1,
  0 0 -1,0 0 -1,
  0 0 -1,0 0 -1,
  0 0 -1,0 0 -1,
  0 0 -1,0 0 -1,
  0 0 -1,0 0 -1,
  0 0 -1,0 0 -1,
  0 0 -1,0 0 -1,
  0 0 -1,0 0 -1,
  0 0 -1,0 0 -1,
  0 0 -1,0 0 -1,
  0 0 -1,0 0 -1,
  0 0 -1,0 0 -1,
  0 0 -1,0 0 -1,
  0 0 -1,0 0 -1,
  0 0 -1,0 0 -1,
  0 0 -1,0 0 -1,
  0 0 -1,0 0 -1,
  0 0 -1,0 0 -1,
  0 0 -1,0 0 -1,
  0 0 -1,0 0 -1,
  0 0 -1,0 0 -1,
  0 0 -1,0 0 -1,
  0 0 -1,0 0 -1,
  0 0 -1,0 0 -1,
  0 0 -1,0 0 -1,
  0 0 -1,0 0 -1,
  0 0 -1,0 0 -1,
  0 0 -1,0 0 -1,
  0 0 -1,0 0 -1,
  0 0 -1,0 0 -1,
  0 0 -1,0 0 -1,
  0 0 -1,0 0 -1,
  0 0 -1,0 0 -1,
  0 0 -1,0 0 -1,
  0 0 -1,0 0 -1,
  0 0 -1,0 0 -1,
  0 0 -1,0 0 -1,
  0 0 -1,0 0 -1,
  0 0 -1,0 0 -1,
  0 0 -1,0 0 -1,
  0 0 -1,0 0 -1,
  0 0 -1,0 0 -1,
  0 0 -1,0 0 -1,
  0 0 -1,0 0 -1,
  0 0 -1,0 0 -1,
  0 0 -1,0 0 -1,
  0 0 -1,0 0 -1,
  0 0 -1,0 0 -1,
  0 0 -1,0 0 -1,
  0 0 -1,0 0 -1,
  0 0 -1,0 0 -1,
  0 0 -1,0 0 -1,
  0 0 -1,0 0 -1,
  0 0 -1,0 0 -1,
  0 0 -1,0 0 -1,
  0 0 -1,0 0 -1,
  0 0 -1,0 0 -1,
  0 0 -1,0 0 -1,
  0 0 -1,0 0 -1,
  0 0 -1,0 0 -1,
  0 0 -1,0 0 -1,
  0 0 -1,0 0 -1,
  0 0 -1,0 0 -1,
  0 0 -1,0 0 -1,
  0 0 -1,0 0 -1,
  0 0 -1,0 0 -1,
  0 0 -1,0 0 -1,
  0 0 -1,0 0 -1,
  0 0 -1,0 0 -1,
  0 0 -1,0 0 -1,
  0 0 -1,0 0 -1,
  0 0 -1,0 0 -1,
  0 0 -1,0 0 -1,
  0 0 -1,0 0 -1,
  0 0 -1,0 0 -1,
  0 0 -1,0 0 -1,
  0 0 -1,0 0 -1,
  0 0 -1,0 0 -1,
  0 0 -1,0 0 -1,
  0 0 -1,0 0 -1,
  0 0 -1,0 0 -1,
  0 0 -1,0 0 -1,
  0 0 -1,0 0 -1,
  0 0 -1,0 0 -1,
  0 0 -1,0 0 -1,
  0 0 -1,0 0 -1,
  0 0 -1,0 0 -1,
  0 0 -1,0 0 -1,
  0 0 -1,0 0 -1,
  0 0 -1,0 0 -1,
  0 0 -1,0 0 -1,
  0 0 -1,0 0 -1,
  0 0 -1,0 0 -1,
  0 0 -1,0 0 -1,
  0 0 -1,0 0 -1,
  0 0 -1,0 0 -1,
  0 0 -1,0 0 -1,
  0 0 -1,0 0 -1,
  0 0 -1,0 0 -1,
  0 0 -1,0 0 -1,
  0 0 -1,0 0 -1,
  0 0 -1,0 0 -1,
  0 0 -1,0 0 -1,
  0 0 -1,0 0 -1,
  0 0 -1,0 0 -1,
  0 0 -1,0 0 -1,
  0 0 -1,0 0 -1,
  0 0 -1,0 0 -1,
  0 0 -1,0 0 -1,
  0 0 -1,0 0 -1,
  0 0 -1,0 0 -1,
  0 0 -1,0 0 -1,
  0 0 -1,0 0 -1,
  0 0 -1,0 0 -1,
  0 0 -1,0 0 -1,
  0 0 -1,0 0 -1,
  0 0 -1,0 0 -1,
  0 0 -1,0 0 -1,
  0 0 -1,0 0 -1,
  0 0 -1,0 0 -1,
  0 0 -1,0 0 -1,
  0 0 -1,0 0 -1,
  0 0 -1,0 0 -1,
  0 0 -1,0 0 -1,
  0 0 -1,0 0 -1,
  0 0 -1,0 0 -1,
  0 0 -1,0 0 -1,
  0 0 -1,0 0 -1,
  0 0 -1,0 0 -1,
  0 0 -1,0 0 -1,
  0 0 -1,0 0 -1,
  0 0 -1,0 0 -1,
  0 0 -1,0 0 -1,
  0 0 -1,0 0 -1,
  0 0 -1,0 0 -1,
  0 0 -1,0 0 -1,
  0 0 -1,0 0 -1,
  0 0 -1,0 0 -1,
  0 0 -1,0 0 -1,
  0 0 -1,0 0 -1,
  0 0 -1,0 0 -1,
  0 0 -1,0 0 -1,
  0 0 -1,0 0 -1,
  0 0 -1,0 0 -1,
  0 0 -1,0 0 -1,
  0 0 -1,0 0 -1,
  0 0 -1,0 0 -1,
  0 0 -1,0 0 -1,
  0 0 -1,0 0 -1,
  0 0 -1,0 0 -1,
  0 0 -1,0 0 -1,
  0 0 -1,0 0 -1,
  0 0 -1,0 0 -1,
  0 0 -1,0 0 -1,
  0 0 -1,0 0 -1,
  0 0 -1,0 0 -1,
  0 0 -1,0 0 -1,
  0 0 -1,0 0 -1,
  0 0 -1,0 0 -1,
  0 0 -1,0 0 -1,
  0 0 -1,0 0 -1,
  0 0 -1,0 0 -1,
  0 0 -1,0 0 -1,
  0 0 -1,0 0 -1,
  0 0 -1,0 0 -1,
  0 0 -1,0 0 -1,
  0 0 -1,0 0 -1,
  0 0 -1,0 0 -1,
  0 0 -1,0 0 -1,
  0 0 -1,0 0 -1,
  0 0 -1,0 0 -1,
  0 0 -1,0 0 -1,
  0 0 -1,0 0 -1,
  0 0 -1,0 0 -1,
  0 0 -1,0 0 -1,
  0 0 -1,0 0 -1,
  0 0 -1,0 0 -1,
  0 0 -1,0 0 -1,
  0 0 -1,0 0 -1,
  0 0 -1,0 0 -1,
  0 0 -1,0 0 -1,
  0 0 -1,0 0 -1,
  0 0 -1,0 0 -1,
  0 0 -1,0 0 -1,
  0 0 -1,0 0 -1,
  0 0 -1,0 0 -1,
  0 0 -1,0 0 -1,
  0 0 -1,0 0 -1,
  0 0 -1,0 0 -1,
  0 0 -1,0 0 -1,
  0 0 -1,0 0 -1,
  0 0 -1,0 0 -1,
  0 0 -1,0 0 -1,
  0 0 -1,0 0 -1,
  0 0 -1,0 0 -1,
  0 0 -1,0 0 -1,
  0 0 -1,0 0 -1,
  0 0 -1,0 0 -1,
  0 0 -1,0 0 -1,
  0 0 -1,0 0 -1,
  0 0 -1,0 0 -1,
  0 0 -1,0 0 -1,
  0 0 -1,0 0 -1,
  0 0 -1,0 0 -1,
  0 0 -1,0 0 -1,
  0 0 -1,0 0 -1,
  0 0 -1,0 0 -1,
  0 0 -1,0 0 -1,
  0 0 -1,0 0 -1,
  0 0 -1,0 0 -1,
  0 0 -1,0 0 -1,
  0 0 -1,0 0 -1,
  0 0 -1,0 0 -1,
  0 0 -1,0 0 -1,
  0 0 -1,0 0 -1,
  0 0 -1,0 0 -1,
  0 0 -1,0 0 -1,
  0 0 -1,0 0 -1,
  0 0 -1,0 0 -1,
  0 0 -1,0 0 -1,
  0 0 -1,0 0 -1,
  0 0 -1,0 0 -1,
  0 0 -1,0 0 -1,
  0 0 -1,0 0 -1,
  0 0 -1,0 0 -1,
  0 0 -1,0 0 -1,
  0 0 -1,0 0 -1,
  0 0 -1,0 0 -1,
  0 0 -1,0 0 -1,
  0 0 -1,0 0 -1,
  0 0 -1,0 0 -1,
  0 0 -1,0 0 -1,
  0 0 -1,0 0 -1,
  0 0 -1,0 0 -1,
  0 0 -1,0 0 -1,
  0 0 -1,0 0 -1,
  0 0 -1,0 0 -1,
  0 0 -1,0 0 -1,
  0 0 -1,0 0 -1,
  0 0 -1,0 0 -1,
  0 0 -1,0 0 -1,
  0 0 -1,0 0 -1,
  0 0 -1,0 0 -1,
  0 0 -1,0 0 -1,
  0 0 -1,0 0 -1,
  0 0 -1,0 0 -1,
  0 0 -1,0 0 -1,
  0 0 -1,0 0 -1,
  0 0 -1,0 0 -1,
  0 0 -1,0 0 -1,
  0 0 -1,0 0 -1,
  0 0 -1,0 0 -1] }
}
}
] }
DEF TXFM_36 Transform {
  center 0 0 0
  rotation 0 0 1 0
  scale 1 1 1
  scaleOrientation 0 0 1 0
  translation 0 0 0
 children [
DEF SHAPE_377 Shape {
 appearance DEF APP_22 Appearance {
  material Material {
   ambientIntensity 1
   diffuseColor 0.078431375 0.2 0.14117648
   emissiveColor 0 0 0
   shininess 0.30000001
   specularColor 0.35490197 0.44 0.39882353
   transparency 0.17
} }
 geometry DEF FACE_377 IndexedFaceSet {
  coord DEF COORD_377 Coordinate { point [
  1.3618292 0.27610355 -0.31988189,1.372084 0.29386541 -0.31988189,
  1.3877953 0.30704874 -0.31988189,1.407068 0.31406345 -0.31988189,
  1.4275776 0.31406345 -0.31988189,1.4468504 0.30704874 -0.31988189,
  1.4625617 0.29386541 -0.31988189,1.4728165 0.27610355 -0.31988189,
  1.476378 0.25590551 -0.31988189,1.4728165 0.23570747 -0.31988189,
  1.4625617 0.21794561 -0.31988189,1.4468504 0.20476228 -0.31988189,
  1.4275776 0.19774757 -0.31988189,1.407068 0.19774757 -0.31988189,
  1.3877953 0.20476228 -0.31988189,1.372084 0.21794561 -0.31988189,
  1.3618292 0.23570747 -0.31988189,1.3582677 0.25590551 -0.31988189,
  0.37401575 3.5629921 -0.31988189,0.37045429 3.5427941 -0.31988189,
  0.36019947 3.5250322 -0.31988189,0.34448819 3.5118489 -0.31988189,
  0.32521544 3.5048342 -0.31988189,0.30470582 3.5048342 -0.31988189,
  0.28543307 3.5118489 -0.31988189,0.26972178 3.5250322 -0.31988189,
  0.25946697 3.5427941 -0.31988189,0.25590551 3.5629921 -0.31988189,
  0.25946697 3.5831902 -0.31988189,0.26972178 3.600952 -0.31988189,
  0.28543307 3.6141354 -0.31988189,0.30470582 3.6211501 -0.31988189,
  0.32521544 3.6211501 -0.31988189,0.34448819 3.6141354 -0.31988189,
  0.36019947 3.600952 -0.31988189,0.37045429 3.5831902 -0.31988189,
  1.0826772 2.1456693 -0.31988189,1.0862386 2.1658673 -0.31988189,
  1.0964934 2.1836292 -0.31988189,1.1122047 2.1968125 -0.31988189,
  1.1314775 2.2038272 -0.31988189,1.1519871 2.2038272 -0.31988189,
  1.1712598 2.1968125 -0.31988189,1.1869711 2.1836292 -0.31988189,
  1.1972259 2.1658673 -0.31988189,1.2007874 2.1456693 -0.31988189,
  1.1972259 2.1254713 -0.31988189,1.1869711 2.1077094 -0.31988189,
  1.1712598 2.0945261 -0.31988189,1.1519871 2.0875114 -0.31988189,
  1.1314775 2.0875114 -0.31988189,1.1122047 2.0945261 -0.31988189,
  1.0964934 2.1077094 -0.31988189,1.0862386 2.1254713 -0.31988189,
  1.2401575 1.0826772 -0.31988189,1.2437189 1.1028752 -0.31988189,
  1.2539738 1.1206371 -0.31988189,1.269685 1.1338204 -0.31988189,
  1.2889578 1.1408351 -0.31988189,1.3094674 1.1408351 -0.31988189,
  1.3287402 1.1338204 -0.31988189,1.3444514 1.1206371 -0.31988189,
  1.3547063 1.1028752 -0.31988189,1.3582677 1.0826772 -0.31988189,
  1.3547063 1.0624791 -0.31988189,1.3444514 1.0447173 -0.31988189,
  1.3287402 1.0315339 -0.31988189,1.3094674 1.0245192 -0.31988189,
  1.2889578 1.0245192 -0.31988189,1.269685 1.0315339 -0.31988189,
  1.2539738 1.0447173 -0.31988189,1.2437189 1.0624791 -0.31988189,
  5.9438713 2.7011189 -0.31988189,5.9358913 2.6713366 -0.31988189,
  5.9204748 2.6446346 -0.31988189,5.8986724 2.6228323 -0.31988189,
  5.8719705 2.6074157 -0.31988189,5.8421882 2.5994358 -0.31988189,
  5.8113551 2.5994358 -0.31988189,5.7815728 2.6074157 -0.31988189,
  5.7548709 2.6228323 -0.31988189,5.7330685 2.6446346 -0.31988189,
  5.717652 2.6713366 -0.31988189,5.709672 2.7011189 -0.31988189,
  5.709672 2.731952 -0.31988189,5.717652 2.7617343 -0.31988189,
  5.7330685 2.7884362 -0.31988189,5.7548709 2.8102386 -0.31988189,
  5.7815728 2.8256551 -0.31988189,5.8113551 2.833635 -0.31988189,
  5.8421882 2.833635 -0.31988189,5.8719705 2.8256551 -0.31988189,
  5.8986724 2.8102386 -0.31988189,5.9204748 2.7884362 -0.31988189,
  5.9358913 2.7617343 -0.31988189,5.9438713 2.731952 -0.31988189,
  0.33464567 2.2244094 -0.31988189,0.33108421 2.2042114 -0.31988189,
  0.3208294 2.1864496 -0.31988189,0.30511811 2.1732662 -0.31988189,
  0.28584536 2.1662515 -0.31988189,0.26533574 2.1662515 -0.31988189,
  0.24606299 2.1732662 -0.31988189,0.23035171 2.1864496 -0.31988189,
  0.22009689 2.2042114 -0.31988189,0.21653543 2.2244094 -0.31988189,
  0.22009689 2.2446075 -0.31988189,0.23035171 2.2623693 -0.31988189,
  0.24606299 2.2755527 -0.31988189,0.26533574 2.2825674 -0.31988189,
  0.28584536 2.2825674 -0.31988189,0.30511811 2.2755527 -0.31988189,
  0.3208294 2.2623693 -0.31988189,0.33108421 2.2446075 -0.31988189,
  0.19283661 0.61528976 -0.31988189,0.16305433 0.60730984 -0.31988189,
  0.13222126 0.60730984 -0.31988189,0.10243898 0.61528976 -0.31988189,
  0.075737008 0.6307063 -0.31988189,0.053934646 0.65250866 -0.31988189,
  0.03851811 0.67921063 -0.31988189,0.030538189 0.70899291 -0.31988189,
  0.030538189 0.73982598 -0.31988189,0.03851811 0.76960827 -0.31988189,
  0.053934646 0.79631024 -0.31988189,0.075737008 0.8181126 -0.31988189,
  0.10243898 0.83352913 -0.31988189,0.13222126 0.84150906 -0.31988189,
  0.16305433 0.84150906 -0.31988189,0.19283661 0.83352913 -0.31988189,
  0.21953858 0.8181126 -0.31988189,0.24134094 0.79631024 -0.31988189,
  0.25675748 0.76960827 -0.31988189,0.2647374 0.73982598 -0.31988189,
  0.2647374 0.70899291 -0.31988189,0.25675748 0.67921063 -0.31988189,
  0.24134094 0.65250866 -0.31988189,0.21953858 0.6307063 -0.31988189,
  0.21653543 0.25590551 -0.31988189,0.22009689 0.27610355 -0.31988189,
  0.23035171 0.29386541 -0.31988189,0.24606299 0.30704874 -0.31988189,
  0.26533574 0.31406345 -0.31988189,0.28584536 0.31406345 -0.31988189,
  0.30511811 0.30704874 -0.31988189,0.3208294 0.29386541 -0.31988189,
  0.33108421 0.27610355 -0.31988189,0.33464567 0.25590551 -0.31988189,
  0.33108421 0.23570747 -0.31988189,0.3208294 0.21794561 -0.31988189,
  0.30511811 0.20476228 -0.31988189,0.28584536 0.19774757 -0.31988189,
  0.26533574 0.19774757 -0.31988189,0.24606299 0.20476228 -0.31988189,
  0.23035171 0.21794561 -0.31988189,0.22009689 0.23570747 -0.31988189,
  5.9438713 3.1735598 -0.31988189,5.9358913 3.1437776 -0.31988189,
  5.9204748 3.1170756 -0.31988189,5.8986724 3.0952732 -0.31988189,
  5.8719705 3.0798567 -0.31988189,5.8421882 3.0718768 -0.31988189,
  5.8113551 3.0718768 -0.31988189,5.7815728 3.0798567 -0.31988189,
  5.7548709 3.0952732 -0.31988189,5.7330685 3.1170756 -0.31988189,
  5.717652 3.1437776 -0.31988189,5.709672 3.1735598 -0.31988189,
  5.709672 3.2043929 -0.31988189,5.717652 3.2341752 -0.31988189,
  5.7330685 3.2608772 -0.31988189,5.7548709 3.2826795 -0.31988189,
  5.7815728 3.2980961 -0.31988189,5.8113551 3.306076 -0.31988189,
  5.8421882 3.306076 -0.31988189,5.8719705 3.2980961 -0.31988189,
  5.8986724 3.2826795 -0.31988189,5.9204748 3.2608772 -0.31988189,
  5.9358913 3.2341752 -0.31988189,5.9438713 3.2043929 -0.31988189,
  5.9438713 3.6460008 -0.31988189,5.9358913 3.6162185 -0.31988189,
  5.9204748 3.5895165 -0.31988189,5.8986724 3.5677142 -0.31988189,
  5.8719705 3.5522976 -0.31988189,5.8421882 3.5443177 -0.31988189,
  5.8113551 3.5443177 -0.31988189,5.7815728 3.5522976 -0.31988189,
  5.7548709 3.5677142 -0.31988189,5.7330685 3.5895165 -0.31988189,
  5.717652 3.6162185 -0.31988189,5.709672 3.6460008 -0.31988189,
  5.709672 3.6768339 -0.31988189,5.717652 3.7066161 -0.31988189,
  5.7330685 3.7333181 -0.31988189,5.7548709 3.7551205 -0.31988189,
  5.7815728 3.770537 -0.31988189,5.8113551 3.7785169 -0.31988189,
  5.8421882 3.7785169 -0.31988189,5.8719705 3.770537 -0.31988189,
  5.8986724 3.7551205 -0.31988189,5.9204748 3.7333181 -0.31988189,
  5.9358913 3.7066161 -0.31988189,5.9438713 3.6768339 -0.31988189,
  3.011811 3.5629921 -0.31988189,3.0153725 3.5831902 -0.31988189,
  3.0256273 3.600952 -0.31988189,3.0413386 3.6141354 -0.31988189,
  3.0606113 3.6211501 -0.31988189,3.081121 3.6211501 -0.31988189,
  3.1003937 3.6141354 -0.31988189,3.116105 3.600952 -0.31988189,
  3.1263598 3.5831902 -0.31988189,3.1299213 3.5629921 -0.31988189,
  3.1263598 3.5427941 -0.31988189,3.116105 3.5250322 -0.31988189,
  3.1003937 3.5118489 -0.31988189,3.081121 3.5048342 -0.31988189,
  3.0606113 3.5048342 -0.31988189,3.0413386 3.5118489 -0.31988189,
  3.0256273 3.5250322 -0.31988189,3.0153725 3.5427941 -0.31988189,
  5.709672 2.228678 -0.31988189,5.709672 2.259511 -0.31988189,
  5.717652 2.2892933 -0.31988189,5.7330685 2.3159953 -0.31988189,
  5.7548709 2.3377976 -0.31988189,5.7815728 2.3532142 -0.31988189,
  5.8113551 2.3611941 -0.31988189,5.8421882 2.3611941 -0.31988189,
  5.8719705 2.3532142 -0.31988189,5.8986724 2.3377976 -0.31988189,
  5.9204748 2.3159953 -0.31988189,5.9358913 2.2892933 -0.31988189,
  5.9438713 2.259511 -0.31988189,5.9438713 2.228678 -0.31988189,
  5.9358913 2.1988957 -0.31988189,5.9204748 2.1721937 -0.31988189,
  5.8986724 2.1503913 -0.31988189,5.8719705 2.1349748 -0.31988189,
  5.8421882 2.1269949 -0.31988189,5.8113551 2.1269949 -0.31988189,
  5.7815728 2.1349748 -0.31988189,5.7548709 2.1503913 -0.31988189,
  5.7330685 2.1721937 -0.31988189,5.717652 2.1988957 -0.31988189,
  5.6496063 1.8700787 -0.31988189,5.6531678 1.8902768 -0.31988189,
  5.6634226 1.9080386 -0.31988189,5.6791339 1.921222 -0.31988189,
  5.6984066 1.9282367 -0.31988189,5.7189162 1.9282367 -0.31988189,
  5.738189 1.921222 -0.31988189,5.7539003 1.9080386 -0.31988189,
  5.7641551 1.8902768 -0.31988189,5.7677165 1.8700787 -0.31988189,
  5.7641551 1.8498807 -0.31988189,5.7539003 1.8321188 -0.31988189,
  5.738189 1.8189355 -0.31988189,5.7189162 1.8119208 -0.31988189,
  5.6984066 1.8119208 -0.31988189,5.6791339 1.8189355 -0.31988189,
  5.6634226 1.8321188 -0.31988189,5.6531678 1.8498807 -0.31988189,
  5.3772272 2.7378264 -0.31988189,5.3807886 2.7580244 -0.31988189,
  5.3910434 2.7757863 -0.31988189,5.4067547 2.7889696 -0.31988189,
  5.4260275 2.7959843 -0.31988189,5.4465371 2.7959843 -0.31988189,
  5.4658098 2.7889696 -0.31988189,5.4815211 2.7757863 -0.31988189,
  5.4917759 2.7580244 -0.31988189,5.4953374 2.7378264 -0.31988189,
  5.4917759 2.7176283 -0.31988189,5.4815211 2.6998665 -0.31988189,
  5.4658098 2.6866831 -0.31988189,5.4465371 2.6796684 -0.31988189,
  5.4260275 2.6796684 -0.31988189,5.4067547 2.6866831 -0.31988189,
  5.3910434 2.6998665 -0.31988189,5.3807886 2.7176283 -0.31988189,
  4.7440945 3.5629921 -0.31988189,4.7476559 3.5831902 -0.31988189,
  4.7579108 3.600952 -0.31988189,4.773622 3.6141354 -0.31988189,
  4.7928948 3.6211501 -0.31988189,4.8134044 3.6211501 -0.31988189,
  4.8326772 3.6141354 -0.31988189,4.8483885 3.600952 -0.31988189,
  4.8586433 3.5831902 -0.31988189,4.8622047 3.5629921 -0.31988189,
  4.8586433 3.5427941 -0.31988189,4.8483885 3.5250322 -0.31988189,
  4.8326772 3.5118489 -0.31988189,4.8134044 3.5048342 -0.31988189,
  4.7928948 3.5048342 -0.31988189,4.773622 3.5118489 -0.31988189,
  4.7579108 3.5250322 -0.31988189,4.7476559 3.5427941 -0.31988189,
  4.3503937 1.476378 -0.31988189,4.3539552 1.496576 -0.31988189,
  4.36421 1.5143379 -0.31988189,4.3799213 1.5275212 -0.31988189,
  4.399194 1.5345359 -0.31988189,4.4197036 1.5345359 -0.31988189,
  4.4389764 1.5275212 -0.31988189,4.4546877 1.5143379 -0.31988189,
  4.4649425 1.496576 -0.31988189,4.4685039 1.476378 -0.31988189,
  4.4649425 1.4561799 -0.31988189,4.4546877 1.4384181 -0.31988189,
  4.4389764 1.4252347 -0.31988189,4.4197036 1.41822 -0.31988189,
  4.399194 1.41822 -0.31988189,4.3799213 1.4252347 -0.31988189,
  4.36421 1.4384181 -0.31988189,4.3539552 1.4561799 -0.31988189,
  3.5306961 2.1625665 -0.31988189,3.5271346 2.1423685 -0.31988189,
  3.5168798 2.1246066 -0.31988189,3.5011685 2.1114233 -0.31988189,
  3.4818958 2.1044086 -0.31988189,3.4613861 2.1044086 -0.31988189,
  3.4421134 2.1114233 -0.31988189,3.4264021 2.1246066 -0.31988189,
  3.4161473 2.1423685 -0.31988189,3.4125858 2.1625665 -0.31988189,
  3.4161473 2.1827646 -0.31988189,3.4264021 2.2005264 -0.31988189,
  3.4421134 2.2137098 -0.31988189,3.4613861 2.2207245 -0.31988189,
  3.4818958 2.2207245 -0.31988189,3.5011685 2.2137098 -0.31988189,
  3.5168798 2.2005264 -0.31988189,3.5271346 2.1827646 -0.31988189,
  3.8385827 0.61023622 -0.31988189,3.8421441 0.63043426 -0.31988189,
  3.852399 0.64819612 -0.31988189,3.8681102 0.66137945 -0.31988189,
  3.887383 0.66839416 -0.31988189,3.9078926 0.66839416 -0.31988189,
  3.9271654 0.66137945 -0.31988189,3.9428766 0.64819612 -0.31988189,
  3.9531315 0.63043426 -0.31988189,3.9566929 0.61023622 -0.31988189,
  3.9531315 0.59003818 -0.31988189,3.9428766 0.57227632 -0.31988189,
  3.9271654 0.55909299 -0.31988189,3.9078926 0.55207828 -0.31988189,
  3.887383 0.55207828 -0.31988189,3.8681102 0.55909299 -0.31988189,
  3.852399 0.57227632 -0.31988189,3.8421441 0.59003818 -0.31988189,
  4.5866142 0.53149606 -0.31988189,4.5901756 0.5516941 -0.31988189,
  4.6004304 0.56945596 -0.31988189,4.6161417 0.5826393 -0.31988189,
  4.6354145 0.589654 -0.31988189,4.6559241 0.589654 -0.31988189,
  4.6751969 0.5826393 -0.31988189,4.6909081 0.56945596 -0.31988189,
  4.701163 0.5516941 -0.31988189,4.7047244 0.53149606 -0.31988189,
  4.701163 0.51129802 -0.31988189,4.6909081 0.49353616 -0.31988189,
  4.6751969 0.48035283 -0.31988189,4.6559241 0.47333812 -0.31988189,
  4.6354145 0.47333812 -0.31988189,4.6161417 0.48035283 -0.31988189,
  4.6004304 0.49353616 -0.31988189,4.5901756 0.51129802 -0.31988189,
  3.3173414 2.7961728 -0.31988189,3.2968318 2.7961728 -0.31988189,
  3.2775591 2.8031875 -0.31988189,3.2618478 2.8163708 -0.31988189,
  3.251593 2.8341327 -0.31988189,3.2480315 2.8543307 -0.31988189,
  3.251593 2.8745287 -0.31988189,3.2618478 2.8922906 -0.31988189,
  3.2775591 2.9054739 -0.31988189,3.2968318 2.9124886 -0.31988189,
  3.3173414 2.9124886 -0.31988189,3.3366142 2.9054739 -0.31988189,
  3.3523255 2.8922906 -0.31988189,3.3625803 2.8745287 -0.31988189,
  3.3661417 2.8543307 -0.31988189,3.3625803 2.8341327 -0.31988189,
  3.3523255 2.8163708 -0.31988189,3.3366142 2.8031875 -0.31988189,
  3.3267717 0.25590551 -0.31988189,3.3303331 0.27610355 -0.31988189,
  3.3405879 0.29386541 -0.31988189,3.3562992 0.30704874 -0.31988189,
  3.375572 0.31406345 -0.31988189,3.3960816 0.31406345 -0.31988189,
  3.4153543 0.30704874 -0.31988189,3.4310656 0.29386541 -0.31988189,
  3.4413204 0.27610355 -0.31988189,3.4448819 0.25590551 -0.31988189,
  3.4413204 0.23570747 -0.31988189,3.4310656 0.21794561 -0.31988189,
  3.4153543 0.20476228 -0.31988189,3.3960816 0.19774757 -0.31988189,
  3.375572 0.19774757 -0.31988189,3.3562992 0.20476228 -0.31988189,
  3.3405879 0.21794561 -0.31988189,3.3303331 0.23570747 -0.31988189,
  5.0590551 0.25590551 -0.31988189,5.0626166 0.27610355 -0.31988189,
  5.0728714 0.29386541 -0.31988189,5.0885827 0.30704874 -0.31988189,
  5.1078554 0.31406345 -0.31988189,5.128365 0.31406345 -0.31988189,
  5.1476378 0.30704874 -0.31988189,5.1633491 0.29386541 -0.31988189,
  5.1736039 0.27610355 -0.31988189,5.1771654 0.25590551 -0.31988189,
  5.1736039 0.23570747 -0.31988189,5.1633491 0.21794561 -0.31988189,
  5.1476378 0.20476228 -0.31988189,5.128365 0.19774757 -0.31988189,
  5.1078554 0.19774757 -0.31988189,5.0885827 0.20476228 -0.31988189,
  5.0728714 0.21794561 -0.31988189,5.0626166 0.23570747 -0.31988189,
  5.6496063 0.53149606 -0.31988189,5.6531678 0.5516941 -0.31988189,
  5.6634226 0.56945596 -0.31988189,5.6791339 0.5826393 -0.31988189,
  5.6984066 0.589654 -0.31988189,5.7189162 0.589654 -0.31988189,
  5.738189 0.5826393 -0.31988189,5.7539003 0.56945596 -0.31988189,
  5.7641551 0.5516941 -0.31988189,5.7677165 0.53149606 -0.31988189,
  5.7641551 0.51129802 -0.31988189,5.7539003 0.49353616 -0.31988189,
  5.738189 0.48035283 -0.31988189,5.7189162 0.47333812 -0.31988189,
  5.6984066 0.47333812 -0.31988189,5.6791339 0.48035283 -0.31988189,
  5.6634226 0.49353616 -0.31988189,5.6531678 0.51129802 -0.31988189,
  5.984252 0 -0.31988189,5.984252 3.8582677 -0.31988189,
  0 3.8582677 -0.31988189,0 3.6768339 -0.31988189,
  0 3.2043929 -0.31988189,0 2.731952 -0.31988189,
  0 2.259511 -0.31988189,0 1.1335268 -0.31988189,
  0 0.73982598 -0.31988189,0 0 -0.31988189,
  0.19283661 1.2272299 -0.31988189,0.21953858 1.2118134 -0.31988189,
  0.24134094 1.190011 -0.31988189,0.25675748 1.1633091 -0.31988189,
  0.2647374 1.1335268 -0.31988189,0.2647374 1.1026937 -0.31988189,
  0.25675748 1.0729114 -0.31988189,0.24134094 1.0462094 -0.31988189,
  0.21953858 1.0244071 -0.31988189,0.19283661 1.0089906 -0.31988189,
  0.16305433 1.0010106 -0.31988189,0.13222126 1.0010106 -0.31988189,
  0.10243898 1.0089906 -0.31988189,0.075737008 1.0244071 -0.31988189,
  0.053934646 1.0462094 -0.31988189,0.03851811 1.0729114 -0.31988189,
  0.030538189 1.1026937 -0.31988189,0.030538189 1.1335268 -0.31988189,
  0.03851811 1.1633091 -0.31988189,0.053934646 1.190011 -0.31988189,
  0.075737008 1.2118134 -0.31988189,0.10243898 1.2272299 -0.31988189,
  0.13222126 1.2352098 -0.31988189,0.16305433 1.2352098 -0.31988189,
  1.7125984 3.5629921 -0.31988189,1.709037 3.5427941 -0.31988189,
  1.6987822 3.5250322 -0.31988189,1.6830709 3.5118489 -0.31988189,
  1.6637981 3.5048342 -0.31988189,1.6432885 3.5048342 -0.31988189,
  1.6240157 3.5118489 -0.31988189,1.6083045 3.5250322 -0.31988189,
  1.5980496 3.5427941 -0.31988189,1.5944882 3.5629921 -0.31988189,
  1.5980496 3.5831902 -0.31988189,1.6083045 3.600952 -0.31988189,
  1.6240157 3.6141354 -0.31988189,1.6432885 3.6211501 -0.31988189,
  1.6637981 3.6211501 -0.31988189,1.6830709 3.6141354 -0.31988189,
  1.6987822 3.600952 -0.31988189,1.709037 3.5831902 -0.31988189,
  2.7066929 0.30704874 -0.31988189,2.7224042 0.29386541 -0.31988189,
  2.732659 0.27610355 -0.31988189,2.7362205 0.25590551 -0.31988189,
  2.732659 0.23570747 -0.31988189,2.7224042 0.21794561 -0.31988189,
  2.7066929 0.20476228 -0.31988189,2.6874202 0.19774757 -0.31988189,
  2.6669105 0.19774757 -0.31988189,2.6476378 0.20476228 -0.31988189,
  2.6319265 0.21794561 -0.31988189,2.6216717 0.23570747 -0.31988189,
  2.6181102 0.25590551 -0.31988189,2.6216717 0.27610355 -0.31988189,
  2.6319265 0.29386541 -0.31988189,2.6476378 0.30704874 -0.31988189,
  2.6669105 0.31406345 -0.31988189,2.6874202 0.31406345 -0.31988189,
  2.0177165 2.6063371 -0.31988189,2.0020052 2.6195204 -0.31988189,
  1.9917504 2.6372823 -0.31988189,1.988189 2.6574803 -0.31988189,
  1.9917504 2.6776784 -0.31988189,2.0020052 2.6954402 -0.31988189,
  2.0177165 2.7086235 -0.31988189,2.0369893 2.7156383 -0.31988189,
  2.0574989 2.7156383 -0.31988189,2.0767717 2.7086235 -0.31988189,
  2.0924829 2.6954402 -0.31988189,2.1027378 2.6776784 -0.31988189,
  2.1062992 2.6574803 -0.31988189,2.1027378 2.6372823 -0.31988189,
  2.0924829 2.6195204 -0.31988189,2.0767717 2.6063371 -0.31988189,
  2.0574989 2.5993224 -0.31988189,2.0369893 2.5993224 -0.31988189,
  2.0275591 1.6732283 -0.31988189,2.0311205 1.6934264 -0.31988189,
  2.0413753 1.7111882 -0.31988189,2.0570866 1.7243716 -0.31988189,
  2.0763594 1.7313863 -0.31988189,2.096869 1.7313863 -0.31988189,
  2.1161417 1.7243716 -0.31988189,2.131853 1.7111882 -0.31988189,
  2.1421078 1.6934264 -0.31988189,2.1456693 1.6732283 -0.31988189,
  2.1421078 1.6530303 -0.31988189,2.131853 1.6352684 -0.31988189,
  2.1161417 1.6220851 -0.31988189,2.096869 1.6150704 -0.31988189,
  2.0763594 1.6150704 -0.31988189,2.0570866 1.6220851 -0.31988189,
  2.0413753 1.6352684 -0.31988189,2.0311205 1.6530303 -0.31988189,
  2.5787402 1.0433071 -0.31988189,2.5823016 1.0635051 -0.31988189,
  2.5925564 1.081267 -0.31988189,2.6082677 1.0944503 -0.31988189,
  2.6275405 1.101465 -0.31988189,2.6480501 1.101465 -0.31988189,
  2.6673228 1.0944503 -0.31988189,2.6830341 1.081267 -0.31988189,
  2.6932889 1.0635051 -0.31988189,2.6968504 1.0433071 -0.31988189,
  2.6932889 1.023109 -0.31988189,2.6830341 1.0053472 -0.31988189,
  2.6673228 0.99216385 -0.31988189,2.6480501 0.98514915 -0.31988189,
  2.6275405 0.98514915 -0.31988189,2.6082677 0.99216385 -0.31988189,
  2.5925564 1.0053472 -0.31988189,2.5823016 1.023109 -0.31988189] }
 coordIndex [
  0,17,63,-1,63,17,64,-1,64,17,65,-1,65,17,66,-1,66,17,67,-1,67,17,68,-1,68,17,69,-1,69,17,70,-1,
  70,17,71,-1,71,17,54,-1,54,17,53,-1,53,17,36,-1,36,17,18,-1,18,17,16,-1,121,446,471,-1,121,471,122,-1,
  122,471,470,-1,122,470,123,-1,123,470,469,-1,123,469,124,-1,124,469,468,-1,124,468,125,-1,125,468,467,-1,125,467,126,-1,
  126,467,466,-1,126,466,127,-1,127,466,465,-1,127,465,128,-1,128,465,464,-1,128,464,129,-1,129,464,463,-1,129,463,130,-1,
  130,463,462,-1,130,462,131,-1,131,462,461,-1,131,461,132,-1,132,461,460,-1,132,460,133,-1,133,460,459,-1,133,459,142,-1,
  142,459,458,-1,142,458,101,-1,101,458,457,-1,101,457,102,-1,102,457,456,-1,102,456,103,-1,103,456,104,-1,21,20,16,-1,
  21,16,96,-1,96,16,147,-1,96,147,97,-1,97,147,146,-1,97,146,98,-1,98,146,145,-1,98,145,99,-1,99,145,144,-1,
  99,144,100,-1,100,144,143,-1,100,143,101,-1,101,143,142,-1,454,477,105,-1,454,105,455,-1,455,105,104,-1,455,104,456,-1,
  112,111,22,-1,112,22,113,-1,113,22,21,-1,113,21,96,-1,24,23,110,-1,110,23,111,-1,111,23,22,-1,26,25,109,-1,
  109,25,110,-1,110,25,24,-1,28,27,446,-1,446,27,471,-1,471,27,472,-1,472,27,473,-1,473,27,474,-1,474,27,475,-1,
  475,27,476,-1,476,27,477,-1,477,27,105,-1,105,27,106,-1,106,27,107,-1,107,27,108,-1,108,27,109,-1,109,27,26,-1,
  140,139,136,-1,140,136,141,-1,141,136,135,-1,141,135,142,-1,142,135,134,-1,142,134,133,-1,114,137,138,-1,138,137,139,-1,
  139,137,136,-1,400,399,444,-1,444,399,422,-1,422,399,350,-1,350,399,351,-1,351,399,352,-1,352,399,353,-1,353,399,323,-1,
  323,399,324,-1,324,399,398,-1,398,397,324,-1,324,397,325,-1,325,397,326,-1,326,397,396,-1,328,327,386,-1,386,327,394,-1,
  394,327,395,-1,395,327,396,-1,396,327,326,-1,242,241,444,-1,242,444,255,-1,255,444,435,-1,255,435,256,-1,256,435,434,-1,
  256,434,257,-1,257,434,433,-1,257,433,258,-1,258,433,432,-1,258,432,259,-1,259,432,431,-1,259,431,260,-1,260,431,430,-1,
  260,430,261,-1,261,430,429,-1,261,429,262,-1,262,429,428,-1,262,428,263,-1,263,428,427,-1,263,427,246,-1,246,427,426,-1,
  246,426,273,-1,273,426,274,-1,253,252,243,-1,253,243,254,-1,254,243,242,-1,254,242,255,-1,245,244,251,-1,251,244,252,-1,
  252,244,243,-1,249,248,192,-1,249,192,250,-1,250,192,222,-1,250,222,251,-1,251,222,245,-1,223,192,83,-1,223,83,224,-1,
  224,83,82,-1,224,82,225,-1,225,82,81,-1,225,81,226,-1,226,81,80,-1,226,80,227,-1,227,80,79,-1,227,79,228,-1,
  228,79,78,-1,228,78,229,-1,229,78,77,-1,229,77,230,-1,230,77,76,-1,230,76,231,-1,231,76,75,-1,231,75,232,-1,
  232,75,74,-1,232,74,233,-1,233,74,73,-1,233,73,234,-1,234,73,72,-1,234,72,444,-1,444,72,95,-1,444,95,156,-1,
  156,95,157,-1,157,95,94,-1,157,94,158,-1,158,94,93,-1,158,93,159,-1,159,93,92,-1,159,92,160,-1,160,92,91,-1,
  160,91,161,-1,161,91,90,-1,161,90,162,-1,162,90,89,-1,162,89,163,-1,163,89,88,-1,163,88,164,-1,164,88,87,-1,
  164,87,165,-1,165,87,86,-1,165,86,166,-1,166,86,85,-1,166,85,167,-1,167,85,84,-1,167,84,192,-1,192,84,83,-1,
  202,201,445,-1,202,445,203,-1,203,445,444,-1,203,444,180,-1,180,444,179,-1,180,179,181,-1,181,179,178,-1,181,178,182,-1,
  182,178,177,-1,182,177,183,-1,183,177,176,-1,183,176,184,-1,184,176,175,-1,184,175,185,-1,185,175,174,-1,185,174,186,-1,
  186,174,173,-1,186,173,187,-1,187,173,172,-1,187,172,188,-1,188,172,171,-1,188,171,189,-1,189,171,170,-1,189,170,190,-1,
  190,170,169,-1,190,169,191,-1,191,169,168,-1,191,168,192,-1,192,168,167,-1,446,445,31,-1,31,445,32,-1,32,445,33,-1,
  33,445,34,-1,34,445,35,-1,35,445,18,-1,18,445,491,-1,491,445,492,-1,492,445,493,-1,493,445,494,-1,494,445,495,-1,
  495,445,478,-1,478,445,208,-1,208,445,209,-1,209,445,210,-1,210,445,211,-1,211,445,212,-1,212,445,213,-1,213,445,286,-1,
  286,445,287,-1,287,445,288,-1,288,445,289,-1,289,445,290,-1,290,445,291,-1,291,445,196,-1,196,445,197,-1,197,445,198,-1,
  198,445,199,-1,199,445,200,-1,200,445,201,-1,193,192,270,-1,270,192,271,-1,271,192,272,-1,272,192,273,-1,273,192,246,-1,
  246,192,247,-1,247,192,248,-1,194,193,291,-1,291,193,265,-1,265,193,266,-1,266,193,267,-1,267,193,268,-1,268,193,269,-1,
  269,193,270,-1,265,264,291,-1,291,264,408,-1,408,264,409,-1,409,264,410,-1,410,264,411,-1,411,264,412,-1,412,264,413,-1,
  413,264,414,-1,414,264,415,-1,415,264,416,-1,416,264,417,-1,417,264,426,-1,426,264,281,-1,196,195,291,-1,291,195,194,-1,
  283,282,303,-1,303,282,304,-1,304,282,305,-1,305,282,306,-1,306,282,307,-1,307,282,308,-1,308,282,309,-1,309,282,354,-1,
  354,282,355,-1,355,282,356,-1,356,282,357,-1,357,282,358,-1,358,282,359,-1,359,282,360,-1,360,282,361,-1,361,282,362,-1,
  362,282,363,-1,363,282,408,-1,408,282,299,-1,284,283,318,-1,318,283,337,-1,337,283,338,-1,338,283,339,-1,339,283,340,-1,
  340,283,341,-1,341,283,342,-1,342,283,343,-1,343,283,344,-1,344,283,345,-1,345,283,301,-1,301,283,302,-1,302,283,303,-1,
  346,345,422,-1,422,345,423,-1,423,345,369,-1,369,345,370,-1,370,345,371,-1,371,345,317,-1,317,345,300,-1,300,345,301,-1,
  319,318,353,-1,353,318,336,-1,336,318,337,-1,285,284,386,-1,386,284,329,-1,329,284,330,-1,330,284,331,-1,331,284,332,-1,
  332,284,333,-1,333,284,334,-1,334,284,335,-1,335,284,318,-1,286,285,213,-1,213,285,380,-1,380,285,381,-1,381,285,382,-1,
  382,285,383,-1,383,285,384,-1,384,285,385,-1,385,285,386,-1,214,213,390,-1,390,213,377,-1,377,213,378,-1,378,213,379,-1,
  379,213,380,-1,205,204,541,-1,541,204,550,-1,550,204,551,-1,551,204,552,-1,552,204,553,-1,553,204,554,-1,554,204,555,-1,
  555,204,556,-1,556,204,557,-1,557,204,558,-1,558,204,559,-1,559,204,496,-1,496,204,497,-1,497,204,498,-1,498,204,499,-1,
  499,204,390,-1,390,204,221,-1,206,205,526,-1,526,205,538,-1,538,205,539,-1,539,205,540,-1,540,205,541,-1,207,206,478,-1,
  478,206,519,-1,519,206,520,-1,520,206,521,-1,521,206,522,-1,522,206,523,-1,523,206,524,-1,524,206,525,-1,525,206,526,-1,
  516,515,532,-1,516,532,517,-1,517,532,478,-1,517,478,518,-1,518,478,519,-1,488,487,45,-1,45,487,54,-1,54,487,55,-1,
  55,487,56,-1,56,487,57,-1,57,487,58,-1,58,487,59,-1,59,487,60,-1,60,487,61,-1,61,487,62,-1,62,487,63,-1,
  63,487,0,-1,0,487,1,-1,1,487,2,-1,2,487,3,-1,3,487,4,-1,4,487,5,-1,5,487,6,-1,6,487,7,-1,
  7,487,8,-1,8,487,486,-1,489,488,18,-1,18,488,37,-1,37,488,38,-1,38,488,39,-1,39,488,40,-1,40,488,41,-1,
  41,488,42,-1,42,488,43,-1,43,488,44,-1,44,488,45,-1,491,490,18,-1,18,490,489,-1,28,446,29,-1,29,446,30,-1,
  30,446,31,-1,234,444,235,-1,235,444,236,-1,236,444,237,-1,237,444,238,-1,238,444,239,-1,239,444,240,-1,240,444,241,-1,
  435,444,436,-1,436,444,437,-1,437,444,438,-1,438,444,439,-1,439,444,440,-1,440,444,441,-1,441,444,442,-1,442,444,417,-1,
  417,444,418,-1,418,444,419,-1,419,444,420,-1,420,444,421,-1,421,444,422,-1,274,426,275,-1,275,426,276,-1,276,426,277,-1,
  277,426,278,-1,278,426,279,-1,279,426,280,-1,280,426,281,-1,442,417,443,-1,443,417,426,-1,291,408,292,-1,292,408,293,-1,
  293,408,294,-1,294,408,295,-1,295,408,296,-1,296,408,297,-1,297,408,298,-1,298,408,299,-1,423,365,364,-1,423,364,424,-1,
  424,364,363,-1,424,363,425,-1,425,363,408,-1,365,423,366,-1,366,423,367,-1,367,423,368,-1,368,423,369,-1,309,354,310,-1,
  310,354,311,-1,311,354,312,-1,312,354,313,-1,313,354,371,-1,313,371,314,-1,314,371,315,-1,315,371,316,-1,316,371,317,-1,
  346,422,347,-1,347,422,348,-1,348,422,349,-1,349,422,350,-1,319,353,320,-1,320,353,321,-1,321,353,322,-1,322,353,323,-1,
  400,444,401,-1,401,444,402,-1,402,444,403,-1,403,444,404,-1,404,444,500,-1,500,444,501,-1,501,444,502,-1,502,444,503,-1,
  503,444,504,-1,504,444,8,-1,8,444,9,-1,9,444,10,-1,10,444,11,-1,11,444,12,-1,12,444,13,-1,13,444,148,-1,
  148,444,149,-1,149,444,150,-1,150,444,151,-1,151,444,152,-1,152,444,453,-1,391,390,389,-1,389,390,372,-1,372,390,373,-1,
  373,390,374,-1,374,390,375,-1,375,390,376,-1,376,390,377,-1,214,390,215,-1,215,390,216,-1,216,390,217,-1,217,390,218,-1,
  218,390,219,-1,219,390,220,-1,220,390,221,-1,500,499,404,-1,404,499,405,-1,405,499,406,-1,406,499,407,-1,407,499,390,-1,
  509,508,564,-1,564,508,565,-1,565,508,566,-1,566,508,567,-1,567,508,550,-1,550,508,541,-1,541,508,507,-1,541,507,542,-1,
  542,507,543,-1,543,507,544,-1,544,507,545,-1,545,507,546,-1,546,507,547,-1,547,507,548,-1,548,507,549,-1,549,507,8,-1,
  8,507,506,-1,533,532,531,-1,531,532,514,-1,514,532,515,-1,479,478,532,-1,479,532,480,-1,480,532,549,-1,480,549,481,-1,
  481,549,482,-1,482,549,483,-1,483,549,484,-1,484,549,485,-1,485,549,486,-1,486,549,8,-1,504,8,505,-1,505,8,506,-1,
  45,54,46,-1,46,54,47,-1,47,54,48,-1,48,54,49,-1,49,54,50,-1,50,54,51,-1,51,54,52,-1,52,54,53,-1,
  20,19,16,-1,16,19,18,-1,148,147,13,-1,13,147,14,-1,14,147,15,-1,15,147,16,-1,115,114,138,-1,115,138,116,-1,
  116,138,155,-1,116,155,117,-1,117,155,118,-1,451,450,121,-1,451,121,452,-1,452,121,120,-1,452,120,155,-1,155,120,119,-1,
  155,119,118,-1,446,121,447,-1,447,121,448,-1,448,121,449,-1,449,121,450,-1,152,453,153,-1,153,453,154,-1,154,453,155,-1,
  155,453,452,-1,392,389,388,-1,392,388,393,-1,393,388,387,-1,393,387,394,-1,394,387,386,-1,561,560,513,-1,513,560,496,-1,
  496,560,559,-1,511,510,563,-1,511,563,512,-1,512,563,562,-1,512,562,513,-1,513,562,561,-1,509,564,510,-1,510,564,563,-1,
  528,527,537,-1,537,527,538,-1,538,527,526,-1,535,534,530,-1,535,530,536,-1,536,530,529,-1,536,529,537,-1,537,529,528,-1,
  533,531,534,-1,534,531,530,-1,391,389,392,-1,444,156,179,-1,18,37,36,-1,478,208,207,-1,386,329,328,-1,222,192,223,-1]
  normalPerVertex TRUE
  normal DEF NORM_377 Normal { vector [
  0 0 -1,0 0 -1,
  0 0 -1,0 0 -1,
  0 0 -1,0 0 -1,
  0 0 -1,0 0 -1,
  0 0 -1,0 0 -1,
  0 0 -1,0 0 -1,
  0 0 -1,0 0 -1,
  0 0 -1,0 0 -1,
  0 0 -1,0 0 -1,
  0 0 -1,0 0 -1,
  0 0 -1,0 0 -1,
  0 0 -1,0 0 -1,
  0 0 -1,0 0 -1,
  0 0 -1,0 0 -1,
  0 0 -1,0 0 -1,
  0 0 -1,0 0 -1,
  0 0 -1,0 0 -1,
  0 0 -1,0 0 -1,
  0 0 -1,0 0 -1,
  0 0 -1,0 0 -1,
  0 0 -1,0 0 -1,
  0 0 -1,0 0 -1,
  0 0 -1,0 0 -1,
  0 0 -1,0 0 -1,
  0 0 -1,0 0 -1,
  0 0 -1,0 0 -1,
  0 0 -1,0 0 -1,
  0 0 -1,0 0 -1,
  0 0 -1,0 0 -1,
  0 0 -1,0 0 -1,
  0 0 -1,0 0 -1,
  0 0 -1,0 0 -1,
  0 0 -1,0 0 -1,
  0 0 -1,0 0 -1,
  0 0 -1,0 0 -1,
  0 0 -1,0 0 -1,
  0 0 -1,0 0 -1,
  0 0 -1,0 0 -1,
  0 0 -1,0 0 -1,
  0 0 -1,0 0 -1,
  0 0 -1,0 0 -1,
  0 0 -1,0 0 -1,
  0 0 -1,0 0 -1,
  0 0 -1,0 0 -1,
  0 0 -1,0 0 -1,
  0 0 -1,0 0 -1,
  0 0 -1,0 0 -1,
  0 0 -1,0 0 -1,
  0 0 -1,0 0 -1,
  0 0 -1,0 0 -1,
  0 0 -1,0 0 -1,
  0 0 -1,0 0 -1,
  0 0 -1,0 0 -1,
  0 0 -1,0 0 -1,
  0 0 -1,0 0 -1,
  0 0 -1,0 0 -1,
  0 0 -1,0 0 -1,
  0 0 -1,0 0 -1,
  0 0 -1,0 0 -1,
  0 0 -1,0 0 -1,
  0 0 -1,0 0 -1,
  0 0 -1,0 0 -1,
  0 0 -1,0 0 -1,
  0 0 -1,0 0 -1,
  0 0 -1,0 0 -1,
  0 0 -1,0 0 -1,
  0 0 -1,0 0 -1,
  0 0 -1,0 0 -1,
  0 0 -1,0 0 -1,
  0 0 -1,0 0 -1,
  0 0 -1,0 0 -1,
  0 0 -1,0 0 -1,
  0 0 -1,0 0 -1,
  0 0 -1,0 0 -1,
  0 0 -1,0 0 -1,
  0 0 -1,0 0 -1,
  0 0 -1,0 0 -1,
  0 0 -1,0 0 -1,
  0 0 -1,0 0 -1,
  0 0 -1,0 0 -1,
  0 0 -1,0 0 -1,
  0 0 -1,0 0 -1,
  0 0 -1,0 0 -1,
  0 0 -1,0 0 -1,
  0 0 -1,0 0 -1,
  0 0 -1,0 0 -1,
  0 0 -1,0 0 -1,
  0 0 -1,0 0 -1,
  0 0 -1,0 0 -1,
  0 0 -1,0 0 -1,
  0 0 -1,0 0 -1,
  0 0 -1,0 0 -1,
  0 0 -1,0 0 -1,
  0 0 -1,0 0 -1,
  0 0 -1,0 0 -1,
  0 0 -1,0 0 -1,
  0 0 -1,0 0 -1,
  0 0 -1,0 0 -1,
  0 0 -1,0 0 -1,
  0 0 -1,0 0 -1,
  0 0 -1,0 0 -1,
  0 0 -1,0 0 -1,
  0 0 -1,0 0 -1,
  0 0 -1,0 0 -1,
  0 0 -1,0 0 -1,
  0 0 -1,0 0 -1,
  0 0 -1,0 0 -1,
  0 0 -1,0 0 -1,
  0 0 -1,0 0 -1,
  0 0 -1,0 0 -1,
  0 0 -1,0 0 -1,
  0 0 -1,0 0 -1,
  0 0 -1,0 0 -1,
  0 0 -1,0 0 -1,
  0 0 -1,0 0 -1,
  0 0 -1,0 0 -1,
  0 0 -1,0 0 -1,
  0 0 -1,0 0 -1,
  0 0 -1,0 0 -1,
  0 0 -1,0 0 -1,
  0 0 -1,0 0 -1,
  0 0 -1,0 0 -1,
  0 0 -1,0 0 -1,
  0 0 -1,0 0 -1,
  0 0 -1,0 0 -1,
  0 0 -1,0 0 -1,
  0 0 -1,0 0 -1,
  0 0 -1,0 0 -1,
  0 0 -1,0 0 -1,
  0 0 -1,0 0 -1,
  0 0 -1,0 0 -1,
  0 0 -1,0 0 -1,
  0 0 -1,0 0 -1,
  0 0 -1,0 0 -1,
  0 0 -1,0 0 -1,
  0 0 -1,0 0 -1,
  0 0 -1,0 0 -1,
  0 0 -1,0 0 -1,
  0 0 -1,0 0 -1,
  0 0 -1,0 0 -1,
  0 0 -1,0 0 -1,
  0 0 -1,0 0 -1,
  0 0 -1,0 0 -1,
  0 0 -1,0 0 -1,
  0 0 -1,0 0 -1,
  0 0 -1,0 0 -1,
  0 0 -1,0 0 -1,
  0 0 -1,0 0 -1,
  0 0 -1,0 0 -1,
  0 0 -1,0 0 -1,
  0 0 -1,0 0 -1,
  0 0 -1,0 0 -1,
  0 0 -1,0 0 -1,
  0 0 -1,0 0 -1,
  0 0 -1,0 0 -1,
  0 0 -1,0 0 -1,
  0 0 -1,0 0 -1,
  0 0 -1,0 0 -1,
  0 0 -1,0 0 -1,
  0 0 -1,0 0 -1,
  0 0 -1,0 0 -1,
  0 0 -1,0 0 -1,
  0 0 -1,0 0 -1,
  0 0 -1,0 0 -1,
  0 0 -1,0 0 -1,
  0 0 -1,0 0 -1,
  0 0 -1,0 0 -1,
  0 0 -1,0 0 -1,
  0 0 -1,0 0 -1,
  0 0 -1,0 0 -1,
  0 0 -1,0 0 -1,
  0 0 -1,0 0 -1,
  0 0 -1,0 0 -1,
  0 0 -1,0 0 -1,
  0 0 -1,0 0 -1,
  0 0 -1,0 0 -1,
  0 0 -1,0 0 -1,
  0 0 -1,0 0 -1,
  0 0 -1,0 0 -1,
  0 0 -1,0 0 -1,
  0 0 -1,0 0 -1,
  0 0 -1,0 0 -1,
  0 0 -1,0 0 -1,
  0 0 -1,0 0 -1,
  0 0 -1,0 0 -1,
  0 0 -1,0 0 -1,
  0 0 -1,0 0 -1,
  0 0 -1,0 0 -1,
  0 0 -1,0 0 -1,
  0 0 -1,0 0 -1,
  0 0 -1,0 0 -1,
  0 0 -1,0 0 -1,
  0 0 -1,0 0 -1,
  0 0 -1,0 0 -1,
  0 0 -1,0 0 -1,
  0 0 -1,0 0 -1,
  0 0 -1,0 0 -1,
  0 0 -1,0 0 -1,
  0 0 -1,0 0 -1,
  0 0 -1,0 0 -1,
  0 0 -1,0 0 -1,
  0 0 -1,0 0 -1,
  0 0 -1,0 0 -1,
  0 0 -1,0 0 -1,
  0 0 -1,0 0 -1,
  0 0 -1,0 0 -1,
  0 0 -1,0 0 -1,
  0 0 -1,0 0 -1,
  0 0 -1,0 0 -1,
  0 0 -1,0 0 -1,
  0 0 -1,0 0 -1,
  0 0 -1,0 0 -1,
  0 0 -1,0 0 -1,
  0 0 -1,0 0 -1,
  0 0 -1,0 0 -1,
  0 0 -1,0 0 -1,
  0 0 -1,0 0 -1,
  0 0 -1,0 0 -1,
  0 0 -1,0 0 -1,
  0 0 -1,0 0 -1,
  0 0 -1,0 0 -1,
  0 0 -1,0 0 -1,
  0 0 -1,0 0 -1,
  0 0 -1,0 0 -1,
  0 0 -1,0 0 -1,
  0 0 -1,0 0 -1,
  0 0 -1,0 0 -1,
  0 0 -1,0 0 -1,
  0 0 -1,0 0 -1,
  0 0 -1,0 0 -1,
  0 0 -1,0 0 -1,
  0 0 -1,0 0 -1,
  0 0 -1,0 0 -1,
  0 0 -1,0 0 -1,
  0 0 -1,0 0 -1,
  0 0 -1,0 0 -1,
  0 0 -1,0 0 -1,
  0 0 -1,0 0 -1,
  0 0 -1,0 0 -1,
  0 0 -1,0 0 -1,
  0 0 -1,0 0 -1,
  0 0 -1,0 0 -1,
  0 0 -1,0 0 -1,
  0 0 -1,0 0 -1,
  0 0 -1,0 0 -1,
  0 0 -1,0 0 -1,
  0 0 -1,0 0 -1,
  0 0 -1,0 0 -1,
  0 0 -1,0 0 -1,
  0 0 -1,0 0 -1,
  0 0 -1,0 0 -1,
  0 0 -1,0 0 -1,
  0 0 -1,0 0 -1,
  0 0 -1,0 0 -1,
  0 0 -1,0 0 -1,
  0 0 -1,0 0 -1,
  0 0 -1,0 0 -1,
  0 0 -1,0 0 -1,
  0 0 -1,0 0 -1,
  0 0 -1,0 0 -1,
  0 0 -1,0 0 -1,
  0 0 -1,0 0 -1,
  0 0 -1,0 0 -1,
  0 0 -1,0 0 -1,
  0 0 -1,0 0 -1,
  0 0 -1,0 0 -1,
  0 0 -1,0 0 -1,
  0 0 -1,0 0 -1,
  0 0 -1,0 0 -1,
  0 0 -1,0 0 -1,
  0 0 -1,0 0 -1,
  0 0 -1,0 0 -1,
  0 0 -1,0 0 -1,
  0 0 -1,0 0 -1,
  0 0 -1,0 0 -1,
  0 0 -1,0 0 -1,
  0 0 -1,0 0 -1,
  0 0 -1,0 0 -1,
  0 0 -1,0 0 -1,
  0 0 -1,0 0 -1,
  0 0 -1,0 0 -1,
  0 0 -1,0 0 -1,
  0 0 -1,0 0 -1,
  0 0 -1,0 0 -1] }
}
}
] }
DEF TXFM_37 Transform {
  center 0 0 0
  rotation 0 0 1 0
  scale 1 1 1
  scaleOrientation 0 0 1 0
  translation 0 0 0
 children [
DEF SHAPE_378 Shape {
 appearance DEF APP_23 Appearance {
  material Material {
   ambientIntensity 0.72857141
   diffuseColor 0.96078432 0.96078432 0.96078432
   emissiveColor 0 0 0
   shininess 0.02
   specularColor 0.96470588 0.96470588 0.96470588
   transparency 0
} }
 geometry DEF FACE_378 IndexedFaceSet {
  coord DEF COORD_378 Coordinate { point [
  0.077983858 0.55886181 0.34448819,0.072105118 0.57305394 0.34448819,
  0.061242913 0.58391614 0.34448819,0.047050787 0.58979488 0.34448819,
  0.03168937 0.58979488 0.34448819,0.017497244 0.58391614 0.34448819,
  0.0066350394 0.57305394 0.34448819,0.00075629921 0.55886181 0.34448819,
  0 0.5511811 0.34448819,0 0.039370079 0.34448819,
  0.00075629921 0.03168937 0.34448819,0.0066350394 0.017497244 0.34448819,
  0.017497244 0.0066350394 0.34448819,0.03168937 0.00075629921 0.34448819,
  0.039370079 0 0.34448819,5.9448819 0 0.34448819,
  5.9525626 0.00075629921 0.34448819,5.9667547 0.0066350394 0.34448819,
  5.9776169 0.017497244 0.34448819,5.9834957 0.03168937 0.34448819,
  5.984252 0.039370079 0.34448819,5.984252 2.0472441 0.34448819,
  5.9834957 2.0549248 0.34448819,5.9776169 2.0691169 0.34448819,
  5.9667547 2.0799791 0.34448819,5.9525626 2.0858579 0.34448819,
  5.9372012 2.0858579 0.34448819,5.9230091 2.0799791 0.34448819,
  5.9121469 2.0691169 0.34448819,5.9062681 2.0549248 0.34448819,
  5.9055118 2.0472441 0.34448819,5.9055118 0.078740157 0.34448819,
  0.078740157 0.078740157 0.34448819,0.078740157 0.5511811 0.34448819,
  3.6214799 0.36993386 0.34448819,3.6170709 0.38057795 0.34448819,
  3.6089244 0.38872441 0.34448819,3.5982803 0.39313346 0.34448819,
  3.5867591 0.39313346 0.34448819,3.576115 0.38872441 0.34448819,
  3.5679685 0.38057795 0.34448819,3.5635594 0.36993386 0.34448819,
  3.5629921 0.36417323 0.34448819,3.5629921 0.24606299 0.34448819,
  3.5635594 0.24030236 0.34448819,3.5679685 0.22965827 0.34448819,
  3.576115 0.22151181 0.34448819,3.5867591 0.21710276 0.34448819,
  3.5925197 0.21653543 0.34448819,4.9114173 0.21653543 0.34448819,
  4.917178 0.21710276 0.34448819,4.927822 0.22151181 0.34448819,
  4.9359685 0.22965827 0.34448819,4.9403776 0.24030236 0.34448819,
  4.9409449 0.24606299 0.34448819,4.9409449 0.36417323 0.34448819,
  4.9403776 0.36993386 0.34448819,4.9359685 0.38057795 0.34448819,
  4.927822 0.38872441 0.34448819,4.917178 0.39313346 0.34448819,
  4.9056567 0.39313346 0.34448819,4.8950126 0.38872441 0.34448819,
  4.8868661 0.38057795 0.34448819,4.8824571 0.36993386 0.34448819,
  4.8818898 0.36417323 0.34448819,4.8818898 0.27559055 0.34448819,
  3.6220472 0.27559055 0.34448819,3.6220472 0.36417323 0.34448819,
  1.672489 0.38610709 0.34448819,1.6724547 0.4014685 0.34448819,
  1.6665437 0.41564724 0.34448819,1.6556571 0.42648504 0.34448819,
  1.641452 0.43233189 0.34448819,1.6337693 0.43307087 0.34448819,
  1.1219587 0.43191811 0.34448819,1.1142795 0.43114449 0.34448819,
  1.1001008 0.42523386 0.34448819,1.089263 0.41434724 0.34448819,
  1.0834161 0.40014173 0.34448819,1.0834508 0.38478031 0.34448819,
  1.0893614 0.37060157 0.34448819,1.100248 0.35976378 0.34448819,
  1.1144535 0.35391693 0.34448819,1.1221358 0.35317795 0.34448819,
  1.6339469 0.35433071 0.34448819,1.641626 0.35510433 0.34448819,
  1.6558047 0.36101496 0.34448819,1.6666425 0.37190157 0.34448819,
  5.7472752 3.8265783 0.34448819,5.7413965 3.8407705 0.34448819,
  5.7305343 3.8516327 0.34448819,5.7163421 3.8575114 0.34448819,
  5.7086614 3.8582677 0.34448819,0.039370079 3.8582677 0.34448819,
  0.03168937 3.8575114 0.34448819,0.017497244 3.8516327 0.34448819,
  0.0066350394 3.8407705 0.34448819,0.00075629921 3.8265783 0.34448819,
  0 3.8188976 0.34448819,0 1.2992126 0.34448819,
  0.00075629921 1.2915319 0.34448819,0.0066350394 1.2773398 0.34448819,
  0.017497244 1.2664776 0.34448819,0.03168937 1.2605988 0.34448819,
  0.047050787 1.2605988 0.34448819,0.061242913 1.2664776 0.34448819,
  0.072105118 1.2773398 0.34448819,0.077983858 1.2915319 0.34448819,
  0.078740157 1.2992126 0.34448819,0.078740157 3.7795276 0.34448819,
  5.7086614 3.7795276 0.34448819,5.7163421 3.7802839 0.34448819,
  5.7305343 3.7861626 0.34448819,5.7413965 3.7970248 0.34448819,
  5.7472752 3.8112169 0.34448819,4.8824571 1.4410898 0.34448819,
  4.8868661 1.4304457 0.34448819,4.8950126 1.4222992 0.34448819,
  4.9056567 1.4178902 0.34448819,4.917178 1.4178902 0.34448819,
  4.927822 1.4222992 0.34448819,4.9359685 1.4304457 0.34448819,
  4.9403776 1.4410898 0.34448819,4.9409449 1.4468504 0.34448819,
  4.9409449 1.5649606 0.34448819,4.9403776 1.5707213 0.34448819,
  4.9359685 1.5813654 0.34448819,4.927822 1.5895118 0.34448819,
  4.917178 1.5939209 0.34448819,4.9114173 1.5944882 0.34448819,
  3.5925197 1.5944882 0.34448819,3.5867591 1.5939209 0.34448819,
  3.576115 1.5895118 0.34448819,3.5679685 1.5813654 0.34448819,
  3.5635594 1.5707213 0.34448819,3.5629921 1.5649606 0.34448819,
  3.5629921 1.5059055 0.34448819,3.1102362 1.5059055 0.34448819,
  3.1044756 1.5053382 0.34448819,3.0938315 1.5009291 0.34448819,
  3.085685 1.4927827 0.34448819,3.081276 1.4821386 0.34448819,
  3.081276 1.4706173 0.34448819,3.085685 1.4599732 0.34448819,
  3.0938315 1.4518268 0.34448819,3.1044756 1.4474177 0.34448819,
  3.1102362 1.4468504 0.34448819,3.5925197 1.4468504 0.34448819,
  3.5982803 1.4474177 0.34448819,3.6089244 1.4518268 0.34448819,
  3.6170709 1.4599732 0.34448819,3.6214799 1.4706173 0.34448819,
  3.6220472 1.476378 0.34448819,3.6220472 1.5354331 0.34448819,
  4.8818898 1.5354331 0.34448819,4.8818898 1.4468504 0.34448819,
  5.1574803 2.0472437 0.34448819,5.156724 2.0549244 0.34448819,
  5.1508453 2.0691165 0.34448819,5.1399831 2.0799787 0.34448819,
  5.1257909 2.0858575 0.34448819,5.1104295 2.0858575 0.34448819,
  5.0962374 2.0799787 0.34448819,5.0853752 2.0691165 0.34448819,
  5.0794965 2.0549244 0.34448819,5.0787402 2.0472437 0.34448819,
  5.0787402 1.751974 0.34448819,5.0794965 1.7442933 0.34448819,
  5.0853752 1.7301012 0.34448819,5.0962374 1.719239 0.34448819,
  5.1104295 1.7133602 0.34448819,5.1257909 1.7133602 0.34448819,
  5.1399831 1.719239 0.34448819,5.1508453 1.7301012 0.34448819,
  5.156724 1.7442933 0.34448819,5.1574803 1.751974 0.34448819,
  2.3417803 1.330989 0.34448819,2.3417461 1.3463504 0.34448819,
  2.335835 1.3605291 0.34448819,2.3249484 1.3713669 0.34448819,
  2.3107433 1.3772138 0.34448819,2.3030606 1.3779528 0.34448819,
  1.79125 1.3768 0.34448819,1.7835709 1.3760264 0.34448819,
  1.7693921 1.3701157 0.34448819,1.7585543 1.3592291 0.34448819,
  1.7527075 1.3450236 0.34448819,1.7527421 1.3296622 0.34448819,
  1.7586528 1.3154835 0.34448819,1.7695394 1.3046457 0.34448819,
  1.7837449 1.2987988 0.34448819,1.7914272 1.2980598 0.34448819,
  2.3032382 1.2992126 0.34448819,2.3109173 1.2999862 0.34448819,
  2.3250961 1.3058969 0.34448819,2.3359339 1.3167835 0.34448819,
  1.1944902 3.380948 0.34448819,1.1977965 3.3830295 0.34448819,
  1.1987563 3.3834268 0.34448819,1.1998362 3.3843134 0.34448819,
  1.201022 3.3850594 0.34448819,1.2017039 3.3858461 0.34448819,
  1.2047224 3.3883228 0.34448819,1.2328441 3.4164445 0.34448819,
  1.235322 3.4194646 0.34448819,1.2361075 3.4201453 0.34448819,
  1.2368528 3.4213295 0.34448819,1.2377402 3.4224106 0.34448819,
  1.2381378 3.4233713 0.34448819,1.2402189 3.4266768 0.34448819,
  1.2683402 3.4829197 0.34448819,1.2710984 3.490128 0.34448819,
  1.2711984 3.4915386 0.34448819,1.2717402 3.4928457 0.34448819,
  1.2724965 3.5005264 0.34448819,1.2724965 3.5848909 0.34448819,
  1.2717402 3.5925717 0.34448819,1.2711984 3.5938791 0.34448819,
  1.2710984 3.5952894 0.34448819,1.2683402 3.6024976 0.34448819,
  1.2402189 3.6587406 0.34448819,1.2381382 3.6620461 0.34448819,
  1.2377402 3.6630071 0.34448819,1.236852 3.664089 0.34448819,
  1.2361075 3.665272 0.34448819,1.235322 3.6659535 0.34448819,
  1.2328437 3.6689728 0.34448819,1.204722 3.6970941 0.34448819,
  1.2017035 3.6995717 0.34448819,1.201022 3.7003575 0.34448819,
  1.1998378 3.7011031 0.34448819,1.1987563 3.7019906 0.34448819,
  1.1977949 3.702389 0.34448819,1.1944902 3.7044689 0.34448819,
  1.1382476 3.7325906 0.34448819,1.1310394 3.7353488 0.34448819,
  1.1296283 3.7354492 0.34448819,1.1283213 3.7359906 0.34448819,
  1.1206406 3.7367469 0.34448819,0.8956685 3.7367469 0.34448819,
  0.8879878 3.7359906 0.34448819,0.87379567 3.7301118 0.34448819,
  0.86293346 3.7192496 0.34448819,0.85705472 3.7050575 0.34448819,
  0.85629843 3.6973768 0.34448819,0.85629843 3.4274106 0.34448819,
  0.85629843 3.1068256 0.34448819,0.85705472 3.0991449 0.34448819,
  0.86293346 3.0849528 0.34448819,0.87379567 3.0740906 0.34448819,
  0.8879878 3.0682118 0.34448819,0.90334921 3.0682118 0.34448819,
  0.91754134 3.0740906 0.34448819,0.92840354 3.0849528 0.34448819,
  0.93428228 3.0991449 0.34448819,0.93503858 3.1068256 0.34448819,
  0.93503858 3.3486705 0.34448819,1.015778 3.3486705 0.34448819,
  1.2008732 3.0842484 0.34448819,1.2058972 3.0783898 0.34448819,
  1.218852 3.0701343 0.34448819,1.2339799 3.067465 0.34448819,
  1.2489776 3.0707874 0.34448819,1.2615622 3.0795965 0.34448819,
  1.2698177 3.0925512 0.34448819,1.272487 3.1076791 0.34448819,
  1.2691646 3.1226768 0.34448819,1.2653795 3.1294028 0.34448819,
  1.1118921 3.3486705 0.34448819,1.1206406 3.3486705 0.34448819,
  1.1283213 3.3494268 0.34448819,1.1296283 3.3499685 0.34448819,
  1.1310394 3.3500685 0.34448819,1.1382472 3.3528268 0.34448819,
  1.1937563 3.5755972 0.34448819,1.1937563 3.5098205 0.34448819,
  1.1726484 3.4676051 0.34448819,1.1535618 3.4485185 0.34448819,
  1.1113465 3.4274106 0.34448819,0.93503858 3.4274106 0.34448819,
  0.93503858 3.6580067 0.34448819,1.1113461 3.6580067 0.34448819,
  1.153563 3.636898 0.34448819,1.1726484 3.617813 0.34448819,
  0.98540472 1.9489079 0.34448819,0.98425197 2.4607185 0.34448819,
  0.98347835 2.4683976 0.34448819,0.97756772 2.4825764 0.34448819,
  0.9666811 2.4934142 0.34448819,0.95247559 2.499261 0.34448819,
  0.93711417 2.4992264 0.34448819,0.92293543 2.4933157 0.34448819,
  0.91209764 2.4824291 0.34448819,0.90625079 2.4682236 0.34448819,
  0.90551181 2.4605413 0.34448819,0.90666457 1.9487303 0.34448819,
  0.90743819 1.9410512 0.34448819,0.91334882 1.9268724 0.34448819,
  0.92423543 1.9160346 0.34448819,0.93844094 1.9101882 0.34448819,
  0.95380236 1.9102224 0.34448819,0.9679811 1.9161335 0.34448819,
  0.9788189 1.9270201 0.34448819,0.98466575 1.9412252 0.34448819,
  2.3417634 1.9761846 0.34448819,2.3358846 1.9903768 0.34448819,
  2.3250224 2.001239 0.34448819,2.3108303 2.0071177 0.34448819,
  2.3031496 2.007874 0.34448819,1.7913386 2.007874 0.34448819,
  1.7836579 2.0071177 0.34448819,1.7694657 2.001239 0.34448819,
  1.7586035 1.9903768 0.34448819,1.7527248 1.9761846 0.34448819,
  1.7527248 1.9608232 0.34448819,1.7586035 1.9466311 0.34448819,
  1.7694657 1.9357689 0.34448819,1.7836579 1.9298902 0.34448819,
  1.7913386 1.9291339 0.34448819,2.3031496 1.9291339 0.34448819,
  2.3108303 1.9298902 0.34448819,2.3250224 1.9357689 0.34448819,
  2.3358846 1.9466311 0.34448819,2.3417634 1.9608232 0.34448819,
  3.8884232 2.2440933 0.34448819,3.8876547 2.2518972 0.34448819,
  3.8816823 2.2663165 0.34448819,3.8706469 2.2773528 0.34448819,
  3.8562276 2.283326 0.34448819,3.8406205 2.283326 0.34448819,
  3.8262012 2.2773535 0.34448819,3.815165 2.2663181 0.34448819,
  3.8091917 2.2518988 0.34448819,3.8084232 2.2440957 0.34448819,
  3.8084193 2.0866154 0.34448819,3.8091878 2.0788114 0.34448819,
  3.8151602 2.0643921 0.34448819,3.8261957 2.0533559 0.34448819,
  3.840615 2.0473827 0.34448819,3.856222 2.0473827 0.34448819,
  3.8706413 2.0533551 0.34448819,3.8816776 2.0643906 0.34448819,
  3.8876508 2.0788098 0.34448819,3.8884193 2.086613 0.34448819,
  4.4789744 2.2440933 0.34448819,4.4782059 2.2518972 0.34448819,
  4.4722335 2.2663165 0.34448819,4.461198 2.2773528 0.34448819,
  4.4467787 2.283326 0.34448819,4.4311717 2.283326 0.34448819,
  4.4167524 2.2773535 0.34448819,4.4057161 2.2663181 0.34448819,
  4.3997429 2.2518988 0.34448819,4.3989744 2.2440957 0.34448819,
  4.3989705 2.0866154 0.34448819,4.399739 2.0788114 0.34448819,
  4.4057114 2.0643921 0.34448819,4.4167469 2.0533559 0.34448819,
  4.4311661 2.0473827 0.34448819,4.4467732 2.0473827 0.34448819,
  4.4611925 2.0533551 0.34448819,4.4722287 2.0643906 0.34448819,
  4.478202 2.0788098 0.34448819,4.4789705 2.086613 0.34448819,
  4.1853386 2.2445091 0.34448819,4.1845705 2.2523126 0.34448819,
  4.178598 2.2667323 0.34448819,4.1675622 2.2777681 0.34448819,
  4.1531433 2.2837413 0.34448819,4.1375362 2.2837421 0.34448819,
  4.1231165 2.2777697 0.34448819,4.1120807 2.2667339 0.34448819,
  4.1061075 2.252315 0.34448819,4.1053386 2.2445114 0.34448819,
  4.1053343 2.0870315 0.34448819,4.1061024 2.079228 0.34448819,
  4.1120748 2.0648083 0.34448819,4.1231106 2.0537724 0.34448819,
  4.1375295 2.0477992 0.34448819,4.1531366 2.0477984 0.34448819,
  4.1675563 2.0537709 0.34448819,4.1785921 2.0648067 0.34448819,
  4.1845654 2.0792256 0.34448819,4.1853343 2.0870291 0.34448819,
  5.1574803 2.577915 0.34448819,5.156724 2.5855957 0.34448819,
  5.1508453 2.5997878 0.34448819,5.1399831 2.61065 0.34448819,
  5.1257909 2.6165287 0.34448819,5.1104295 2.6165287 0.34448819,
  5.0962374 2.61065 0.34448819,5.0853752 2.5997878 0.34448819,
  5.0794965 2.5855957 0.34448819,5.0787402 2.577915 0.34448819,
  5.0787402 2.2826453 0.34448819,5.0794965 2.2749646 0.34448819,
  5.0853752 2.2607724 0.34448819,5.0962374 2.2499102 0.34448819,
  5.1104295 2.2440315 0.34448819,5.1257909 2.2440315 0.34448819,
  5.1399831 2.2499102 0.34448819,5.1508453 2.2607724 0.34448819,
  5.156724 2.2749646 0.34448819,5.1574803 2.2826453 0.34448819,
  2.3417803 2.3152409 0.34448819,2.3417461 2.3306024 0.34448819,
  2.335835 2.3447811 0.34448819,2.3249484 2.3556189 0.34448819,
  2.3107433 2.3614657 0.34448819,2.3030606 2.3622047 0.34448819,
  1.79125 2.361052 0.34448819,1.7835709 2.3602783 0.34448819,
  1.7693921 2.3543677 0.34448819,1.7585543 2.3434811 0.34448819,
  1.7527075 2.3292756 0.34448819,1.7527421 2.3139142 0.34448819,
  1.7586528 2.2997354 0.34448819,1.7695394 2.2888976 0.34448819,
  1.7837449 2.2830508 0.34448819,1.7914272 2.2823118 0.34448819,
  2.3032382 2.2834646 0.34448819,2.3109173 2.2842382 0.34448819,
  2.3250961 2.2901488 0.34448819,2.3359339 2.3010354 0.34448819,
  4.4822835 2.8366142 0.34448819,4.4913232 2.8384122 0.34448819,
  4.5041075 2.8511965 0.34448819,4.5059055 2.8602362 0.34448819,
  4.5059055 3.4389764 0.34448819,4.5041075 3.4480161 0.34448819,
  4.4913232 3.4608004 0.34448819,4.4822835 3.4625984 0.34448819,
  3.5826772 3.4625984 0.34448819,3.5736374 3.4608004 0.34448819,
  3.5608531 3.4480161 0.34448819,3.5608531 3.4299366 0.34448819,
  3.5736374 3.4171524 0.34448819,3.5826772 3.4153543 0.34448819,
  4.4586614 3.4153543 0.34448819,4.4586614 2.8838583 0.34448819,
  3.5826772 2.8838583 0.34448819,3.5736374 2.8820602 0.34448819,
  3.5608531 2.869276 0.34448819,3.5608531 2.8511965 0.34448819,
  3.5736374 2.8384122 0.34448819,3.5826772 2.8366142 0.34448819,
  2.3417634 2.9604366 0.34448819,2.3358846 2.9746287 0.34448819,
  2.3250224 2.9854909 0.34448819,2.3108303 2.9913697 0.34448819,
  2.3031496 2.992126 0.34448819,1.7913386 2.992126 0.34448819,
  1.7836579 2.9913697 0.34448819,1.7694657 2.9854909 0.34448819,
  1.7586035 2.9746287 0.34448819,1.7527248 2.9604366 0.34448819,
  1.7527248 2.9450752 0.34448819,1.7586035 2.9308831 0.34448819,
  1.7694657 2.9200209 0.34448819,1.7836579 2.9141421 0.34448819,
  1.7913386 2.9133858 0.34448819,2.3031496 2.9133858 0.34448819,
  2.3108303 2.9141421 0.34448819,2.3250224 2.9200209 0.34448819,
  2.3358846 2.9308831 0.34448819,2.3417634 2.9450752 0.34448819,
  0.4646185 3.0943756 0.34448819,0.46776457 3.0873283 0.34448819,
  0.46960827 3.0852028 0.34448819,0.47086614 3.082687 0.34448819,
  0.47459528 3.0794528 0.34448819,0.47782992 3.0757232 0.34448819,
  0.48034528 3.0744657 0.34448819,0.48247087 3.072622 0.34448819,
  0.48715433 3.071061 0.34448819,0.49156929 3.0688535 0.34448819,
  0.4943752 3.0686543 0.34448819,0.49704409 3.0677646 0.34448819,
  0.50196811 3.0681146 0.34448819,0.50689213 3.0677646 0.34448819,
  0.50956063 3.0686543 0.34448819,0.51236693 3.0688535 0.34448819,
  0.5167811 3.071061 0.34448819,0.52146535 3.072622 0.34448819,
  0.52359094 3.0744661 0.34448819,0.52610669 3.0757236 0.34448819,
  0.52934094 3.0794528 0.34448819,0.53307008 3.082687 0.34448819,
  0.53432756 3.0852028 0.34448819,0.53617165 3.0873283 0.34448819,
  0.53931772 3.0943756 0.34448819,0.73616811 3.6849268 0.34448819,
  0.73787953 3.6924528 0.34448819,0.73679055 3.7077756 0.34448819,
  0.72992047 3.7215154 0.34448819,0.71831575 3.7315803 0.34448819,
  0.70374252 3.7364378 0.34448819,0.68841969 3.7353488 0.34448819,
  0.67468031 3.7284791 0.34448819,0.66461496 3.716874 0.34448819,
  0.6614689 3.7098268 0.34448819,0.50196811 3.2313244 0.34448819,
  0.34246732 3.7098268 0.34448819,0.33932126 3.716874 0.34448819,
  0.3292563 3.7284787 0.34448819,0.31551654 3.7353488 0.34448819,
  0.3001937 3.7364378 0.34448819,0.28562047 3.7315803 0.34448819,
  0.27401575 3.7215154 0.34448819,0.26714567 3.7077756 0.34448819,
  0.26605669 3.6924528 0.34448819,0.26776811 3.6849268 0.34448819,
  0.29072329 3.616061 0.34448819,0.30470582 3.6211501 0.34448819,
  0.32521544 3.6211501 0.34448819,0.34448819 3.6141354 0.34448819,
  0.36019947 3.600952 0.34448819,0.37045429 3.5831902 0.34448819,
  0.37401575 3.5629921 0.34448819,0.37045429 3.5427941 0.34448819,
  0.36019947 3.5250322 0.34448819,0.34448819 3.5118489 0.34448819,
  0.32751905 3.5056732 0.34448819,5.236498 3.2837236 0.34448819,
  5.2305256 3.2981433 0.34448819,5.2194898 3.3091791 0.34448819,
  5.2050709 3.3151524 0.34448819,5.1972673 3.3159213 0.34448819,
  5.0397874 3.3159256 0.34448819,5.0319839 3.3151575 0.34448819,
  5.0175642 3.309185 0.34448819,5.0065283 3.2981492 0.34448819,
  5.0005551 3.2837303 0.34448819,5.0005543 3.2681232 0.34448819,
  5.0065268 3.2537035 0.34448819,5.0175626 3.2426677 0.34448819,
  5.0319815 3.2366945 0.34448819,5.039785 3.2359256 0.34448819,
  5.197265 3.2359213 0.34448819,5.2050685 3.2366894 0.34448819,
  5.2194882 3.2426618 0.34448819,5.230524 3.2536976 0.34448819,
  5.2364972 3.2681165 0.34448819,0.33683346 1.9160839 0.34448819,
  0.34769567 1.9269461 0.34448819,0.35357441 1.9411382 0.34448819,
  0.35433071 1.9488189 0.34448819,0.35433071 2.4606299 0.34448819,
  0.35357441 2.4683106 0.34448819,0.34769567 2.4825028 0.34448819,
  0.33683346 2.493365 0.34448819,0.32264134 2.4992437 0.34448819,
  0.30727992 2.4992437 0.34448819,0.2930878 2.493365 0.34448819,
  0.28222559 2.4825028 0.34448819,0.27634685 2.4683106 0.34448819,
  0.27559055 2.4606299 0.34448819,0.27559041 2.2825675 0.34448819,
  0.28584536 2.2825674 0.34448819,0.30511811 2.2755527 0.34448819,
  0.3208294 2.2623693 0.34448819,0.33108421 2.2446075 0.34448819,
  0.33464567 2.2244094 0.34448819,0.33108421 2.2042114 0.34448819,
  0.3208294 2.1864496 0.34448819,0.30511811 2.1732662 0.34448819,
  0.28584536 2.1662515 0.34448819,0.27559009 2.166252 0.34448819,
  0.27559055 1.9488189 0.34448819,0.27634685 1.9411382 0.34448819,
  0.28222559 1.9269461 0.34448819,0.2930878 1.9160839 0.34448819,
  0.30727992 1.9102051 0.34448819,0.32264134 1.9102051 0.34448819,
  3.5325594 2.0537724 0.34448819,3.5469783 2.0477992 0.34448819,
  3.5625854 2.0477984 0.34448819,3.5770051 2.0537709 0.34448819,
  3.5880409 2.0648067 0.34448819,3.5940142 2.0792256 0.34448819,
  3.5947831 2.0870291 0.34448819,3.5947874 2.2445091 0.34448819,
  3.5940193 2.2523126 0.34448819,3.5880469 2.2667323 0.34448819,
  3.577011 2.2777681 0.34448819,3.5625921 2.2837413 0.34448819,
  3.546985 2.2837421 0.34448819,3.5325654 2.2777697 0.34448819,
  3.5215295 2.2667339 0.34448819,3.5155563 2.252315 0.34448819,
  3.5147874 2.2445114 0.34448819,3.5147865 2.2022829 0.34448819,
  3.5168798 2.2005264 0.34448819,3.5271346 2.1827646 0.34448819,
  3.5306961 2.1625665 0.34448819,3.5271346 2.1423685 0.34448819,
  3.5168798 2.1246066 0.34448819,3.5147838 2.1228484 0.34448819,
  3.5147831 2.0870315 0.34448819,3.5155512 2.079228 0.34448819,
  3.5215236 2.0648083 0.34448819,3.3653799 2.173035 0.34448819,
  3.3595012 2.1872272 0.34448819,3.348639 2.1980894 0.34448819,
  3.3344469 2.2039681 0.34448819,3.3267661 2.2047244 0.34448819,
  3.0314965 2.2047244 0.34448819,3.0238157 2.2039681 0.34448819,
  3.0096236 2.1980894 0.34448819,2.9987614 2.1872272 0.34448819,
  2.9928827 2.173035 0.34448819,2.9928827 2.1576736 0.34448819,
  2.9987614 2.1434815 0.34448819,3.0096236 2.1326193 0.34448819,
  3.0238157 2.1267406 0.34448819,3.0314965 2.1259843 0.34448819,
  3.3267661 2.1259843 0.34448819,3.3344469 2.1267406 0.34448819,
  3.348639 2.1326193 0.34448819,3.3595012 2.1434815 0.34448819,
  3.3653799 2.1576736 0.34448819,5.2360819 2.9900882 0.34448819,
  5.2301094 3.0045075 0.34448819,5.219074 3.0155437 0.34448819,
  5.2046547 3.0215169 0.34448819,5.1968516 3.0222854 0.34448819,
  5.0393713 3.0222894 0.34448819,5.0315673 3.0215209 0.34448819,
  5.017148 3.0155484 0.34448819,5.0061118 3.004513 0.34448819,
  5.0001386 2.9900937 0.34448819,5.0001386 2.9744866 0.34448819,
  5.006111 2.9600673 0.34448819,5.0171465 2.9490311 0.34448819,
  5.0315657 2.9430579 0.34448819,5.0393689 2.9422894 0.34448819,
  5.1968492 2.9422854 0.34448819,5.2046531 2.9430539 0.34448819,
  5.2190724 2.9490264 0.34448819,5.2301087 2.9600618 0.34448819,
  5.2360819 2.9744811 0.34448819,1.672472 1.0313028 0.34448819,
  1.6665933 1.0454949 0.34448819,1.6557311 1.0563571 0.34448819,
  1.641539 1.0622358 0.34448819,1.6338583 1.0629921 0.34448819,
  1.3547958 1.0629931 0.34448819,1.3547063 1.0624791 0.34448819,
  1.3444514 1.0447173 0.34448819,1.3287402 1.0315339 0.34448819,
  1.3094674 1.0245192 0.34448819,1.2889578 1.0245192 0.34448819,
  1.269685 1.0315339 0.34448819,1.2539738 1.0447173 0.34448819,
  1.2437189 1.0624791 0.34448819,1.2436282 1.0629925 0.34448819,
  1.1220472 1.0629921 0.34448819,1.1143665 1.0622358 0.34448819,
  1.1001744 1.0563571 0.34448819,1.0893122 1.0454949 0.34448819,
  1.0834335 1.0313028 0.34448819,1.0834335 1.0159413 0.34448819,
  1.0893122 1.0017492 0.34448819,1.1001744 0.99088701 0.34448819,
  1.1143665 0.98500827 0.34448819,1.1220472 0.98425197 0.34448819,
  1.6338583 0.98425197 0.34448819,1.641539 0.98500827 0.34448819,
  1.6557311 0.99088701 0.34448819,1.6665933 1.0017492 0.34448819,
  1.672472 1.0159413 0.34448819] }
 coordIndex [
  32,33,0,-1,32,0,1,-1,32,1,2,-1,32,2,3,-1,32,3,14,-1,32,14,15,-1,32,15,31,-1,15,16,25,-1,
  25,16,17,-1,25,17,24,-1,24,17,18,-1,24,18,23,-1,23,18,19,-1,23,19,22,-1,22,19,20,-1,22,20,21,-1,
  15,25,26,-1,15,26,27,-1,15,27,28,-1,15,28,29,-1,15,29,30,-1,15,30,31,-1,8,10,7,-1,7,10,11,-1,
  7,11,6,-1,6,11,12,-1,6,12,5,-1,5,12,13,-1,5,13,4,-1,4,13,14,-1,4,14,3,-1,66,67,34,-1,
  66,34,35,-1,66,35,36,-1,66,36,37,-1,66,37,48,-1,66,48,49,-1,66,49,65,-1,49,50,59,-1,59,50,51,-1,
  59,51,58,-1,58,51,52,-1,58,52,57,-1,57,52,53,-1,57,53,56,-1,56,53,54,-1,56,54,55,-1,49,59,60,-1,
  49,60,61,-1,49,61,62,-1,49,62,63,-1,49,63,64,-1,49,64,65,-1,42,44,41,-1,41,44,45,-1,41,45,40,-1,
  40,45,46,-1,40,46,39,-1,39,46,47,-1,39,47,38,-1,38,47,48,-1,38,48,37,-1,78,79,77,-1,77,79,80,-1,
  77,80,76,-1,76,80,81,-1,76,81,75,-1,75,81,82,-1,75,82,74,-1,74,82,83,-1,74,83,73,-1,73,83,84,-1,
  73,84,72,-1,72,84,85,-1,72,85,71,-1,71,85,86,-1,71,86,70,-1,70,86,87,-1,70,87,69,-1,69,87,68,-1,
  109,110,92,-1,92,110,111,-1,92,111,91,-1,91,111,112,-1,91,112,90,-1,90,112,113,-1,90,113,89,-1,89,113,114,-1,
  89,114,88,-1,109,92,93,-1,109,93,104,-1,109,104,105,-1,109,105,106,-1,109,106,107,-1,109,107,108,-1,98,100,97,-1,
  97,100,101,-1,97,101,96,-1,96,101,102,-1,96,102,95,-1,95,102,103,-1,95,103,94,-1,94,103,104,-1,94,104,93,-1,
  117,118,129,-1,129,118,119,-1,129,119,128,-1,128,119,120,-1,128,120,127,-1,127,120,121,-1,127,121,126,-1,126,121,122,-1,
  126,122,125,-1,125,122,123,-1,125,123,124,-1,129,130,153,-1,129,153,154,-1,129,154,115,-1,129,115,116,-1,129,116,117,-1,
  153,130,148,-1,153,148,149,-1,153,149,150,-1,153,150,151,-1,153,151,152,-1,147,148,130,-1,147,130,131,-1,147,131,132,-1,
  147,132,133,-1,147,133,134,-1,147,134,135,-1,147,135,136,-1,147,136,137,-1,147,137,146,-1,141,143,140,-1,140,143,144,-1,
  140,144,139,-1,139,144,145,-1,139,145,138,-1,138,145,146,-1,138,146,137,-1,165,167,164,-1,164,167,168,-1,164,168,163,-1,
  163,168,169,-1,163,169,162,-1,162,169,170,-1,162,170,161,-1,161,170,171,-1,161,171,160,-1,160,171,172,-1,160,172,159,-1,
  159,172,173,-1,159,173,158,-1,158,173,174,-1,158,174,157,-1,157,174,175,-1,157,175,156,-1,206,207,222,-1,222,207,208,-1,
  222,208,221,-1,221,208,209,-1,221,209,220,-1,220,209,210,-1,220,210,219,-1,219,210,211,-1,219,211,218,-1,218,211,212,-1,
  218,212,217,-1,217,212,213,-1,217,213,216,-1,216,213,214,-1,216,214,215,-1,203,204,225,-1,225,204,205,-1,225,205,224,-1,
  224,205,206,-1,224,206,223,-1,223,206,222,-1,228,201,227,-1,227,201,202,-1,227,202,226,-1,226,202,203,-1,226,203,225,-1,
  197,198,231,-1,231,198,199,-1,231,199,230,-1,230,199,200,-1,230,200,229,-1,229,200,201,-1,229,201,228,-1,231,232,197,-1,
  197,232,233,-1,197,233,196,-1,196,233,274,-1,196,274,275,-1,233,234,282,-1,233,282,283,-1,233,283,274,-1,282,234,235,-1,
  282,235,236,-1,282,236,237,-1,282,237,238,-1,282,238,281,-1,281,238,280,-1,280,238,239,-1,280,239,251,-1,251,239,240,-1,
  251,240,250,-1,250,240,241,-1,250,241,249,-1,249,241,242,-1,249,242,248,-1,248,242,243,-1,248,243,247,-1,247,243,244,-1,
  247,244,245,-1,254,255,280,-1,280,255,256,-1,280,256,279,-1,279,256,257,-1,279,257,278,-1,278,257,268,-1,278,268,277,-1,
  277,268,269,-1,277,269,270,-1,280,251,252,-1,280,252,253,-1,280,253,254,-1,272,273,277,-1,277,273,196,-1,277,196,276,-1,
  276,196,275,-1,277,270,271,-1,277,271,272,-1,186,187,185,-1,185,187,188,-1,185,188,184,-1,184,188,189,-1,184,189,183,-1,
  183,189,190,-1,183,190,182,-1,182,190,191,-1,182,191,181,-1,181,191,192,-1,181,192,180,-1,180,192,193,-1,180,193,179,-1,
  179,193,194,-1,179,194,178,-1,178,194,195,-1,178,195,177,-1,177,195,176,-1,262,263,267,-1,267,263,264,-1,267,264,266,-1,
  266,264,265,-1,267,268,258,-1,267,258,259,-1,267,259,260,-1,267,260,261,-1,267,261,262,-1,295,296,292,-1,292,296,297,-1,
  292,297,291,-1,291,297,298,-1,291,298,290,-1,290,298,299,-1,290,299,289,-1,289,299,300,-1,289,300,288,-1,288,300,301,-1,
  288,301,287,-1,287,301,302,-1,287,302,286,-1,286,302,303,-1,286,303,285,-1,285,303,284,-1,293,294,295,-1,293,295,292,-1,
  313,315,312,-1,312,315,316,-1,312,316,311,-1,311,316,317,-1,311,317,310,-1,310,317,318,-1,310,318,309,-1,309,318,319,-1,
  309,319,308,-1,308,319,320,-1,308,320,307,-1,307,320,321,-1,307,321,306,-1,306,321,322,-1,306,322,305,-1,305,322,323,-1,
  305,323,304,-1,333,335,332,-1,332,335,336,-1,332,336,331,-1,331,336,337,-1,331,337,330,-1,330,337,338,-1,330,338,329,-1,
  329,338,339,-1,329,339,328,-1,328,339,340,-1,328,340,327,-1,327,340,341,-1,327,341,326,-1,326,341,342,-1,326,342,325,-1,
  325,342,343,-1,325,343,324,-1,630,632,629,-1,629,632,633,-1,629,633,628,-1,628,633,634,-1,628,634,627,-1,627,634,635,-1,
  627,635,626,-1,626,635,636,-1,626,636,625,-1,625,636,637,-1,625,637,624,-1,624,637,638,-1,624,638,623,-1,623,638,639,-1,
  623,639,622,-1,622,639,640,-1,622,640,621,-1,353,355,352,-1,352,355,356,-1,352,356,351,-1,351,356,357,-1,351,357,350,-1,
  350,357,358,-1,350,358,349,-1,349,358,359,-1,349,359,348,-1,348,359,360,-1,348,360,347,-1,347,360,361,-1,347,361,346,-1,
  346,361,362,-1,346,362,345,-1,345,362,363,-1,345,363,344,-1,373,375,372,-1,372,375,376,-1,372,376,371,-1,371,376,377,-1,
  371,377,370,-1,370,377,378,-1,370,378,369,-1,369,378,379,-1,369,379,368,-1,368,379,380,-1,368,380,367,-1,367,380,381,-1,
  367,381,366,-1,366,381,382,-1,366,382,365,-1,365,382,383,-1,365,383,364,-1,393,395,392,-1,392,395,396,-1,392,396,391,-1,
  391,396,397,-1,391,397,390,-1,390,397,398,-1,390,398,389,-1,389,398,399,-1,389,399,388,-1,388,399,400,-1,388,400,387,-1,
  387,400,401,-1,387,401,386,-1,386,401,402,-1,386,402,385,-1,385,402,403,-1,385,403,384,-1,414,415,413,-1,413,415,416,-1,
  413,416,412,-1,412,416,417,-1,412,417,411,-1,411,417,418,-1,411,418,410,-1,410,418,419,-1,410,419,409,-1,409,419,420,-1,
  409,420,408,-1,408,420,421,-1,408,421,407,-1,407,421,422,-1,407,422,406,-1,406,422,423,-1,406,423,405,-1,405,423,404,-1,
  438,424,431,-1,431,424,425,-1,431,425,430,-1,430,425,426,-1,430,426,429,-1,429,426,427,-1,429,427,428,-1,434,436,433,-1,
  433,436,437,-1,433,437,432,-1,432,437,438,-1,432,438,431,-1,438,439,424,-1,424,439,440,-1,424,440,445,-1,445,440,441,-1,
  445,441,444,-1,444,441,442,-1,444,442,443,-1,455,457,454,-1,454,457,458,-1,454,458,453,-1,453,458,459,-1,453,459,452,-1,
  452,459,460,-1,452,460,451,-1,451,460,461,-1,451,461,450,-1,450,461,462,-1,450,462,449,-1,449,462,463,-1,449,463,448,-1,
  448,463,464,-1,448,464,447,-1,447,464,465,-1,447,465,446,-1,491,492,493,-1,491,493,494,-1,491,494,495,-1,491,495,496,-1,
  491,496,497,-1,491,497,498,-1,491,498,499,-1,491,499,500,-1,491,500,490,-1,500,501,479,-1,500,479,480,-1,500,480,481,-1,
  500,481,482,-1,500,482,483,-1,500,483,484,-1,500,484,485,-1,500,485,486,-1,500,486,487,-1,500,487,488,-1,500,488,489,-1,
  500,489,490,-1,501,502,517,-1,501,517,518,-1,501,518,466,-1,501,466,467,-1,501,467,468,-1,501,468,469,-1,501,469,470,-1,
  501,470,471,-1,501,471,472,-1,501,472,473,-1,501,473,474,-1,501,474,475,-1,501,475,476,-1,501,476,477,-1,501,477,478,-1,
  501,478,479,-1,502,503,515,-1,502,515,516,-1,502,516,517,-1,507,512,506,-1,506,512,513,-1,506,513,505,-1,505,513,514,-1,
  505,514,504,-1,504,514,515,-1,504,515,503,-1,508,509,511,-1,508,511,512,-1,508,512,507,-1,466,518,519,-1,466,519,520,-1,
  466,520,521,-1,466,521,522,-1,532,534,531,-1,531,534,535,-1,531,535,530,-1,530,535,536,-1,530,536,529,-1,529,536,537,-1,
  529,537,528,-1,528,537,538,-1,528,538,527,-1,527,538,539,-1,527,539,526,-1,526,539,540,-1,526,540,525,-1,525,540,541,-1,
  525,541,524,-1,524,541,542,-1,524,542,523,-1,562,543,550,-1,550,543,544,-1,550,544,549,-1,549,544,545,-1,549,545,548,-1,
  548,545,546,-1,548,546,547,-1,562,550,561,-1,561,550,551,-1,561,551,560,-1,560,551,552,-1,560,552,559,-1,559,552,553,-1,
  559,553,558,-1,558,553,554,-1,558,554,555,-1,556,557,558,-1,556,558,555,-1,569,570,566,-1,566,570,571,-1,566,571,565,-1,
  565,571,572,-1,565,572,564,-1,564,572,573,-1,564,573,563,-1,563,573,543,-1,563,543,562,-1,566,567,568,-1,566,568,569,-1,
  594,574,587,-1,587,574,575,-1,587,575,586,-1,586,575,576,-1,586,576,585,-1,585,576,577,-1,585,577,584,-1,584,577,578,-1,
  584,578,583,-1,583,578,579,-1,583,579,582,-1,582,579,580,-1,582,580,581,-1,594,587,593,-1,593,587,588,-1,593,588,592,-1,
  592,588,589,-1,592,589,590,-1,597,599,596,-1,596,599,600,-1,596,600,595,-1,595,600,574,-1,595,574,594,-1,610,612,609,-1,
  609,612,613,-1,609,613,608,-1,608,613,614,-1,608,614,607,-1,607,614,615,-1,607,615,606,-1,606,615,616,-1,606,616,605,-1,
  605,616,617,-1,605,617,604,-1,604,617,618,-1,604,618,603,-1,603,618,619,-1,603,619,602,-1,602,619,620,-1,602,620,601,-1,
  646,666,645,-1,645,666,667,-1,645,667,644,-1,644,667,668,-1,644,668,643,-1,643,668,669,-1,643,669,642,-1,642,669,670,-1,
  642,670,641,-1,666,646,647,-1,666,647,648,-1,666,648,649,-1,666,649,650,-1,666,650,651,-1,666,651,665,-1,656,657,665,-1,
  656,665,651,-1,656,651,652,-1,656,652,653,-1,656,653,654,-1,656,654,655,-1,665,657,664,-1,664,657,658,-1,664,658,663,-1,
  663,658,659,-1,663,659,662,-1,662,659,660,-1,662,660,661,-1,612,610,611,-1,599,597,598,-1,592,590,591,-1,534,532,533,-1,
  511,509,510,-1,457,455,456,-1,436,434,435,-1,395,393,394,-1,375,373,374,-1,355,353,354,-1,632,630,631,-1,335,333,334,-1,
  315,313,314,-1,268,257,258,-1,247,245,246,-1,167,165,166,-1,115,154,155,-1,143,141,142,-1,100,98,99,-1,44,42,43,-1,
  10,8,9,-1]
  normalPerVertex TRUE
  normal DEF NORM_378 Normal { vector [
  0 0 1,0 0 1,
  0 0 1,0 0 1,
  0 0 1,0 0 1,
  0 0 1,0 0 1,
  0 0 1,0 0 1,
  0 0 1,0 0 1,
  0 0 1,0 0 1,
  0 0 1,0 0 1,
  0 0 1,0 0 1,
  0 0 1,0 0 1,
  0 0 1,0 0 1,
  0 0 1,0 0 1,
  0 0 1,0 0 1,
  0 0 1,0 0 1,
  0 0 1,0 0 1,
  0 0 1,0 0 1,
  0 0 1,0 0 1,
  0 0 1,0 0 1,
  0 0 1,0 0 1,
  0 0 1,0 0 1,
  0 0 1,0 0 1,
  0 0 1,0 0 1,
  0 0 1,0 0 1,
  0 0 1,0 0 1,
  0 0 1,0 0 1,
  0 0 1,0 0 1,
  0 0 1,0 0 1,
  0 0 1,0 0 1,
  0 0 1,0 0 1,
  0 0 1,0 0 1,
  0 0 1,0 0 1,
  0 0 1,0 0 1,
  0 0 1,0 0 1,
  0 0 1,0 0 1,
  0 0 1,0 0 1,
  0 0 1,0 0 1,
  0 0 1,0 0 1,
  0 0 1,0 0 1,
  0 0 1,0 0 1,
  0 0 1,0 0 1,
  0 0 1,0 0 1,
  0 0 1,0 0 1,
  0 0 1,0 0 1,
  0 0 1,0 0 1,
  0 0 1,0 0 1,
  0 0 1,0 0 1,
  0 0 1,0 0 1,
  0 0 1,0 0 1,
  0 0 1,0 0 1,
  0 0 1,0 0 1,
  0 0 1,0 0 1,
  0 0 1,0 0 1,
  0 0 1,0 0 1,
  0 0 1,0 0 1,
  0 0 1,0 0 1,
  0 0 1,0 0 1,
  0 0 1,0 0 1,
  0 0 1,0 0 1,
  0 0 1,0 0 1,
  0 0 1,0 0 1,
  0 0 1,0 0 1,
  0 0 1,0 0 1,
  0 0 1,0 0 1,
  0 0 1,0 0 1,
  0 0 1,0 0 1,
  0 0 1,0 0 1,
  0 0 1,0 0 1,
  0 0 1,0 0 1,
  0 0 1,0 0 1,
  0 0 1,0 0 1,
  0 0 1,0 0 1,
  0 0 1,0 0 1,
  0 0 1,0 0 1,
  0 0 1,0 0 1,
  0 0 1,0 0 1,
  0 0 1,0 0 1,
  0 0 1,0 0 1,
  0 0 1,0 0 1,
  0 0 1,0 0 1,
  0 0 1,0 0 1,
  0 0 1,0 0 1,
  0 0 1,0 0 1,
  0 0 1,0 0 1,
  0 0 1,0 0 1,
  0 0 1,0 0 1,
  0 0 1,0 0 1,
  0 0 1,0 0 1,
  0 0 1,0 0 1,
  0 0 1,0 0 1,
  0 0 1,0 0 1,
  0 0 1,0 0 1,
  0 0 1,0 0 1,
  0 0 1,0 0 1,
  0 0 1,0 0 1,
  0 0 1,0 0 1,
  0 0 1,0 0 1,
  0 0 1,0 0 1,
  0 0 1,0 0 1,
  0 0 1,0 0 1,
  0 0 1,0 0 1,
  0 0 1,0 0 1,
  0 0 1,0 0 1,
  0 0 1,0 0 1,
  0 0 1,0 0 1,
  0 0 1,0 0 1,
  0 0 1,0 0 1,
  0 0 1,0 0 1,
  0 0 1,0 0 1,
  0 0 1,0 0 1,
  0 0 1,0 0 1,
  0 0 1,0 0 1,
  0 0 1,0 0 1,
  0 0 1,0 0 1,
  0 0 1,0 0 1,
  0 0 1,0 0 1,
  0 0 1,0 0 1,
  0 0 1,0 0 1,
  0 0 1,0 0 1,
  0 0 1,0 0 1,
  0 0 1,0 0 1,
  0 0 1,0 0 1,
  0 0 1,0 0 1,
  0 0 1,0 0 1,
  0 0 1,0 0 1,
  0 0 1,0 0 1,
  0 0 1,0 0 1,
  0 0 1,0 0 1,
  0 0 1,0 0 1,
  0 0 1,0 0 1,
  0 0 1,0 0 1,
  0 0 1,0 0 1,
  0 0 1,0 0 1,
  0 0 1,0 0 1,
  0 0 1,0 0 1,
  0 0 1,0 0 1,
  0 0 1,0 0 1,
  0 0 1,0 0 1,
  0 0 1,0 0 1,
  0 0 1,0 0 1,
  0 0 1,0 0 1,
  0 0 1,0 0 1,
  0 0 1,0 0 1,
  0 0 1,0 0 1,
  0 0 1,0 0 1,
  0 0 1,0 0 1,
  0 0 1,0 0 1,
  0 0 1,0 0 1,
  0 0 1,0 0 1,
  0 0 1,0 0 1,
  0 0 1,0 0 1,
  0 0 1,0 0 1,
  0 0 1,0 0 1,
  0 0 1,0 0 1,
  0 0 1,0 0 1,
  0 0 1,0 0 1,
  0 0 1,0 0 1,
  0 0 1,0 0 1,
  0 0 1,0 0 1,
  0 0 1,0 0 1,
  0 0 1,0 0 1,
  0 0 1,0 0 1,
  0 0 1,0 0 1,
  0 0 1,0 0 1,
  0 0 1,0 0 1,
  0 0 1,0 0 1,
  0 0 1,0 0 1,
  0 0 1,0 0 1,
  0 0 1,0 0 1,
  0 0 1,0 0 1,
  0 0 1,0 0 1,
  0 0 1,0 0 1,
  0 0 1,0 0 1,
  0 0 1,0 0 1,
  0 0 1,0 0 1,
  0 0 1,0 0 1,
  0 0 1,0 0 1,
  0 0 1,0 0 1,
  0 0 1,0 0 1,
  0 0 1,0 0 1,
  0 0 1,0 0 1,
  0 0 1,0 0 1,
  0 0 1,0 0 1,
  0 0 1,0 0 1,
  0 0 1,0 0 1,
  0 0 1,0 0 1,
  0 0 1,0 0 1,
  0 0 1,0 0 1,
  0 0 1,0 0 1,
  0 0 1,0 0 1,
  0 0 1,0 0 1,
  0 0 1,0 0 1,
  0 0 1,0 0 1,
  0 0 1,0 0 1,
  0 0 1,0 0 1,
  0 0 1,0 0 1,
  0 0 1,0 0 1,
  0 0 1,0 0 1,
  0 0 1,0 0 1,
  0 0 1,0 0 1,
  0 0 1,0 0 1,
  0 0 1,0 0 1,
  0 0 1,0 0 1,
  0 0 1,0 0 1,
  0 0 1,0 0 1,
  0 0 1,0 0 1,
  0 0 1,0 0 1,
  0 0 1,0 0 1,
  0 0 1,0 0 1,
  0 0 1,0 0 1,
  0 0 1,0 0 1,
  0 0 1,0 0 1,
  0 0 1,0 0 1,
  0 0 1,0 0 1,
  0 0 1,0 0 1,
  0 0 1,0 0 1,
  0 0 1,0 0 1,
  0 0 1,0 0 1,
  0 0 1,0 0 1,
  0 0 1,0 0 1,
  0 0 1,0 0 1,
  0 0 1,0 0 1,
  0 0 1,0 0 1,
  0 0 1,0 0 1,
  0 0 1,0 0 1,
  0 0 1,0 0 1,
  0 0 1,0 0 1,
  0 0 1,0 0 1,
  0 0 1,0 0 1,
  0 0 1,0 0 1,
  0 0 1,0 0 1,
  0 0 1,0 0 1,
  0 0 1,0 0 1,
  0 0 1,0 0 1,
  0 0 1,0 0 1,
  0 0 1,0 0 1,
  0 0 1,0 0 1,
  0 0 1,0 0 1,
  0 0 1,0 0 1,
  0 0 1,0 0 1,
  0 0 1,0 0 1,
  0 0 1,0 0 1,
  0 0 1,0 0 1,
  0 0 1,0 0 1,
  0 0 1,0 0 1,
  0 0 1,0 0 1,
  0 0 1,0 0 1,
  0 0 1,0 0 1,
  0 0 1,0 0 1,
  0 0 1,0 0 1,
  0 0 1,0 0 1,
  0 0 1,0 0 1,
  0 0 1,0 0 1,
  0 0 1,0 0 1,
  0 0 1,0 0 1,
  0 0 1,0 0 1,
  0 0 1,0 0 1,
  0 0 1,0 0 1,
  0 0 1,0 0 1,
  0 0 1,0 0 1,
  0 0 1,0 0 1,
  0 0 1,0 0 1,
  0 0 1,0 0 1,
  0 0 1,0 0 1,
  0 0 1,0 0 1,
  0 0 1,0 0 1,
  0 0 1,0 0 1,
  0 0 1,0 0 1,
  0 0 1,0 0 1,
  0 0 1,0 0 1,
  0 0 1,0 0 1,
  0 0 1,0 0 1,
  0 0 1,0 0 1,
  0 0 1,0 0 1,
  0 0 1,0 0 1,
  0 0 1,0 0 1,
  0 0 1,0 0 1,
  0 0 1,0 0 1,
  0 0 1,0 0 1,
  0 0 1,0 0 1,
  0 0 1,0 0 1,
  0 0 1,0 0 1,
  0 0 1,0 0 1,
  0 0 1,0 0 1,
  0 0 1,0 0 1,
  0 0 1,0 0 1,
  0 0 1,0 0 1,
  0 0 1,0 0 1,
  0 0 1,0 0 1,
  0 0 1,0 0 1,
  0 0 1,0 0 1,
  0 0 1,0 0 1,
  0 0 1,0 0 1,
  0 0 1,0 0 1,
  0 0 1,0 0 1,
  0 0 1,0 0 1,
  0 0 1,0 0 1,
  0 0 1,0 0 1,
  0 0 1,0 0 1,
  0 0 1,0 0 1,
  0 0 1,0 0 1,
  0 0 1,0 0 1,
  0 0 1,0 0 1,
  0 0 1,0 0 1,
  0 0 1,0 0 1,
  0 0 1,0 0 1,
  0 0 1,0 0 1,
  0 0 1,0 0 1,
  0 0 1,0 0 1,
  0 0 1,0 0 1,
  0 0 1,0 0 1,
  0 0 1,0 0 1,
  0 0 1,0 0 1,
  0 0 1,0 0 1,
  0 0 1,0 0 1,
  0 0 1,0 0 1,
  0 0 1,0 0 1,
  0 0 1,0 0 1,
  0 0 1,0 0 1,
  0 0 1,0 0 1,
  0 0 1,0 0 1,
  0 0 1,0 0 1,
  0 0 1,0 0 1,
  0 0 1,0 0 1,
  0 0 1,0 0 1,
  0 0 1,0 0 1,
  0 0 1,0 0 1,
  0 0 1,0 0 1,
  0 0 1,0 0 1,
  0 0 1,0 0 1,
  0 0 1,0 0 1,
  0 0 1,0 0 1,
  0 0 1,0 0 1,
  0 0 1,0 0 1,
  0 0 1,0 0 1,
  0 0 1,0 0 1,
  0 0 1] }
}
}
] }
DEF TXFM_38 Transform {
  center 0 0 0
  rotation 0 0 1 0
  scale 1 1 1
  scaleOrientation 0 0 1 0
  translation 0 0 0
 children [
DEF SHAPE_379 Shape {
 appearance DEF APP_24 Appearance {
  material Material {
   ambientIntensity 0.72857141
   diffuseColor 0.96078432 0.96078432 0.96078432
   emissiveColor 0 0 0
   shininess 0.02
   specularColor 0.96470588 0.96470588 0.96470588
   transparency 0
} }
 geometry DEF FACE_379 IndexedFaceSet {
  coord DEF COORD_379 Coordinate { point [
  0.077983858 0.55886181 -0.34448819,0.072105118 0.57305394 -0.34448819,
  0.061242913 0.58391614 -0.34448819,0.047050787 0.58979488 -0.34448819,
  0.03168937 0.58979488 -0.34448819,0.017497244 0.58391614 -0.34448819,
  0.0066350394 0.57305394 -0.34448819,0.00075629921 0.55886181 -0.34448819,
  0 0.5511811 -0.34448819,0 0.039370079 -0.34448819,
  0.00075629921 0.03168937 -0.34448819,0.0066350394 0.017497244 -0.34448819,
  0.017497244 0.0066350394 -0.34448819,0.03168937 0.00075629921 -0.34448819,
  0.039370079 0 -0.34448819,5.9448819 0 -0.34448819,
  5.9525626 0.00075629921 -0.34448819,5.9667547 0.0066350394 -0.34448819,
  5.9776169 0.017497244 -0.34448819,5.9834957 0.03168937 -0.34448819,
  5.984252 0.039370079 -0.34448819,5.984252 2.0472441 -0.34448819,
  5.9834957 2.0549248 -0.34448819,5.9776169 2.0691169 -0.34448819,
  5.9667547 2.0799791 -0.34448819,5.9525626 2.0858579 -0.34448819,
  5.9372012 2.0858579 -0.34448819,5.9230091 2.0799791 -0.34448819,
  5.9121469 2.0691169 -0.34448819,5.9062681 2.0549248 -0.34448819,
  5.9055118 2.0472441 -0.34448819,5.9055118 0.078740157 -0.34448819,
  0.078740157 0.078740157 -0.34448819,0.078740157 0.5511811 -0.34448819,
  5.7472752 3.8265783 -0.34448819,5.7413965 3.8407705 -0.34448819,
  5.7305343 3.8516327 -0.34448819,5.7163421 3.8575114 -0.34448819,
  5.7086614 3.8582677 -0.34448819,0.039370079 3.8582677 -0.34448819,
  0.03168937 3.8575114 -0.34448819,0.017497244 3.8516327 -0.34448819,
  0.0066350394 3.8407705 -0.34448819,0.00075629921 3.8265783 -0.34448819,
  0 3.8188976 -0.34448819,0 1.2992126 -0.34448819,
  0.00075629921 1.2915319 -0.34448819,0.0066350394 1.2773398 -0.34448819,
  0.017497244 1.2664776 -0.34448819,0.03168937 1.2605988 -0.34448819,
  0.047050787 1.2605988 -0.34448819,0.061242913 1.2664776 -0.34448819,
  0.072105118 1.2773398 -0.34448819,0.077983858 1.2915319 -0.34448819,
  0.078740157 1.2992126 -0.34448819,0.078740157 3.7795276 -0.34448819,
  5.7086614 3.7795276 -0.34448819,5.7163421 3.7802839 -0.34448819,
  5.7305343 3.7861626 -0.34448819,5.7413965 3.7970248 -0.34448819,
  5.7472752 3.8112169 -0.34448819] }
 coordIndex [
  33,32,0,-1,0,32,1,-1,1,32,2,-1,2,32,3,-1,3,32,14,-1,14,32,15,-1,15,32,31,-1,16,15,25,-1,
  16,25,17,-1,17,25,24,-1,17,24,18,-1,18,24,23,-1,18,23,19,-1,19,23,22,-1,19,22,20,-1,20,22,21,-1,
  25,15,26,-1,26,15,27,-1,27,15,28,-1,28,15,29,-1,29,15,30,-1,30,15,31,-1,10,8,7,-1,10,7,11,-1,
  11,7,6,-1,11,6,12,-1,12,6,5,-1,12,5,13,-1,13,5,4,-1,13,4,14,-1,14,4,3,-1,56,55,38,-1,
  56,38,57,-1,57,38,37,-1,57,37,58,-1,58,37,36,-1,58,36,59,-1,59,36,35,-1,59,35,60,-1,60,35,34,-1,
  38,55,39,-1,39,55,50,-1,50,55,51,-1,51,55,52,-1,52,55,53,-1,53,55,54,-1,46,44,43,-1,46,43,47,-1,
  47,43,42,-1,47,42,48,-1,48,42,41,-1,48,41,49,-1,49,41,40,-1,49,40,50,-1,50,40,39,-1,44,46,45,-1,
  8,10,9,-1]
  normalPerVertex TRUE
  normal DEF NORM_379 Normal { vector [
  0 0 -1,0 0 -1,
  0 0 -1,0 0 -1,
  0 0 -1,0 0 -1,
  0 0 -1,0 0 -1,
  0 0 -1,0 0 -1,
  0 0 -1,0 0 -1,
  0 0 -1,0 0 -1,
  0 0 -1,0 0 -1,
  0 0 -1,0 0 -1,
  0 0 -1,0 0 -1,
  0 0 -1,0 0 -1,
  0 0 -1,0 0 -1,
  0 0 -1,0 0 -1,
  0 0 -1,0 0 -1,
  0 0 -1,0 0 -1,
  0 0 -1,0 0 -1,
  0 0 -1,0 0 -1,
  0 0 -1,0 0 -1,
  0 0 -1,0 0 -1,
  0 0 -1,0 0 -1,
  0 0 -1,0 0 -1,
  0 0 -1,0 0 -1,
  0 0 -1,0 0 -1,
  0 0 -1,0 0 -1,
  0 0 -1,0 0 -1,
  0 0 -1,0 0 -1,
  0 0 -1,0 0 -1,
  0 0 -1,0 0 -1,
  0 0 -1,0 0 -1,
  0 0 -1,0 0 -1,
  0 0 -1] }
}
}
] }
] }
